Name: CCTV-1, URL: http://php.jdshipin.com/TVOD/iptv.php?id=rthk33, From: subscribe, IPv_Type: ipv6, Location: 美国, ISP: CloudFlare Inc., Date: None, Delay: 0.1 ms, Speed: inf M/s, Resolution: 1920x1080
Name: CCTV-1, URL: http://iptv.huuc.edu.cn/hls/cctv1hd.m3u8, From: subscribe, IPv_Type: ipv6, Location: 中国, ISP: 教育网, Date: None, Delay: 0.1 ms, Speed: inf M/s, Resolution: 1920x1080
Name: CCTV-1, URL: https://www.freetv.top/migu/608807420.m3u8?migutoken=5b04cf0d91179ab2d3d71703f0a8bc3d32dd02f7d8fb55ee70e05c216b8a9d1a73d911fbde798459fb66d94934157c996f8306c0dd37917775f2ed73dcc22cf84b25ca500bff5c636ff48d6344, From: subscribe, IPv_Type: ipv6, Location: 美国-加利福尼亚州-圣克拉拉, ISP: DigitalOcean, Date: None, Delay: 0.1 ms, Speed: inf M/s, Resolution: 1920x1080
Name: CCTV-1, URL: https://smart.pendy.dpdns.org/Smart.php?id=cctv1, From: subscribe, IPv_Type: ipv6, Location: 美国, ISP: CloudFlare Inc., Date: None, Delay: 0.1 ms, Speed: inf M/s, Resolution: 1920x1080
Name: CCTV-1, URL: http://[2409:8087:1:20:20::29]/otttv.bj.chinamobile.com/PLTV/88888888/224/3221226895/1.m3u8?servicetype=1&accountinfo=%7E%7EV2.0%7EI0Rkc6neBYgfpoJ1yud8Fw%7EPepnxHHB2d6Hk2dZWM77MyFlBN5q1KnYLvimM9pqT7Epd7QgO4HFWH0z34SUb2Vs%7EExtInfo9bj61dxzlMXrsixrqcFYPg%3A20240420192714%2C%2C%2C20240420192714%2C%2C10001000275495%2C-1%2C0%2C1%2C-1%2C%2C2%2C2201300%2C%2C%2C2%2C%2C%2CEND&GuardEncType=2, From: subscribe, IPv_Type: ipv6, Location: 中国, ISP: 中国移动, Date: None, Delay: 0.1 ms, Speed: inf M/s, Resolution: 1920x1080
Name: CCTV-1, URL: http://[2409:8087:1a01:df::4077]/ottrrs.hl.chinamobile.com/PLTV/88888888/8/3221226016/index.m3u8, From: subscribe, IPv_Type: ipv6, Location: 中国, ISP: 中国移动, Date: None, Delay: 0.1 ms, Speed: inf M/s, Resolution: 1920x1080
Name: CCTV-1, URL: http://[2409:8087:8:21::18]:6610/otttv.bj.chinamobile.com/PLTV/88888888/224/3221226338/1.m3u8, From: subscribe, IPv_Type: ipv6, Location: 中国, ISP: 中国移动, Date: None, Delay: 0.1 ms, Speed: inf M/s, Resolution: 1920x1080
Name: CCTV-1, URL: http://[2409:8087:1a0a:df::404b]/ottrrs.hl.chinamobile.com/TVOD/88888888/224/3221226559/index.m3u8, From: subscribe, IPv_Type: ipv6, Location: 中国, ISP: 中国移动, Date: None, Delay: 0.1 ms, Speed: inf M/s, Resolution: 1920x1080
Name: CCTV-1, URL: http://[2409:8087:1a01:df::4077]/ottrrs.hl.chinamobile.com/PLTV/88888888/224/3221226016/index.m3u8, From: subscribe, IPv_Type: ipv6, Location: 中国, ISP: 中国移动, Date: None, Delay: -1 ms, Speed: 0.00 M/s, Resolution: None
Name: CCTV-1, URL: https://www.freetv.top/migu/608807420.m3u8?migutoken=7653cf8ec6440c201ccd67dfdbdd9a4c8401078f6b4cef8fc9258c372e1780fa8e3c5de722f5ac2cda4bd2291ccdf287a6caaac860219844ccf49b78b010dec5742f609b951e599c4b873bf8ad, From: subscribe, IPv_Type: ipv6, Location: 美国-加利福尼亚州-圣克拉拉, ISP: DigitalOcean, Date: None, Delay: 0.1 ms, Speed: inf M/s, Resolution: 1920x1080
Name: CCTV-1, URL: https://www.freetv.top/migu/608807420.m3u8?migutoken=d46a7802f5e358560129ef9519cb7db38f9f355847dd255fb5ac47a4bf8e3c6b5b980b45749fb1cb373b654d43a6fc41c66a124ad66ee40a80f07e155334fe6f023993dc3f284f86ab66653797, From: subscribe, IPv_Type: ipv6, Location: 美国-加利福尼亚州-圣克拉拉, ISP: DigitalOcean, Date: None, Delay: 0.1 ms, Speed: inf M/s, Resolution: 1920x1080
Name: CCTV-1, URL: https://www.freetv.top/migu/608807420.m3u8?migutoken=b6a50213ea411edfdeda0e4c7abb5985d6a4f4c3d2f34274d4906fe15400b56f0a5a4ae5fb1d8e0ba25591ea3977d8cc6e1a4faa5a316308a146dfe83d122086fb13709fb6495fea020b068333, From: subscribe, IPv_Type: ipv6, Location: 美国-加利福尼亚州-圣克拉拉, ISP: DigitalOcean, Date: None, Delay: 0.1 ms, Speed: inf M/s, Resolution: 1920x1080
Name: CCTV-1, URL: https://www.freetv.top/migu/608807420.m3u8?migutoken=9674d857d6e43e0789d8ec76bab7cdbe190192db368f8f0e2f8018a3e2a160ee9f9ce8d41030046da2b0373378dd65c74a6af0f9a31b8828027b8367d720ea077aef2f2a08a603b4e16074c6b9, From: subscribe, IPv_Type: ipv6, Location: 美国-加利福尼亚州-圣克拉拉, ISP: DigitalOcean, Date: None, Delay: 0.1 ms, Speed: inf M/s, Resolution: 1920x1080
Name: CCTV-1, URL: https://www.freetv.top/migu/608807420.m3u8?migutoken=b0831136e327a93587e1920b5595d227c66a7f1a6aabb8e7532bc0682db88a37af6a27b88fde476a02c5f83db38f3b3e864bcf981c57f7fed9877095a1e2fac1a149f0f8869c5c1dc147bee7be, From: subscribe, IPv_Type: ipv6, Location: 美国-加利福尼亚州-圣克拉拉, ISP: DigitalOcean, Date: None, Delay: 0.1 ms, Speed: inf M/s, Resolution: 1920x1080
Name: CCTV-1, URL: https://www.freetv.top/migu/608807420.m3u8?migutoken=ba552a2083efcc0e9cac8e15f58b13e090dab068fdb3997d064fd7e6e5f165824a5caaa619f3447f77d75712ad65bd76cb137741f46b0a28cb1afc020328b9b4ec1d3f8e8fed80beb6245b6544, From: subscribe, IPv_Type: ipv6, Location: 美国-加利福尼亚州-圣克拉拉, ISP: DigitalOcean, Date: None, Delay: 0.1 ms, Speed: inf M/s, Resolution: 1920x1080
Name: CCTV-1, URL: https://www.freetv.top/migu/608807420.m3u8?migutoken=16a362b923a43fa0d4ce2aba3ecd88cd5e53be41dc5d15a9d1c9bad7fb665c1a2cee1355de7ca1df5ea56c38b88d68c7837724e9d16f358d73f49a202d62a71f7b2eb754beefe9b46eb9e8ab25, From: subscribe, IPv_Type: ipv6, Location: 美国-加利福尼亚州-圣克拉拉, ISP: DigitalOcean, Date: None, Delay: 0.1 ms, Speed: inf M/s, Resolution: 1920x1080
Name: CCTV-1, URL: http://yc.myds.me:35455/gaoma/cctv1.m3u8, From: subscribe, IPv_Type: ipv6, Location: 中国, ISP: 中国电信, Date: None, Delay: 0.1 ms, Speed: inf M/s, Resolution: 1920x1080
Name: CCTV-1, URL: http://nas.suntao.online:35455/itv/6000000001000029752.m3u8?cdn=wasusyt, From: subscribe, IPv_Type: ipv6, Location: 中国, ISP: 中国联通, Date: None, Delay: 0.1 ms, Speed: inf M/s, Resolution: 1920x1080
Name: CCTV-1, URL: http://iptv.cdn.ha.chinamobile.com/PLTV/88888888/224/3221227262/index.m3u8, From: subscribe, IPv_Type: ipv6, Location: 中国, ISP: 中国移动, Date: None, Delay: 0.1 ms, Speed: inf M/s, Resolution: 1920x1080
Name: CCTV-1, URL: http://hwrr.jx.chinamobile.com:8080/PLTV/88888888/224/3221225618/index.m3u8, From: subscribe, IPv_Type: ipv6, Location: 中国, ISP: 中国移动, Date: None, Delay: 0.1 ms, Speed: inf M/s, Resolution: 1920x1080
Name: CCTV-1, URL: http://hwrr.jx.chinamobile.com:8080/PLTV/88888888/224/3221225642/index.m3u8, From: subscribe, IPv_Type: ipv6, Location: 中国, ISP: 中国移动, Date: None, Delay: 0.1 ms, Speed: inf M/s, Resolution: 1920x1080
Name: CCTV-1, URL: http://hwrr.jx.chinamobile.com:8080/PLTV/88888888/224/3221226221/index.m3u8, From: subscribe, IPv_Type: ipv6, Location: 中国, ISP: 中国移动, Date: None, Delay: 0.1 ms, Speed: inf M/s, Resolution: 1920x1080
Name: CCTV-1, URL: http://hwrr.jx.chinamobile.com:8080/PLTV/88888888/224/3221226225/index.m3u8, From: subscribe, IPv_Type: ipv6, Location: 中国, ISP: 中国移动, Date: None, Delay: 0.1 ms, Speed: inf M/s, Resolution: 1920x1080
Name: CCTV-1, URL: http://lu.wqwqwq.sbs/itv/1000000005000265001.m3u8?cdn=ystenlive, From: subscribe, IPv_Type: ipv6, Location: 美国, ISP: CloudFlare Inc., Date: None, Delay: 0.1 ms, Speed: inf M/s, Resolution: 1920x1080
Name: CCTV-1, URL: http://[2409:8087:5e01:34::21]:6610/ZTE_CMS/00000001000000060000000000000131/index.m3u8?IAS, From: subscribe, IPv_Type: ipv6, Location: 中国, ISP: 中国移动, Date: None, Delay: 0.1 ms, Speed: inf M/s, Resolution: 1920x1080
Name: CCTV-1, URL: http://[2409:8087:5e01:34::22]:6610/ZTE_CMS/00000001000000060000000000000131/index.m3u8?IAS, From: subscribe, IPv_Type: ipv6, Location: 中国, ISP: 中国移动, Date: None, Delay: 0.1 ms, Speed: inf M/s, Resolution: 1920x1080
Name: CCTV-1, URL: http://[2409:8087:5e01:34::23]:6610/ZTE_CMS/00000001000000060000000000000131/index.m3u8?IAS, From: subscribe, IPv_Type: ipv6, Location: 中国, ISP: 中国移动, Date: None, Delay: 0.1 ms, Speed: inf M/s, Resolution: 1920x1080
Name: CCTV-1, URL: http://[2409:8087:5e01:34::20]:6610/ZTE_CMS/00000001000000060000000000000131/index.m3u8?IAS, From: subscribe, IPv_Type: ipv6, Location: 中国, ISP: 中国移动, Date: None, Delay: 0.1 ms, Speed: inf M/s, Resolution: 1920x1080
Name: CCTV-1, URL: http://dbiptv.sn.chinamobile.com/PLTV/88888890/224/3221226231/index.m3u8, From: subscribe, IPv_Type: ipv6, Location: 中国, ISP: 中国移动, Date: None, Delay: 0.1 ms, Speed: inf M/s, Resolution: 1920x1080
Name: CCTV-1, URL: http://php.jdshipin.com:8880/TVOD/iptv.php?id=rthk33, From: subscribe, IPv_Type: ipv6, Location: 美国, ISP: CloudFlare Inc., Date: None, Delay: -1 ms, Speed: 0.00 M/s, Resolution: None
Name: CCTV-1, URL: https://stream1.freetv.fun/rthk33-1.m3u8, From: subscribe, IPv_Type: ipv6, Location: 美国, ISP: CloudFlare Inc., Date: None, Delay: 0.1 ms, Speed: inf M/s, Resolution: 1920x1080
Name: CCTV-1, URL: https://ldncctvwbndhwy.cntv.myhwcdn.cn/ldncctvwbnd/ldcctv1_2/index.m3u8, From: subscribe, IPv_Type: ipv6, Location: 中国, ISP: 中国联通, Date: None, Delay: 0.1 ms, Speed: inf M/s, Resolution: 1920x1080
Name: CCTV-1, URL: https://cdn5.163189.xyz/live/cctv1/stream.m3u8, From: subscribe, IPv_Type: ipv6, Location: 美国, ISP: CloudFlare Inc., Date: None, Delay: 0.1 ms, Speed: inf M/s, Resolution: 1920x1080
Name: CCTV-1, URL: https://www.freetv.top/migu/608807420.m3u8?migutoken=80908303af21bc464e188f7e6e33e325e8ac7cc103c5c0c6353cc836f0908085ba7e93a6689a2d96daf2f163fd9d3732ba71e1288a2e8bb2bf6ed82066df1e6eafbedc4ce9a9f3aa896c0e4cd9, From: subscribe, IPv_Type: ipv6, Location: 美国-加利福尼亚州-圣克拉拉, ISP: DigitalOcean, Date: None, Delay: 0.1 ms, Speed: inf M/s, Resolution: 1920x1080
Name: CCTV-1, URL: https://www.freetv.top/migu/608807420.m3u8?migutoken=2a6c4fb9cc8f7f2e3b74e061cd6015c3fac382e2bed56fc0e7ec642cda0243f33539c8b831a81a788ef263a552c1fc2e83f85c3aca1c5ac20b670cab6b54dd26fb6cfd1adfd5a289207103e06b, From: subscribe, IPv_Type: ipv6, Location: 美国-加利福尼亚州-圣克拉拉, ISP: DigitalOcean, Date: None, Delay: 0.1 ms, Speed: inf M/s, Resolution: 1920x1080
Name: CCTV-1, URL: http://www.freetv.top/migu/608807420.m3u8?migutoken=491f039071b1e5ca7ea22dab208a3373abd0aa38187ac74446778154f03126d09cf16f03bab30bbbe6b3654715b39584417cebbd010b1b65144b4d683dc814c330efffb70a09c7630ddbb49120, From: subscribe, IPv_Type: ipv6, Location: 美国-加利福尼亚州-圣克拉拉, ISP: DigitalOcean, Date: None, Delay: 0.1 ms, Speed: inf M/s, Resolution: 1920x1080
Name: CCTV-1, URL: https://www.freetv.top/migu/608807420.m3u8?migutoken=701afbfc9d2f77d62a9cc2f9479ecde3db6cef36d454660b5d2f0ffb3a1017d0e04c2e19dcbb7c344d80cfb64e43e90dd66c458476898ee612d0e2e9261645fcfc0d32fb90cdf2021d89c4877a, From: subscribe, IPv_Type: ipv6, Location: 美国-加利福尼亚州-圣克拉拉, ISP: DigitalOcean, Date: None, Delay: 0.1 ms, Speed: inf M/s, Resolution: 1920x1080
Name: CCTV-1, URL: https://www.freetv.top/migu/608807420.m3u8?migutoken=616bff0550349c6e67acff477cb46f9414058f2f80a6037f87e37174fab7a88ce43007f82993964b9222c5578037b6435c076ec1a3cd9712bffad24d5fb5293d9665b5fce5f6d1ec1012231552, From: subscribe, IPv_Type: ipv6, Location: 美国-加利福尼亚州-圣克拉拉, ISP: DigitalOcean, Date: None, Delay: 0.1 ms, Speed: inf M/s, Resolution: 1920x1080
Name: CCTV-1, URL: https://www.freetv.top/migu/608807420.m3u8?migutoken=184a95f0cdaaf7c1f3c7b4cd06d432af7234562e68074726eac10898c158cf1eea49819ced71b5e3d2f3ea0023ff71f8062e39a0a92ffd236a2c1ef4a30ca7f3cb03548908d23e6c6d685437e2, From: subscribe, IPv_Type: ipv6, Location: 美国-加利福尼亚州-圣克拉拉, ISP: DigitalOcean, Date: None, Delay: 0.1 ms, Speed: inf M/s, Resolution: 1920x1080
Name: CCTV-1, URL: http://zteres.sn.chinamobile.com:6060/000000001000/5000000004000002226/1.m3u8?channel-id=bestzb&Contentid=5000000004000002226&livemode=1&stbId=3, From: subscribe, IPv_Type: ipv6, Location: 中国, ISP: 中国移动, Date: None, Delay: 0.1 ms, Speed: inf M/s, Resolution: 1920x1080
Name: CCTV-1, URL: http://zteres.sn.chinamobile.com:6060/000000001000/5000000010000030810/1.m3u8?channel-id=bestzb&Contentid=5000000010000030810&livemode=1&stbId=3, From: subscribe, IPv_Type: ipv6, Location: 中国, ISP: 中国移动, Date: None, Delay: 0.1 ms, Speed: inf M/s, Resolution: 1920x1080
Name: CCTV-1, URL: http://[2409:8087:4c0a:22:1::11]:6410/170000001115/UmaiCHAN111128BESTVSMGSMG/index.m3u8?AuthInfo=9kOOdBn7MFF%2F2bWjKgahUU6FFmRK8Hl0ytyd5e5kWGEwoDIwMxbrlyyVy9x6ZDKnldIYKOjBOUjRyoym5n7Kg0yIYstFTUfqtC14fzxhy5Y, From: subscribe, IPv_Type: ipv6, Location: 中国, ISP: 中国移动, Date: None, Delay: 0.1 ms, Speed: inf M/s, Resolution: 1920x1080
Name: CCTV-1, URL: http://[2409:8087:5e00:24::1f]:6060/ZTE_CMS/00000001000000060000000000000131/index.m3u8, From: subscribe, IPv_Type: ipv6, Location: 中国, ISP: 中国移动, Date: None, Delay: 0.1 ms, Speed: inf M/s, Resolution: 1920x1080
Name: CCTV-1, URL: http://[2409:8087:74f0:22::4]:6610/270000001128/9900000501/index.m3u8, From: subscribe, IPv_Type: ipv6, Location: 中国, ISP: 中国移动, Date: None, Delay: 0.1 ms, Speed: inf M/s, Resolution: 1920x1080
Name: CCTV-1, URL: http://[2409:8087:1a01:df::7005]/ottrrs.hl.chinamobile.com/PLTV/88888888/224/3221226559/index.m3u8, From: subscribe, IPv_Type: ipv6, Location: 中国, ISP: 中国移动, Date: None, Delay: 0.1 ms, Speed: inf M/s, Resolution: 1920x1080
Name: CCTV-1, URL: http://[2409:8087:3869:8021:1001::e5]:6610/PLTV/88888910/224/3221225642/index.m3u8, From: subscribe, IPv_Type: ipv6, Location: 中国, ISP: 中国移动, Date: None, Delay: -1 ms, Speed: 0.00 M/s, Resolution: None
Name: CCTV-1, URL: http://[2409:8087:8:21::18]:6610/otttv.bj.chinamobile.com/PLTV/88888888/224/3221226895/1.m3u8, From: subscribe, IPv_Type: ipv6, Location: 中国, ISP: 中国移动, Date: None, Delay: -1 ms, Speed: 0.00 M/s, Resolution: None
Name: CCTV-1, URL: http://rrs01.hw.gmcc.net:8088/PLTV/81/224/3221226737/1.m3u8, From: subscribe, IPv_Type: ipv6, Location: 中国, ISP: 中国移动, Date: None, Delay: -1 ms, Speed: 0.00 M/s, Resolution: None
Name: CCTV-1, URL: http://[2409:8087:8:21::18]:6610/otttv.bj.chinamobile.com/PLTV/88888888/224/3221226230/1.m3u8, From: subscribe, IPv_Type: ipv6, Location: 中国, ISP: 中国移动, Date: None, Delay: -1 ms, Speed: 0.00 M/s, Resolution: None
Name: CCTV-1, URL: http://k.061899.xyz/m.php?id=cctv1, From: subscribe, IPv_Type: ipv6, Location: 新加坡, ISP: Aceville Pte.Ltd., Date: None, Delay: -1 ms, Speed: 0.00 M/s, Resolution: None
Name: CCTV-1, URL: http://[2409:8087:1a15:10d1::36]/ottrrs.hl.chinamobile.com/PLTV/88888888/224/3221226016/index.m3u8, From: subscribe, IPv_Type: ipv6, Location: 中国, ISP: 中国移动, Date: None, Delay: -1 ms, Speed: 0.00 M/s, Resolution: None
Name: CCTV-1, URL: http://[2409:8087:1a15:10d1::34]/ottrrs.hl.chinamobile.com/PLTV/88888888/224/3221226559/index.m3u8, From: subscribe, IPv_Type: ipv6, Location: 中国, ISP: 中国移动, Date: None, Delay: -1 ms, Speed: 0.00 M/s, Resolution: None
Name: CCTV-1, URL: http://[2409:8087:5e00:24::1e]:6060/200000001898/460000089800010011/1.m3u8, From: subscribe, IPv_Type: ipv6, Location: 中国, ISP: 中国移动, Date: None, Delay: -1 ms, Speed: 0.00 M/s, Resolution: None
Name: CCTV-1, URL: http://[2409:8087:5e08:25::16]:6610/200000001898/460000089800010011/1.m3u8, From: subscribe, IPv_Type: ipv6, Location: 中国, ISP: 中国移动, Date: None, Delay: -1 ms, Speed: 0.00 M/s, Resolution: None
Name: CCTV-1, URL: https://migu.188766.xyz/?migutoken=6598d13b64b01bf74fc04c13b92b9cb6&id=CCTV1&pp=1, From: subscribe, IPv_Type: ipv6, Location: 美国, ISP: CloudFlare Inc., Date: None, Delay: -1 ms, Speed: 0.00 M/s, Resolution: None
Name: CCTV-1, URL: https://cc06.tv12.xyz/1.m3u8, From: subscribe, IPv_Type: ipv6, Location: 美国, ISP: CloudFlare Inc., Date: None, Delay: -1 ms, Speed: 0.00 M/s, Resolution: None
Name: CCTV-1, URL: http://gslbmgsplive.miguvideo.com/wd_r2/cctv/cctv1hd/1200/index.m3u8?msisdn=20250919080129dbe47765fb1e4e9f96aedf4ac0b9d442&mdspid=&spid=699004&netType=0&sid=2201057821&pid=2028597139&timestamp=20250919080129&Channel_ID=0116_2600000900-99000-201600010010027&ProgramID=608807420&ParentNodeID=-99&assertID=2201057821&client_ip=106.13.250.88&SecurityKey=20250919080129&promotionId=&mvid=2201057821&mcid=500020&playurlVersion=WX-A1-8.9.1-RELEASE&userid=&jmhm=&videocodec=h264&bean=mgspad&tid=android&conFee=0&puData=0d7903598509441103376191d7786cc5&ddCalcu=50cdec716988007375d91895106974343101, From: subscribe, IPv_Type: ipv6, Location: 中国, ISP: 中国移动, Date: None, Delay: -1 ms, Speed: 0.00 M/s, Resolution: None
Name: CCTV-1, URL: http://zjzcf.synology.me:35455/gaoma/cctv1.m3u8, From: subscribe, IPv_Type: ipv6, Location: 中国, ISP: 中国移动, Date: None, Delay: -1 ms, Speed: 0.00 M/s, Resolution: None
Name: CCTV-1, URL: https://jzb.wwkejishe.top/?id=578, From: subscribe, IPv_Type: ipv6, Location: 美国, ISP: CloudFlare Inc., Date: None, Delay: -1 ms, Speed: 0.00 M/s, Resolution: None
Name: CCTV-1, URL: https://migu.188766.xyz/?migutoken=b31651ab204eb1a3fdaeb9b957af3c63&id=CCTV1&type=yy, From: subscribe, IPv_Type: ipv6, Location: 美国, ISP: CloudFlare Inc., Date: None, Delay: -1 ms, Speed: 0.00 M/s, Resolution: None
Name: CCTV-1, URL: https://hls-gateway.vpstv.net/streams/476879.m3u8, From: subscribe, IPv_Type: ipv6, Location: 美国, ISP: CloudFlare Inc., Date: None, Delay: -1 ms, Speed: 0.00 M/s, Resolution: None
Name: CCTV-1, URL: https://live.chinacert.cftest5.cn/mg/?id=608807420, From: subscribe, IPv_Type: ipv6, Location: 中国, ISP: 中国移动, Date: None, Delay: -1 ms, Speed: 0.00 M/s, Resolution: None
Name: CCTV-1, URL: https://migu.188766.xyz/?migutoken=7205965660bd618f645af50dc38c49ad&id=CCTV1&type=yy, From: subscribe, IPv_Type: ipv6, Location: 美国, ISP: CloudFlare Inc., Date: None, Delay: -1 ms, Speed: 0.00 M/s, Resolution: None
Name: CCTV-1, URL: http://[2409:8087:8:21::18]:6610/otttv.bj.chinamobile.com/PLTV/88888888/224/3221226895/1.m3u8?, From: subscribe, IPv_Type: ipv6, Location: 中国, ISP: 中国移动, Date: None, Delay: -1 ms, Speed: 0.00 M/s, Resolution: None
Name: CCTV-1, URL: https://migu.188766.xyz/?migutoken=7425a7d2ce420f350432dce2a59d6925&id=CCTV1&type=yy, From: subscribe, IPv_Type: ipv6, Location: 美国, ISP: CloudFlare Inc., Date: None, Delay: -1 ms, Speed: 0.00 M/s, Resolution: None
Name: CCTV-1, URL: https://migu.188766.xyz/?migutoken=d272ec000e664fc5930a8b0daa053fee&id=CCTV1&type=yy, From: subscribe, IPv_Type: ipv6, Location: 美国, ISP: CloudFlare Inc., Date: None, Delay: -1 ms, Speed: 0.00 M/s, Resolution: None
Name: CCTV-1, URL: https://migu.188766.xyz/?migutoken=d61051efb63615dec3b379f619bd1c03&id=CCTV1&type=yy, From: subscribe, IPv_Type: ipv6, Location: 美国, ISP: CloudFlare Inc., Date: None, Delay: -1 ms, Speed: 0.00 M/s, Resolution: None
Name: CCTV-1, URL: https://migu.188766.xyz/?migutoken=3cc6fd748b068f267bfc472bf9eb1432&id=CCTV1&type=yy, From: subscribe, IPv_Type: ipv6, Location: 美国, ISP: CloudFlare Inc., Date: None, Delay: -1 ms, Speed: 0.00 M/s, Resolution: None
Name: CCTV-1, URL: https://migu.188766.xyz/?migutoken=6f894c84440a59d9c6d480b1d46d2b59&id=CCTV1&type=yy, From: subscribe, IPv_Type: ipv6, Location: 美国, ISP: CloudFlare Inc., Date: None, Delay: -1 ms, Speed: 0.00 M/s, Resolution: None
Name: CCTV-1, URL: https://migu.188766.xyz/?migutoken=8f49903d01ec8cc34b916271be7922f2&id=CCTV1&type=yy, From: subscribe, IPv_Type: ipv6, Location: 美国, ISP: CloudFlare Inc., Date: None, Delay: -1 ms, Speed: 0.00 M/s, Resolution: None
Name: CCTV-1, URL: https://migu.188766.xyz/?migutoken=e099f316aab75416499e61ef2c1fcce3&id=CCTV1&type=yy, From: subscribe, IPv_Type: ipv6, Location: 美国, ISP: CloudFlare Inc., Date: None, Delay: -1 ms, Speed: 0.00 M/s, Resolution: None
Name: CCTV-1, URL: https://iptv.catvod.com/live.php?id=CCTV1, From: subscribe, IPv_Type: ipv6, Location: 美国, ISP: CloudFlare Inc., Date: None, Delay: -1 ms, Speed: 0.00 M/s, Resolution: None
Name: CCTV-1, URL: https://migu.188766.xyz/?migutoken=30d217538d31cb2315cadd85a3f13137&id=CCTV1&type=yy, From: subscribe, IPv_Type: ipv6, Location: 美国, ISP: CloudFlare Inc., Date: None, Delay: -1 ms, Speed: 0.00 M/s, Resolution: None
Name: CCTV-1, URL: https://iptv.catvod.com/live.php?id=CCTV-1, From: subscribe, IPv_Type: ipv6, Location: 美国, ISP: CloudFlare Inc., Date: None, Delay: -1 ms, Speed: 0.00 M/s, Resolution: None
Name: CCTV-1, URL: https://migu.188766.xyz/?migutoken=d6f906e3a9ed246bf5804de18c7558d3&id=CCTV1&type=yy, From: subscribe, IPv_Type: ipv6, Location: 美国, ISP: CloudFlare Inc., Date: None, Delay: -1 ms, Speed: 0.00 M/s, Resolution: None
Name: CCTV-1, URL: https://migu.188766.xyz/?migutoken=3d4bf8a822d1eb80685e09f05970f5b6&id=CCTV1&type=yy, From: subscribe, IPv_Type: ipv6, Location: 美国, ISP: CloudFlare Inc., Date: None, Delay: -1 ms, Speed: 0.00 M/s, Resolution: None
Name: CCTV-1, URL: https://migu.188766.xyz/?migutoken=197edc287059e21454acaf0b7ef667bd&id=CCTV1&type=yy, From: subscribe, IPv_Type: ipv6, Location: 美国, ISP: CloudFlare Inc., Date: None, Delay: -1 ms, Speed: 0.00 M/s, Resolution: None
Name: CCTV-1, URL: https://migu.188766.xyz/?migutoken=dd54c8b6a1821c7f4ca1255160202558&id=CCTV1&type=yy, From: subscribe, IPv_Type: ipv6, Location: 美国, ISP: CloudFlare Inc., Date: None, Delay: -1 ms, Speed: 0.00 M/s, Resolution: None
Name: CCTV-1, URL: http://gslbmgsplive.miguvideo.com/wd_r2/cctv/cctv1hd/600/index.m3u8?msisdn=20251212080204a3be0ad8402d483aa066c0e21b020d62&mdspid=&spid=699004&netType=0&sid=2201057821&pid=2028597139&timestamp=20251212080204&Channel_ID=0116_2600037000-99000-200300220100002&ProgramID=608807420&ParentNodeID=-99&assertID=2201057821&client_ip=218.28.233.106&SecurityKey=20251212080204&promotionId=&mvid=2201057821&mcid=500020&playurlVersion=ZQ-A1-8.12.1-RELEASE&userid=&jmhm=&videocodec=h264&appCode=miguvideo_android&bean=mgspad&tid=android&conFee=0&puData=27e225af0936f78e5abaf80938167a32&ddCalcu=2237vaea72y62a158a3f900983f6afb7a85e&sv=10004&ct=android, From: subscribe, IPv_Type: ipv6, Location: 中国, ISP: 中国移动, Date: None, Delay: -1 ms, Speed: 0.00 M/s, Resolution: None
Name: CCTV-1, URL: https://migu.188766.xyz/?migutoken=aad6864c326f4bfd7b16cefd4097c870&id=CCTV1&type=yy, From: subscribe, IPv_Type: ipv6, Location: 美国, ISP: CloudFlare Inc., Date: None, Delay: -1 ms, Speed: 0.00 M/s, Resolution: None
Name: CCTV-1, URL: https://migu.188766.xyz/?migutoken=2b9e95d9fcde54b8b33d38b1a07054c5&id=CCTV1&type=yy, From: subscribe, IPv_Type: ipv6, Location: 美国, ISP: CloudFlare Inc., Date: None, Delay: -1 ms, Speed: 0.00 M/s, Resolution: None
Name: CCTV-1, URL: https://migu.188766.xyz/?migutoken=765aaa22f0a43a06a0c6ba3c51ee94c3&id=CCTV1&type=yy, From: subscribe, IPv_Type: ipv6, Location: 美国, ISP: CloudFlare Inc., Date: None, Delay: -1 ms, Speed: 0.00 M/s, Resolution: None
Name: CCTV-1, URL: https://migu.188766.xyz/?migutoken=cda823af96bf9567d4318840e61f3226&id=CCTV1&type=yy, From: subscribe, IPv_Type: ipv6, Location: 美国, ISP: CloudFlare Inc., Date: None, Delay: -1 ms, Speed: 0.00 M/s, Resolution: None
Name: CCTV-1, URL: https://migu.188766.xyz/?migutoken=f6f4cbca43639560e15dcee90bf812b3&id=CCTV1&type=yy, From: subscribe, IPv_Type: ipv6, Location: 美国, ISP: CloudFlare Inc., Date: None, Delay: -1 ms, Speed: 0.00 M/s, Resolution: None
Name: CCTV-1, URL: https://migu.188766.xyz/?migutoken=305fec0678a08572770e9f48ee932d90&id=CCTV1&type=yy, From: subscribe, IPv_Type: ipv6, Location: 美国, ISP: CloudFlare Inc., Date: None, Delay: -1 ms, Speed: 0.00 M/s, Resolution: None
Name: CCTV-1, URL: https://migu.188766.xyz/?migutoken=f4cb2067a7fa0ef87d9e8eb42d18c5d4&id=CCTV1&type=yy, From: subscribe, IPv_Type: ipv6, Location: 美国, ISP: CloudFlare Inc., Date: None, Delay: -1 ms, Speed: 0.00 M/s, Resolution: None
Name: CCTV-1, URL: https://migu.188766.xyz/?migutoken=9835b51582dd7ceadbbe6f7786fc81eb&id=CCTV1&type=yy, From: subscribe, IPv_Type: ipv6, Location: 美国, ISP: CloudFlare Inc., Date: None, Delay: -1 ms, Speed: 0.00 M/s, Resolution: None
Name: CCTV-1, URL: https://migu.188766.xyz/?migutoken=ea00510ce7092447a39c6c1a8a30f447&id=CCTV1&type=yy, From: subscribe, IPv_Type: ipv6, Location: 美国, ISP: CloudFlare Inc., Date: None, Delay: -1 ms, Speed: 0.00 M/s, Resolution: None
Name: CCTV-1, URL: https://migu.188766.xyz/?migutoken=ac67be4cebbcadaddd21f06222eb5cc4&id=CCTV1&type=yy, From: subscribe, IPv_Type: ipv6, Location: 美国, ISP: CloudFlare Inc., Date: None, Delay: -1 ms, Speed: 0.00 M/s, Resolution: None
Name: CCTV-1, URL: https://migu.188766.xyz/?migutoken=b26498583045e38cbcac1244f475cb67&id=CCTV1&type=yy, From: subscribe, IPv_Type: ipv6, Location: 美国, ISP: CloudFlare Inc., Date: None, Delay: -1 ms, Speed: 0.00 M/s, Resolution: None
Name: CCTV-1, URL: https://migu.188766.xyz/?migutoken=684e5d8755dfff091a7fa0f341d03cae&id=CCTV1&type=yy, From: subscribe, IPv_Type: ipv6, Location: 美国, ISP: CloudFlare Inc., Date: None, Delay: -1 ms, Speed: 0.00 M/s, Resolution: None
Name: CCTV-1, URL: https://migu.188766.xyz/?migutoken=f26f6a915e2c9b60722636e99764e3ac&id=CCTV1&type=yy, From: subscribe, IPv_Type: ipv6, Location: 美国, ISP: CloudFlare Inc., Date: None, Delay: -1 ms, Speed: 0.00 M/s, Resolution: None
Name: CCTV-1, URL: https://migu.188766.xyz/?migutoken=6ad1cce6b6613cf0459fe057b4e2d913&id=CCTV1&type=yy, From: subscribe, IPv_Type: ipv6, Location: 美国, ISP: CloudFlare Inc., Date: None, Delay: -1 ms, Speed: 0.00 M/s, Resolution: None
Name: CCTV-1, URL: https://migu.188766.xyz/?migutoken=984914a091dcf1df7ffe92b6f4156353&id=CCTV1&type=yy, From: subscribe, IPv_Type: ipv6, Location: 美国, ISP: CloudFlare Inc., Date: None, Delay: -1 ms, Speed: 0.00 M/s, Resolution: None
Name: CCTV-1, URL: https://migu.188766.xyz/?migutoken=34fceb5aa88f5d05440eaccf157a7faf&id=CCTV1&type=yy, From: subscribe, IPv_Type: ipv6, Location: 美国, ISP: CloudFlare Inc., Date: None, Delay: -1 ms, Speed: 0.00 M/s, Resolution: None
Name: CCTV-1, URL: https://migu.188766.xyz/?migutoken=635166baa1d9fb1720891b8c4e01e1bf&id=CCTV1&type=yy, From: subscribe, IPv_Type: ipv6, Location: 美国, ISP: CloudFlare Inc., Date: None, Delay: -1 ms, Speed: 0.00 M/s, Resolution: None
Name: CCTV-1, URL: https://migu.188766.xyz/?migutoken=12f45bef7af527917f511f5195f230be&id=CCTV1&type=yy, From: subscribe, IPv_Type: ipv6, Location: 美国, ISP: CloudFlare Inc., Date: None, Delay: -1 ms, Speed: 0.00 M/s, Resolution: None
Name: CCTV-1, URL: https://migu.188766.xyz/?migutoken=d91ac2545a1c12b827c53a304a004659&id=CCTV1&type=yy, From: subscribe, IPv_Type: ipv6, Location: 美国, ISP: CloudFlare Inc., Date: None, Delay: -1 ms, Speed: 0.00 M/s, Resolution: None
Name: CCTV-1, URL: https://migu.188766.xyz/?migutoken=62434b336e40addc53f42cd2c96c5c9a&id=CCTV1&type=yy, From: subscribe, IPv_Type: ipv6, Location: 美国, ISP: CloudFlare Inc., Date: None, Delay: -1 ms, Speed: 0.00 M/s, Resolution: None
Name: CCTV-1, URL: https://migu.188766.xyz/?migutoken=107d73cf5ad199b6e6c3cb1e4c7735e7&id=CCTV1&type=yy, From: subscribe, IPv_Type: ipv6, Location: 美国, ISP: CloudFlare Inc., Date: None, Delay: -1 ms, Speed: 0.00 M/s, Resolution: None
Name: CCTV-1, URL: https://migu.188766.xyz/?migutoken=32c5d39642839d14535f63453a09add4&id=CCTV1&type=yy, From: subscribe, IPv_Type: ipv6, Location: 美国, ISP: CloudFlare Inc., Date: None, Delay: -1 ms, Speed: 0.00 M/s, Resolution: None
Name: CCTV-1, URL: https://migu.188766.xyz/?migutoken=bbb15753a21cecc2bcd64f1c5d5293bd&id=CCTV1&type=yy, From: subscribe, IPv_Type: ipv6, Location: 美国, ISP: CloudFlare Inc., Date: None, Delay: -1 ms, Speed: 0.00 M/s, Resolution: None
Name: CCTV-1, URL: https://migu.188766.xyz/?migutoken=f88ac9cd4039e84a018e071e36c16237&id=CCTV1&type=yy, From: subscribe, IPv_Type: ipv6, Location: 美国, ISP: CloudFlare Inc., Date: None, Delay: -1 ms, Speed: 0.00 M/s, Resolution: None
Name: CCTV-1, URL: https://migu.188766.xyz/?migutoken=27395d930ff24bedeb5bfb675f5051ae&id=CCTV1&type=yy, From: subscribe, IPv_Type: ipv6, Location: 美国, ISP: CloudFlare Inc., Date: None, Delay: -1 ms, Speed: 0.00 M/s, Resolution: None
Name: CCTV-1, URL: https://migu.188766.xyz/?migutoken=983e9f11d2c4154ddfba88273264e2c2&id=CCTV1&type=yy, From: subscribe, IPv_Type: ipv6, Location: 美国, ISP: CloudFlare Inc., Date: None, Delay: -1 ms, Speed: 0.00 M/s, Resolution: None
Name: CCTV-1, URL: https://migu.188766.xyz/?migutoken=4371c2719b6bb7ecd2d6902df987d55a&id=CCTV1&type=yy, From: subscribe, IPv_Type: ipv6, Location: 美国, ISP: CloudFlare Inc., Date: None, Delay: -1 ms, Speed: 0.00 M/s, Resolution: None
Name: CCTV-1, URL: https://migu.188766.xyz/?migutoken=6608104cc29a3440bb0acf08be877984&id=CCTV1&type=yy, From: subscribe, IPv_Type: ipv6, Location: 美国, ISP: CloudFlare Inc., Date: None, Delay: -1 ms, Speed: 0.00 M/s, Resolution: None
Name: CCTV-1, URL: https://migu.188766.xyz/?migutoken=380bb918588e69db54983e7d822032cc&id=CCTV1&type=yy, From: subscribe, IPv_Type: ipv6, Location: 美国, ISP: CloudFlare Inc., Date: None, Delay: -1 ms, Speed: 0.00 M/s, Resolution: None
Name: CCTV-1, URL: https://migu.188766.xyz/?migutoken=cbd336b38a0582cfdac44d77a0785e2d&id=CCTV1&type=yy, From: subscribe, IPv_Type: ipv6, Location: 美国, ISP: CloudFlare Inc., Date: None, Delay: -1 ms, Speed: 0.00 M/s, Resolution: None
Name: CCTV-1, URL: https://migu.188766.xyz/?migutoken=33106f7a47c5a7536851c98b3556ad36&id=CCTV1&type=yy, From: subscribe, IPv_Type: ipv6, Location: 美国, ISP: CloudFlare Inc., Date: None, Delay: -1 ms, Speed: 0.00 M/s, Resolution: None
Name: CCTV-1, URL: https://migu.188766.xyz/?migutoken=ccdf3d3b124280cc19793e4ac0ae447e&id=CCTV1&type=yy, From: subscribe, IPv_Type: ipv6, Location: 美国, ISP: CloudFlare Inc., Date: None, Delay: -1 ms, Speed: 0.00 M/s, Resolution: None
Name: CCTV-1, URL: https://migu.188766.xyz/?migutoken=6ab86954018858f618ab5c2eb7cfc859&id=CCTV1&type=yy, From: subscribe, IPv_Type: ipv6, Location: 美国, ISP: CloudFlare Inc., Date: None, Delay: -1 ms, Speed: 0.00 M/s, Resolution: None
Name: CCTV-1, URL: https://migu.188766.xyz/?migutoken=b0f2a4375c7867897e4a0a98a47f549b&id=CCTV1&type=yy, From: subscribe, IPv_Type: ipv6, Location: 美国, ISP: CloudFlare Inc., Date: None, Delay: -1 ms, Speed: 0.00 M/s, Resolution: None
Name: CCTV-1, URL: https://migu.188766.xyz/?migutoken=a2d936346981d82ab170e9a854b270a3&id=CCTV1&type=yy, From: subscribe, IPv_Type: ipv6, Location: 美国, ISP: CloudFlare Inc., Date: None, Delay: -1 ms, Speed: 0.00 M/s, Resolution: None
Name: CCTV-1, URL: https://migu.188766.xyz/?migutoken=85bb138d7a8838e40e7cfe3ca2c3a221&id=CCTV1&type=yy, From: subscribe, IPv_Type: ipv6, Location: 美国, ISP: CloudFlare Inc., Date: None, Delay: -1 ms, Speed: 0.00 M/s, Resolution: None
Name: CCTV-1, URL: https://migu.188766.xyz/?migutoken=58cc7b7da5b4c1d60ba26cff807bdb3a&id=CCTV1&type=yy, From: subscribe, IPv_Type: ipv6, Location: 美国, ISP: CloudFlare Inc., Date: None, Delay: -1 ms, Speed: 0.00 M/s, Resolution: None
Name: CCTV-1, URL: https://migu.188766.xyz/?migutoken=6b72d49b4ffaf354491e7f8294006708&id=CCTV1&type=yy, From: subscribe, IPv_Type: ipv6, Location: 美国, ISP: CloudFlare Inc., Date: None, Delay: -1 ms, Speed: 0.00 M/s, Resolution: None
Name: CCTV-1, URL: https://migu.188766.xyz/?migutoken=6585eea65e3309a16c9e503b71aa963d&id=CCTV1&type=yy, From: subscribe, IPv_Type: ipv6, Location: 美国, ISP: CloudFlare Inc., Date: None, Delay: -1 ms, Speed: 0.00 M/s, Resolution: None
Name: CCTV-1, URL: https://migu.188766.xyz/?migutoken=d44d4edc04221499efbd11adeecdd6f3&id=CCTV1&type=yy, From: subscribe, IPv_Type: ipv6, Location: 美国, ISP: CloudFlare Inc., Date: None, Delay: -1 ms, Speed: 0.00 M/s, Resolution: None
Name: CCTV-1, URL: https://migu.188766.xyz/?migutoken=c2e9d60890d9f23a145fc25b07b3ff31&id=CCTV1&type=yy, From: subscribe, IPv_Type: ipv6, Location: 美国, ISP: CloudFlare Inc., Date: None, Delay: -1 ms, Speed: 0.00 M/s, Resolution: None
Name: CCTV-1, URL: https://migu.188766.xyz/?migutoken=47f47dd31d5a406fee52c83c4b3fce20&id=CCTV1&type=yy, From: subscribe, IPv_Type: ipv6, Location: 美国, ISP: CloudFlare Inc., Date: None, Delay: -1 ms, Speed: 0.00 M/s, Resolution: None
Name: CCTV-1, URL: https://migu.188766.xyz/?migutoken=eb167d0a1fed80564989fe41f907cfa1&id=CCTV1&type=yy, From: subscribe, IPv_Type: ipv6, Location: 美国, ISP: CloudFlare Inc., Date: None, Delay: -1 ms, Speed: 0.00 M/s, Resolution: None
Name: CCTV-1, URL: https://migu.188766.xyz/?migutoken=ced1bffbc566336101ff0637f98a8ff2&id=CCTV1&type=yy, From: subscribe, IPv_Type: ipv6, Location: 美国, ISP: CloudFlare Inc., Date: None, Delay: -1 ms, Speed: 0.00 M/s, Resolution: None
Name: CCTV-1, URL: https://migu.188766.xyz/?migutoken=87d0bfe5e49270e753c3f3ffa07d4abc&id=CCTV1&type=yy, From: subscribe, IPv_Type: ipv6, Location: 美国, ISP: CloudFlare Inc., Date: None, Delay: -1 ms, Speed: 0.00 M/s, Resolution: None
Name: CCTV-1, URL: https://migu.188766.xyz/?migutoken=7af68c61402bba0c19f4d9327c0e0ebf&id=CCTV1&type=yy, From: subscribe, IPv_Type: ipv6, Location: 美国, ISP: CloudFlare Inc., Date: None, Delay: -1 ms, Speed: 0.00 M/s, Resolution: None
Name: CCTV-1, URL: https://migu.188766.xyz/?migutoken=6a91ed6ebbccb57e370e95894c092684&id=CCTV1&type=yy, From: subscribe, IPv_Type: ipv6, Location: 美国, ISP: CloudFlare Inc., Date: None, Delay: -1 ms, Speed: 0.00 M/s, Resolution: None
Name: CCTV-1, URL: https://migu.188766.xyz/?migutoken=cb41f280a790faf2c255b1610a642508&id=CCTV1&type=yy, From: subscribe, IPv_Type: ipv6, Location: 美国, ISP: CloudFlare Inc., Date: None, Delay: -1 ms, Speed: 0.00 M/s, Resolution: None
Name: CCTV-1, URL: https://migu.188766.xyz/?migutoken=88735277ae0bd4d6ffeab053ffef31e4&id=CCTV1&type=yy, From: subscribe, IPv_Type: ipv6, Location: 美国, ISP: CloudFlare Inc., Date: None, Delay: -1 ms, Speed: 0.00 M/s, Resolution: None
Name: CCTV-1, URL: https://migu.188766.xyz/?migutoken=21b8086e25ff6a85ff36eb3317f723a5&id=CCTV1&type=yy, From: subscribe, IPv_Type: ipv6, Location: 美国, ISP: CloudFlare Inc., Date: None, Delay: -1 ms, Speed: 0.00 M/s, Resolution: None
Name: CCTV-1, URL: https://t.freetv.fun/live/cctv1-1.m3u8, From: subscribe, IPv_Type: ipv6, Location: 美国, ISP: CloudFlare Inc., Date: None, Delay: -1 ms, Speed: 0.00 M/s, Resolution: None
Name: CCTV-1, URL: https://migu.188766.xyz/?migutoken=f26813fac5f75091f2837c77184d3f97&id=CCTV1&type=yy, From: subscribe, IPv_Type: ipv6, Location: 美国, ISP: CloudFlare Inc., Date: None, Delay: -1 ms, Speed: 0.00 M/s, Resolution: None
Name: CCTV-1, URL: https://migu.188766.xyz/?migutoken=35d4ef282487f519bb5ac5e655e651fc&id=CCTV1&type=yy, From: subscribe, IPv_Type: ipv6, Location: 美国, ISP: CloudFlare Inc., Date: None, Delay: -1 ms, Speed: 0.00 M/s, Resolution: None
Name: CCTV-1, URL: https://migu.188766.xyz/?migutoken=7b2001ecd6bd5af7ce689c80a08b2b75&id=CCTV1&type=yy, From: subscribe, IPv_Type: ipv6, Location: 美国, ISP: CloudFlare Inc., Date: None, Delay: -1 ms, Speed: 0.00 M/s, Resolution: None
Name: CCTV-1, URL: http://pull-hs-f5.flive.douyincdn.com/media/stream-407016150428549804/index.m3u8?arch_hrchy=w1&exp_hrchy=w1&expire=1770677034&major_anchor_level=common&sign=d5431678f90e8ea341292c0a3d67848a&t_id=037-202602030643530D45A69759B7F235C141-vAzOuL&volcSecret=d5431678f90e8ea341292c0a3d67848a&volcTime=1770677034, From: subscribe, IPv_Type: ipv6, Location: 美国, ISP: , Date: None, Delay: -1 ms, Speed: 0.00 M/s, Resolution: None
Name: CCTV-1, URL: https://migu.188766.xyz/?migutoken=59a3eeabe92b5ffb54c70707848b41ed&id=CCTV1&type=yy, From: subscribe, IPv_Type: ipv6, Location: 美国, ISP: CloudFlare Inc., Date: None, Delay: -1 ms, Speed: 0.00 M/s, Resolution: None
Name: CCTV-1, URL: http://pull-hs-f5.flive.douyincdn.com/media/stream-407021867836113580/index.m3u8?arch_hrchy=w1&exp_hrchy=w1&expire=1770763405&major_anchor_level=common&sign=c4dc7e4234218d257b338d35f9d355b0&t_id=037-20260204064325B608CC16A9A9C68CBC94-n4HUzp&volcSecret=c4dc7e4234218d257b338d35f9d355b0&volcTime=1770763405, From: subscribe, IPv_Type: ipv6, Location: 美国, ISP: , Date: None, Delay: -1 ms, Speed: 0.00 M/s, Resolution: None
Name: CCTV-1, URL: https://migu.188766.xyz/?migutoken=2249a6da5da69bd3114d4ffafe61ab5e&id=CCTV1&type=yy, From: subscribe, IPv_Type: ipv6, Location: 美国, ISP: CloudFlare Inc., Date: None, Delay: -1 ms, Speed: 0.00 M/s, Resolution: None
Name: CCTV-1, URL: https://migu.188766.xyz/?migutoken=cb2169e23d529d18573f906c867d447a&id=CCTV1&type=yy, From: subscribe, IPv_Type: ipv6, Location: 美国, ISP: CloudFlare Inc., Date: None, Delay: -1 ms, Speed: 0.00 M/s, Resolution: None
Name: CCTV-1, URL: https://migu.188766.xyz/?migutoken=3a6ecfd49b998fbcf5c4c1a932196281&id=CCTV1&type=yy, From: subscribe, IPv_Type: ipv6, Location: 美国, ISP: CloudFlare Inc., Date: None, Delay: -1 ms, Speed: 0.00 M/s, Resolution: None
Name: CCTV-1, URL: https://migu.188766.xyz/?migutoken=8961ff8db28d44185bbc469363050e43&id=CCTV1&type=yy, From: subscribe, IPv_Type: ipv6, Location: 美国, ISP: CloudFlare Inc., Date: None, Delay: -1 ms, Speed: 0.00 M/s, Resolution: None
Name: CCTV-1, URL: https://migu.188766.xyz/?migutoken=3c1923f7bd54d01d9458aa6063df62ef&id=CCTV1&type=yy, From: subscribe, IPv_Type: ipv6, Location: 美国, ISP: CloudFlare Inc., Date: None, Delay: -1 ms, Speed: 0.00 M/s, Resolution: None
Name: CCTV-1, URL: https://migu.188766.xyz/?migutoken=90927612f35aee238c464bde6e089170&id=CCTV1&type=yy, From: subscribe, IPv_Type: ipv6, Location: 美国, ISP: CloudFlare Inc., Date: None, Delay: -1 ms, Speed: 0.00 M/s, Resolution: None
Name: CCTV-1, URL: https://migu.188766.xyz/?migutoken=b6884b5a66dd670acbbfb9462b9d0fae&id=CCTV1&type=yy, From: subscribe, IPv_Type: ipv6, Location: 美国, ISP: CloudFlare Inc., Date: None, Delay: -1 ms, Speed: 0.00 M/s, Resolution: None
Name: CCTV-1, URL: https://migu.188766.xyz/?migutoken=e1105c55d6deb448151435204c6869a9&id=CCTV1&type=yy, From: subscribe, IPv_Type: ipv6, Location: 美国, ISP: CloudFlare Inc., Date: None, Delay: -1 ms, Speed: 0.00 M/s, Resolution: None
Name: CCTV-1, URL: https://migu.188766.xyz/?migutoken=bf6b05315a005083fa585708d7a1d294&id=CCTV1&type=yy, From: subscribe, IPv_Type: ipv6, Location: 美国, ISP: CloudFlare Inc., Date: None, Delay: -1 ms, Speed: 0.00 M/s, Resolution: None
Name: CCTV-1, URL: https://migu.188766.xyz/?migutoken=1d76d8156ae5f2651de5cb91596408fa&id=CCTV1&type=yy, From: subscribe, IPv_Type: ipv6, Location: 美国, ISP: CloudFlare Inc., Date: None, Delay: -1 ms, Speed: 0.00 M/s, Resolution: None
Name: CCTV-1, URL: https://migu.188766.xyz/?migutoken=0312a1e6a465e07fe779a6186af75c6d&id=CCTV1&type=yy, From: subscribe, IPv_Type: ipv6, Location: 美国, ISP: CloudFlare Inc., Date: None, Delay: -1 ms, Speed: 0.00 M/s, Resolution: None
Name: CCTV-1, URL: http://mgsp-yx2.live.miguvideo.com:8088/migu/kailu/cctv1hd265/51/20191230/index.m3u8?msisdn=e55e9ee71b42d2d7008a152c069625e3&mdspid=&spid=699004&netType=0&sid=2201057821&pid=2028597139&timestamp=20260215080203&Channel_ID=0116_2600034600-99000-201600010010028&ProgramID=608807420&ParentNodeID=-99&assertID=2201057821&client_ip=218.28.233.106&SecurityKey=20260215080203&promotionId=&mvid=2201057821&mcid=500020&playurlVersion=WX-A1-9.2.1-RELEASE&userid=&jmhm=&videocodec=h265&appCode=miguvideo_android&bean=mgspad&tid=android&conFee=0&encrypt=3b7501c58296bc22cb351563b3d0c00f&sv=10004&ct=android, From: subscribe, IPv_Type: ipv6, Location: 中国, ISP: 中国电信, Date: None, Delay: -1 ms, Speed: 0.00 M/s, Resolution: None
Name: CCTV-1, URL: https://migu.188766.xyz/?migutoken=c35a0c986a76da8f9c90fb605970a4b7&id=CCTV1&type=yy, From: subscribe, IPv_Type: ipv6, Location: 美国, ISP: CloudFlare Inc., Date: None, Delay: -1 ms, Speed: 0.00 M/s, Resolution: None
Name: CCTV-1, URL: https://migu.188766.xyz/?migutoken=e140ee8063e966273108b05a5b41a913&id=CCTV1&type=yy, From: subscribe, IPv_Type: ipv6, Location: 美国, ISP: CloudFlare Inc., Date: None, Delay: -1 ms, Speed: 0.00 M/s, Resolution: None
Name: CCTV-1, URL: http://mgsp-zy2.live.miguvideo.com:8088/migu/kailu/cctv1hd265/51/20191230/index.m3u8?msisdn=e55e9ee71b42d2d7008a152c069625e3&mdspid=&spid=699004&netType=0&sid=2201057821&pid=2028597139&timestamp=20260217083834&Channel_ID=0116_2600034600-99000-201600010010028&ProgramID=608807420&ParentNodeID=-99&assertID=2201057821&client_ip=218.28.233.106&SecurityKey=20260217083834&promotionId=&mvid=2201057821&mcid=500020&playurlVersion=WX-A1-9.2.1-RELEASE&userid=&jmhm=&videocodec=h265&appCode=miguvideo_android&bean=mgspad&tid=android&conFee=0&encrypt=7d1fe5cc6b8672ec104b08f8cf407ddf&sv=10004&ct=android, From: subscribe, IPv_Type: ipv6, Location: 中国, ISP: 中国电信, Date: None, Delay: -1 ms, Speed: 0.00 M/s, Resolution: None
Name: CCTV-1, URL: https://migu.188766.xyz/?migutoken=b85a7467ac82fd5bcb1810467e0e8e77&id=CCTV1&type=yy, From: subscribe, IPv_Type: ipv6, Location: 美国, ISP: CloudFlare Inc., Date: None, Delay: -1 ms, Speed: 0.00 M/s, Resolution: None
Name: CCTV-1, URL: http://38.75.136.137:98/gslb/dsdqbv/cctv1hd.m3u8?auth=test20251009, From: subscribe, IPv_Type: ipv4, Location: 美国-伊利诺伊州-库克, ISP: Cogent, Date: None, Delay: 1247 ms, Speed: 3.64 M/s, Resolution: 1920x1080
Name: CCTV-2, URL: http://php.jdshipin.com/TVOD/hljyd.php?id=3221225588, From: subscribe, IPv_Type: ipv6, Location: 美国, ISP: CloudFlare Inc., Date: None, Delay: 0.1 ms, Speed: inf M/s, Resolution: 1920x1080
Name: CCTV-2, URL: http://goo.bkpcp.top/mg/CCTV2, From: subscribe, IPv_Type: ipv6, Location: 美国, ISP: CloudFlare Inc., Date: None, Delay: 0.1 ms, Speed: inf M/s, Resolution: 1920x1080
Name: CCTV-2, URL: http://iptv.huuc.edu.cn/hls/cctv2hd.m3u8, From: subscribe, IPv_Type: ipv6, Location: 中国, ISP: 教育网, Date: None, Delay: 0.1 ms, Speed: inf M/s, Resolution: 1920x1080
Name: CCTV-2, URL: https://smart.pendy.dpdns.org/Smart.php?id=cctv2, From: subscribe, IPv_Type: ipv6, Location: 美国, ISP: CloudFlare Inc., Date: None, Delay: 0.1 ms, Speed: inf M/s, Resolution: 1920x1080
Name: CCTV-2, URL: http://[2409:8087:1a01:df::4077]/ottrrs.hl.chinamobile.com/PLTV/88888888/8/3221225588/index.m3u8, From: subscribe, IPv_Type: ipv6, Location: 中国, ISP: 中国移动, Date: None, Delay: 0.1 ms, Speed: inf M/s, Resolution: 1920x1080
Name: CCTV-2, URL: http://[2409:8087:1a01:df::406f]:80/wh7f454c46tw1241164675_1575082505/ottrrs.hl.chinamobile.com/PLTV/88888888/224/3221226540/index.m3u8?icpid=88888888&RTS=1713968070&from=4&hms_devid=692&prioritypopid=4&online=1713968070&vqe=3, From: subscribe, IPv_Type: ipv6, Location: 中国, ISP: 中国移动, Date: None, Delay: 0.1 ms, Speed: inf M/s, Resolution: 1920x1080
Name: CCTV-2, URL: http://[2409:8087:1a01:df::4077]:80/ottrrs.hl.chinamobile.com/PLTV/88888888/8/3221225588/index.m3u8, From: subscribe, IPv_Type: ipv6, Location: 中国, ISP: 中国移动, Date: None, Delay: 0.1 ms, Speed: inf M/s, Resolution: 1920x1080
Name: CCTV-2, URL: http://[2409:8087:8:21::18]:6610/otttv.bj.chinamobile.com/PLTV/88888888/224/3221226230/1.m3u8, From: subscribe, IPv_Type: ipv6, Location: 中国, ISP: 中国移动, Date: None, Delay: 0.1 ms, Speed: inf M/s, Resolution: 1920x1080
Name: CCTV-2, URL: http://[2409:8087:8:21::18]:6610/otttv.bj.chinamobile.com/PLTV/88888888/224/3221226371/1.m3u8, From: subscribe, IPv_Type: ipv6, Location: 中国, ISP: 中国移动, Date: None, Delay: 0.1 ms, Speed: inf M/s, Resolution: 1920x1080
Name: CCTV-2, URL: http://[2409:8087:8:21::18]:6610/otttv.bj.chinamobile.com/PLTV/88888888/224/3221226457/1.m3u8, From: subscribe, IPv_Type: ipv6, Location: 中国, ISP: 中国移动, Date: None, Delay: 0.1 ms, Speed: inf M/s, Resolution: 1920x1080
Name: CCTV-2, URL: http://[2409:8087:8:21::18]:6610/otttv.bj.chinamobile.com/PLTV/88888888/224/3221226472/1.m3u8, From: subscribe, IPv_Type: ipv6, Location: 中国, ISP: 中国移动, Date: None, Delay: 0.1 ms, Speed: inf M/s, Resolution: 1920x1080
Name: CCTV-2, URL: http://[2409:8087:1a0a:df::404b]/ottrrs.hl.chinamobile.com/TVOD/88888888/224/3221225588/index.m3u8, From: subscribe, IPv_Type: ipv6, Location: 中国, ISP: 中国移动, Date: None, Delay: 0.1 ms, Speed: inf M/s, Resolution: 1920x1080
Name: CCTV-2, URL: http://ottrrs.hl.chinamobile.com/TVOD/88888888/224/3221226540/index.m3u8, From: subscribe, IPv_Type: ipv6, Location: 中国, ISP: 中国移动, Date: None, Delay: 0.1 ms, Speed: inf M/s, Resolution: 1920x1080
Name: CCTV-2, URL: http://yc.myds.me:35455/gaoma/cctv2.m3u8, From: subscribe, IPv_Type: ipv6, Location: 中国, ISP: 中国电信, Date: None, Delay: 0.1 ms, Speed: inf M/s, Resolution: 1920x1080
Name: CCTV-2, URL: http://iptv.cdn.ha.chinamobile.com/PLTV/88888888/224/3221227165/index.m3u8, From: subscribe, IPv_Type: ipv6, Location: 中国, ISP: 中国移动, Date: None, Delay: 0.1 ms, Speed: inf M/s, Resolution: 1920x1080
Name: CCTV-2, URL: http://hwrr.jx.chinamobile.com:8080/PLTV/88888888/224/3221225619/index.m3u8, From: subscribe, IPv_Type: ipv6, Location: 中国, ISP: 中国移动, Date: None, Delay: 0.1 ms, Speed: inf M/s, Resolution: 1920x1080
Name: CCTV-2, URL: https://stream1.freetv.fun/ba9e1b54699bd8845523bfe5d450638180bbffdd91cc8d68b76d67d72f896887.m3u8, From: subscribe, IPv_Type: ipv6, Location: 美国, ISP: CloudFlare Inc., Date: None, Delay: 0.1 ms, Speed: inf M/s, Resolution: 1920x1080
Name: CCTV-2, URL: https://stream1.freetv.fun/ada063c76ea9d561f08284d973fd7ef10fabf4ed18f2af169cdddd85a4b51113.m3u8, From: subscribe, IPv_Type: ipv6, Location: 美国, ISP: CloudFlare Inc., Date: None, Delay: 0.1 ms, Speed: inf M/s, Resolution: 1920x1080
Name: CCTV-2, URL: https://stream1.freetv.fun/5b91bacf9e196bd7d369f942cd14828d8466b040dd9f56744c5d5716f974fb90.m3u8, From: subscribe, IPv_Type: ipv6, Location: 美国, ISP: CloudFlare Inc., Date: None, Delay: 0.1 ms, Speed: inf M/s, Resolution: 1920x1080
Name: CCTV-2, URL: https://stream1.freetv.fun/062b52551baba0561e20bdc1f671de7f92ea1e7b432e5ac00ff8934a33e73779.m3u8, From: subscribe, IPv_Type: ipv6, Location: 美国, ISP: CloudFlare Inc., Date: None, Delay: 0.1 ms, Speed: inf M/s, Resolution: 1920x1080
Name: CCTV-2, URL: https://stream1.freetv.fun/8752f27902ce732a38212d0a9174e306b4ade352c88ab65ba1f59d23a0938c2f.m3u8, From: subscribe, IPv_Type: ipv6, Location: 美国, ISP: CloudFlare Inc., Date: None, Delay: 0.1 ms, Speed: inf M/s, Resolution: 1920x1080
Name: CCTV-2, URL: https://stream1.freetv.fun/e1d163d9eb7d373206ad477bb07cc5820cea80edf9bb02289d9eb7d641f9e071.m3u8, From: subscribe, IPv_Type: ipv6, Location: 美国, ISP: CloudFlare Inc., Date: None, Delay: 0.1 ms, Speed: inf M/s, Resolution: 1920x1080
Name: CCTV-2, URL: https://stream1.freetv.fun/68809609406abd57c725f3f7b967a186f14dbd28fb55a5ffffe71d769aa06954.m3u8, From: subscribe, IPv_Type: ipv6, Location: 美国, ISP: CloudFlare Inc., Date: None, Delay: 0.1 ms, Speed: inf M/s, Resolution: 1920x1080
Name: CCTV-2, URL: https://stream1.freetv.fun/13d0211c9d0e6ac956f262af910b0509c7565f9f7f3f5a674a33d40b534a7cc1.m3u8, From: subscribe, IPv_Type: ipv6, Location: 美国, ISP: CloudFlare Inc., Date: None, Delay: 0.1 ms, Speed: inf M/s, Resolution: 1920x1080
Name: CCTV-2, URL: https://stream1.freetv.fun/8a900bfee2c4c2a59e04380dbfec553120369718ab7b0d63f2f5361b99ffc41a.m3u8, From: subscribe, IPv_Type: ipv6, Location: 美国, ISP: CloudFlare Inc., Date: None, Delay: 0.1 ms, Speed: inf M/s, Resolution: 1920x1080
Name: CCTV-2, URL: https://stream1.freetv.fun/168b88ec9bef56433abeed33488f73f6971f2d5667506068ef7c2ebcff851ff2.m3u8, From: subscribe, IPv_Type: ipv6, Location: 美国, ISP: CloudFlare Inc., Date: None, Delay: 0.1 ms, Speed: inf M/s, Resolution: 1920x1080
Name: CCTV-2, URL: https://stream1.freetv.fun/ddc1240d9cafb3571f6af0ae89031e56412c7501e12876ce26bad8ddfe7a2f52.m3u8, From: subscribe, IPv_Type: ipv6, Location: 美国, ISP: CloudFlare Inc., Date: None, Delay: 0.1 ms, Speed: inf M/s, Resolution: 1920x1080
Name: CCTV-2, URL: https://stream1.freetv.fun/04e7a6d2777bc5b2b3b202cdb62f5c799bee9ac7a21b3d5bab08c64006f0433e.m3u8, From: subscribe, IPv_Type: ipv6, Location: 美国, ISP: CloudFlare Inc., Date: None, Delay: 0.1 ms, Speed: inf M/s, Resolution: 1920x1080
Name: CCTV-2, URL: https://stream1.freetv.fun/740facfce5eb3652083f1f23ac2a7aba7a7899446cf8f9a8ba57499f8e725dbd.m3u8, From: subscribe, IPv_Type: ipv6, Location: 美国, ISP: CloudFlare Inc., Date: None, Delay: 0.1 ms, Speed: inf M/s, Resolution: 1920x1080
Name: CCTV-2, URL: https://stream1.freetv.fun/b2e1a9fc03f611173df519b2d54494eab6e2c9feafe182713f96c77e5677982e.m3u8, From: subscribe, IPv_Type: ipv6, Location: 美国, ISP: CloudFlare Inc., Date: None, Delay: 0.1 ms, Speed: inf M/s, Resolution: 1920x1080
Name: CCTV-2, URL: https://stream1.freetv.fun/d6c1a851f2f79d30809b9559aadfaf6c70046913a43b61cda0b653a877209d0e.m3u8, From: subscribe, IPv_Type: ipv6, Location: 美国, ISP: CloudFlare Inc., Date: None, Delay: 0.1 ms, Speed: inf M/s, Resolution: 1920x1080
Name: CCTV-2, URL: https://stream1.freetv.fun/2396be1ac936b1b7a08d5b984d952a31c85f0d8e856b2615b4d8990e14076753.m3u8, From: subscribe, IPv_Type: ipv6, Location: 美国, ISP: CloudFlare Inc., Date: None, Delay: 0.1 ms, Speed: inf M/s, Resolution: 1920x1080
Name: CCTV-2, URL: https://stream1.freetv.fun/c63e00b6f6e11db0e25eba94d5c4c63b4af30261838b8c91652553fb0f8e7b8a.m3u8, From: subscribe, IPv_Type: ipv6, Location: 美国, ISP: CloudFlare Inc., Date: None, Delay: 0.1 ms, Speed: inf M/s, Resolution: 1920x1080
Name: CCTV-2, URL: https://stream1.freetv.fun/0c2d56a09c4103a4bd2a0b1fce3daaafa5402ea91fb9166faa2489ce5c440506.m3u8, From: subscribe, IPv_Type: ipv6, Location: 美国, ISP: CloudFlare Inc., Date: None, Delay: 0.1 ms, Speed: inf M/s, Resolution: 1920x1080
Name: CCTV-2, URL: https://stream1.freetv.fun/c211dc7c7e361326eeb316f377006a6121762f74c3888cffce2ca82411c5d284.m3u8, From: subscribe, IPv_Type: ipv6, Location: 美国, ISP: CloudFlare Inc., Date: None, Delay: 0.1 ms, Speed: inf M/s, Resolution: 1920x1080
Name: CCTV-2, URL: https://stream1.freetv.fun/56b3862915fdf5bcf640fee36fc169e6e6e9ca9a44663406cc3ec70d5f278145.m3u8, From: subscribe, IPv_Type: ipv6, Location: 美国, ISP: CloudFlare Inc., Date: None, Delay: 0.1 ms, Speed: inf M/s, Resolution: 1920x1080
Name: CCTV-2, URL: https://stream1.freetv.fun/e1dc96915d2db9becf6a22f88cfa287e3b2b9a510649ba8c989e7609059fd20b.m3u8, From: subscribe, IPv_Type: ipv6, Location: 美国, ISP: CloudFlare Inc., Date: None, Delay: 0.1 ms, Speed: inf M/s, Resolution: 1920x1080
Name: CCTV-2, URL: https://stream1.freetv.fun/8d9a2d76a0d819bf594bd8698a0ceadca5d3ac2b1b44321ab0cc534ebd1c4cd6.m3u8, From: subscribe, IPv_Type: ipv6, Location: 美国, ISP: CloudFlare Inc., Date: None, Delay: 0.1 ms, Speed: inf M/s, Resolution: 1920x1080
Name: CCTV-2, URL: http://hwrr.jx.chinamobile.com:8080/PLTV/88888888/224/3221225643/index.m3u8, From: subscribe, IPv_Type: ipv6, Location: 中国, ISP: 中国移动, Date: None, Delay: 0.1 ms, Speed: inf M/s, Resolution: 1920x1080
Name: CCTV-2, URL: http://lu.wqwqwq.sbs/itv/1000000001000023315.m3u8?cdn=ystenlive, From: subscribe, IPv_Type: ipv6, Location: 美国, ISP: CloudFlare Inc., Date: None, Delay: 0.1 ms, Speed: inf M/s, Resolution: 1920x1080
Name: CCTV-2, URL: https://www.freetv.top/migu/631780532.m3u8?migutoken=9bacb748dc772b1cfcddf6e6373e3319c6d82105f221862932e3b30a6dc4843c93ace2108ab1d598c2d89ef8eb4225888737ce5895be20612ea7753d025151b9a913bd6fc98ff7666da5979f1d, From: subscribe, IPv_Type: ipv6, Location: 美国-加利福尼亚州-圣克拉拉, ISP: DigitalOcean, Date: None, Delay: 0.1 ms, Speed: inf M/s, Resolution: 1920x1080
Name: CCTV-2, URL: https://www.freetv.top/migu/631780532.m3u8?migutoken=6c76ed4394c8c43f88aac34dab811cbf99f0534dd0deb2fa6a2515925b7e3485de13876836fa6823e42f5c7304cfe44911416d7ad0312b8fbf012adfe4f735fd37abdd31a3b3e6f645512cd090, From: subscribe, IPv_Type: ipv6, Location: 美国-加利福尼亚州-圣克拉拉, ISP: DigitalOcean, Date: None, Delay: 0.1 ms, Speed: inf M/s, Resolution: 1920x1080
Name: CCTV-2, URL: https://www.freetv.top/migu/631780532.m3u8?migutoken=3817ca50a762ff83bc8d334da331289af793521d8bb2de106288e3c7bfbd4f400da7b7a0d45e8e5f3908edbe997bc97435737ae08ccac404064b7de1ad9dd844f73147aa85407e91748754eaff, From: subscribe, IPv_Type: ipv6, Location: 美国-加利福尼亚州-圣克拉拉, ISP: DigitalOcean, Date: None, Delay: 0.1 ms, Speed: inf M/s, Resolution: 1920x1080
Name: CCTV-2, URL: https://www.freetv.top/migu/631780532.m3u8?migutoken=bc1f11ad864868ebb56019151a09f0ade9d629390f012e89ad2c31cb551231423b6a35211bf66f1795cc6720a373c8637c1f0f6cff1e4f7cd112708179659abf6a2f71d1d9a8acc83d311b83ff, From: subscribe, IPv_Type: ipv6, Location: 美国-加利福尼亚州-圣克拉拉, ISP: DigitalOcean, Date: None, Delay: 0.1 ms, Speed: inf M/s, Resolution: 1920x1080
Name: CCTV-2, URL: http://[2409:8087:5e01:34::22]:6610/ZTE_CMS/00000001000000060000000000000372/index.m3u8?IAS, From: subscribe, IPv_Type: ipv6, Location: 中国, ISP: 中国移动, Date: None, Delay: 0.1 ms, Speed: inf M/s, Resolution: 1920x1080
Name: CCTV-2, URL: http://[2409:8087:5e00:24::1f]:6060/ZTE_CMS/00000001000000060000000000000372/index.m3u8, From: subscribe, IPv_Type: ipv6, Location: 中国, ISP: 中国移动, Date: None, Delay: 0.1 ms, Speed: inf M/s, Resolution: 1920x1080
Name: CCTV-2, URL: http://[2409:8087:1a01:df::7005]/ottrrs.hl.chinamobile.com/PLTV/88888888/224/3221226540/index.m3u8, From: subscribe, IPv_Type: ipv6, Location: 中国, ISP: 中国移动, Date: None, Delay: 0.1 ms, Speed: inf M/s, Resolution: 1920x1080
Name: CCTV-2, URL: http://[2409:8087:5e01:34::20]:6610/ZTE_CMS/00000001000000060000000000000372/index.m3u8?IAS, From: subscribe, IPv_Type: ipv6, Location: 中国, ISP: 中国移动, Date: None, Delay: 0.1 ms, Speed: inf M/s, Resolution: 1920x1080
Name: CCTV-2, URL: http://[2409:8087:5e01:34::21]:6610/ZTE_CMS/00000001000000060000000000000372/index.m3u8?IAS, From: subscribe, IPv_Type: ipv6, Location: 中国, ISP: 中国移动, Date: None, Delay: 0.1 ms, Speed: inf M/s, Resolution: 1920x1080
Name: CCTV-2, URL: http://[2409:8087:5e01:34::23]:6610/ZTE_CMS/00000001000000060000000000000372/index.m3u8?IAS, From: subscribe, IPv_Type: ipv6, Location: 中国, ISP: 中国移动, Date: None, Delay: 0.1 ms, Speed: inf M/s, Resolution: 1920x1080
Name: CCTV-2, URL: http://dbiptv.sn.chinamobile.com/PLTV/88888890/224/3221226195/index.m3u8, From: subscribe, IPv_Type: ipv6, Location: 中国, ISP: 中国移动, Date: None, Delay: 0.1 ms, Speed: inf M/s, Resolution: 1920x1080
Name: CCTV-2, URL: https://www.freetv.top/migu/631780532.m3u8?migutoken=fdb912a07262c854e703c2057c3565990c9965f0abff700bdff272d95998605b0a600255d4748f616cf3d45931378e423f91c6f9f41f1cdac26d8383044629e3a176dcd5931b327500edb5dfd3, From: subscribe, IPv_Type: ipv6, Location: 美国-加利福尼亚州-圣克拉拉, ISP: DigitalOcean, Date: None, Delay: 0.1 ms, Speed: inf M/s, Resolution: 1920x1080
Name: CCTV-2, URL: https://www.freetv.top/migu/631780532.m3u8?migutoken=317722ab220ea7aa14f0f18816b423a2ce5181a72d8b1f02e4aba95d7d7707dc123fcbb113b41a2406a823e2a738dbdbfb23c22ccfe936e40e63d389ab3f0f2e4ae3f3ec3e46f3d2f021b3c7b5, From: subscribe, IPv_Type: ipv6, Location: 美国-加利福尼亚州-圣克拉拉, ISP: DigitalOcean, Date: None, Delay: 0.1 ms, Speed: inf M/s, Resolution: 1920x1080
Name: CCTV-2, URL: https://www.freetv.top/migu/631780532.m3u8?migutoken=f1ea6162bf184749e3dee945ef1c611efc841f280c1c972432874810b37debb4321af74f5ebcd6c41d7e0980cae4b591eaddcbd8a4b834c71491dbe3a6abacbbd5bcb2e9a43458f6987dbc3f23, From: subscribe, IPv_Type: ipv6, Location: 美国-加利福尼亚州-圣克拉拉, ISP: DigitalOcean, Date: None, Delay: 0.1 ms, Speed: inf M/s, Resolution: 1920x1080
Name: CCTV-2, URL: https://www.freetv.top/migu/631780532.m3u8?migutoken=0bbd368e56ca239424f7c5ccc970c14b033a2a8ae6ee8749423233b1af2cf31d089694e2a89e22162c6f6ca67d978d52b628c87627d859fd8b0bf99ebbf20a7ec95de4171a037a5e3b65b7c3ce, From: subscribe, IPv_Type: ipv6, Location: 美国-加利福尼亚州-圣克拉拉, ISP: DigitalOcean, Date: None, Delay: 0.1 ms, Speed: inf M/s, Resolution: 1920x1080
Name: CCTV-2, URL: https://www.freetv.top/migu/631780532.m3u8?migutoken=6f589f929945331767ef466f5f4cb6ccee0346b95c4bae5bbd6b99321f160d076257570ccc9b882f37a0bd95f05b1a1b9830393bd269f71445b0e5d01684c40a8cf16759a5bbdf9d5dff243250, From: subscribe, IPv_Type: ipv6, Location: 美国-加利福尼亚州-圣克拉拉, ISP: DigitalOcean, Date: None, Delay: 0.1 ms, Speed: inf M/s, Resolution: 1920x1080
Name: CCTV-2, URL: https://www.freetv.top/migu/631780532.m3u8?migutoken=21b0b254331386fd2e873c577c7a8183378b91f40be551a3c69f5f9162df2a2c63af3d67e9aed59e88a144542b673d3f4a4ca4f2f34225db354a0bf5d26a021b0ce510d7c802082a0f69765c6d, From: subscribe, IPv_Type: ipv6, Location: 美国-加利福尼亚州-圣克拉拉, ISP: DigitalOcean, Date: None, Delay: 0.1 ms, Speed: inf M/s, Resolution: 1920x1080
Name: CCTV-2, URL: https://www.freetv.top/migu/631780532.m3u8?migutoken=238417e78263f85047b232a16f4c1ffb5ffd1b15634ab4b2cd6db01aa23635473bcc819f5117896e8c390c4d26ce6e515c32d787d18f81f6d8434ea92a954703e681dfc6d324346418e49c5d6c, From: subscribe, IPv_Type: ipv6, Location: 美国-加利福尼亚州-圣克拉拉, ISP: DigitalOcean, Date: None, Delay: 0.1 ms, Speed: inf M/s, Resolution: 1920x1080
Name: CCTV-2, URL: https://www.freetv.top/migu/631780532.m3u8?migutoken=8a73f9dbcc6da55c0bb099a7d335fcdb754c606cf8a5e21cb3b84173052074a311761bfb95b1cf7185e4db2b24a0b5d21a4807e6b6bf8c462395f81b3895c1026a645db32431ff0cf541e1991f, From: subscribe, IPv_Type: ipv6, Location: 美国-加利福尼亚州-圣克拉拉, ISP: DigitalOcean, Date: None, Delay: 0.1 ms, Speed: inf M/s, Resolution: 1920x1080
Name: CCTV-2, URL: https://www.freetv.top/migu/631780532.m3u8?migutoken=11ecfe0a296dcd532df72244565e20008b5a2e6936c05e73d9c90abe54b5bbffc942f2912e3fdd518714c4a7ad984beed028d07db3d49b8d1e21c54686ebfa8546f79a57d969866753cca722cc, From: subscribe, IPv_Type: ipv6, Location: 美国-加利福尼亚州-圣克拉拉, ISP: DigitalOcean, Date: None, Delay: 0.1 ms, Speed: inf M/s, Resolution: 1920x1080
Name: CCTV-2, URL: http://www.freetv.top/migu/631780532.m3u8?migutoken=d69d5e5f850768f4609f5e7c6f63984da2c614f71e21226d8dea3a6e40d20f871ca2d383cd042bac96e3e8178933a15192f0ffaef2e700eb95de835faecc0bb802bd0c50099bf3d1abe4ea5174, From: subscribe, IPv_Type: ipv6, Location: 美国-加利福尼亚州-圣克拉拉, ISP: DigitalOcean, Date: None, Delay: 0.1 ms, Speed: inf M/s, Resolution: 1920x1080
Name: CCTV-2, URL: https://epg.pw/stream/f86540c126a751cc707e3805911549bd077fb5a7f0f53a824212d75addea3747.m3u8, From: subscribe, IPv_Type: ipv6, Location: 美国, ISP: CloudFlare Inc., Date: None, Delay: 0.1 ms, Speed: inf M/s, Resolution: 1920x1080
Name: CCTV-2, URL: http://zteres.sn.chinamobile.com:6060/000000001000/5000000011000031101/1.m3u8?channel-id=bestzb&Contentid=5000000011000031101&livemode=1&stbId=3, From: subscribe, IPv_Type: ipv6, Location: 中国, ISP: 中国移动, Date: None, Delay: 0.1 ms, Speed: inf M/s, Resolution: 1920x1080
Name: CCTV-2, URL: http://zteres.sn.chinamobile.com:6060/000000001000/5000000005000031113/1.m3u8?channel-id=bestzb&Contentid=5000000005000031113&livemode=1&stbId=3, From: subscribe, IPv_Type: ipv6, Location: 中国, ISP: 中国移动, Date: None, Delay: 0.1 ms, Speed: inf M/s, Resolution: 1920x1080
Name: CCTV-2, URL: http://[2409:8087:4c0a:22:1::11]:6410/170000001115/UmaiCHAN5000036BESTVSMGSMG/index.m3u8?AuthInfo=9kOOdBn7MFF%2F2bWjKgahUSpr1AVNI633ampcuzdN%2BfGVSARKsxkWGZw7vFUuOj2QZHeRzosIxVbl7i2QHFATHA3k5wDWG1qHkZQAleNv%2FbI, From: subscribe, IPv_Type: ipv6, Location: 中国, ISP: 中国移动, Date: None, Delay: 0.1 ms, Speed: inf M/s, Resolution: 1920x1080
Name: CCTV-2, URL: http://[2409:8087:5e01:34::38]:6610/ZTE_CMS/00000001000000060000000000000372/index.m3u8, From: subscribe, IPv_Type: ipv6, Location: 中国, ISP: 中国移动, Date: None, Delay: 0.1 ms, Speed: inf M/s, Resolution: 1920x1080
Name: CCTV-2, URL: http://[2409:8087:74f0:22::4]:6410/270000001128/9900000502/index.m3u8, From: subscribe, IPv_Type: ipv6, Location: 中国, ISP: 中国移动, Date: None, Delay: 0.1 ms, Speed: inf M/s, Resolution: 1920x1080
Name: CCTV-2, URL: http://[2409:8087:3869:8021:1001::e5]:6610/PLTV/88888910/224/3221225643/index.m3u8, From: subscribe, IPv_Type: ipv6, Location: 中国, ISP: 中国移动, Date: None, Delay: 0.1 ms, Speed: inf M/s, Resolution: 1920x1080
Name: CCTV-2, URL: http://[2409:8087:8:21::18]:6610/otttv.bj.chinamobile.com/PLTV/88888888/224/3221226893/1.m3u8, From: subscribe, IPv_Type: ipv6, Location: 中国, ISP: 中国移动, Date: None, Delay: -1 ms, Speed: 0.00 M/s, Resolution: None
Name: CCTV-2, URL: http://rrs01.hw.gmcc.net:8088/PLTV/81/224/3221226739/1.m3u8, From: subscribe, IPv_Type: ipv6, Location: 中国, ISP: 中国移动, Date: None, Delay: -1 ms, Speed: 0.00 M/s, Resolution: None
Name: CCTV-2, URL: http://[2409:8087:1a01:df::4041]:80/TVOD/88888888/224/3221225799/main.m3u8, From: subscribe, IPv_Type: ipv6, Location: 中国, ISP: 中国移动, Date: None, Delay: -1 ms, Speed: 0.00 M/s, Resolution: None
Name: CCTV-2, URL: http://k.061899.xyz/m.php?id=cctv2, From: subscribe, IPv_Type: ipv6, Location: 新加坡, ISP: Aceville Pte.Ltd., Date: None, Delay: -1 ms, Speed: 0.00 M/s, Resolution: None
Name: CCTV-2, URL: http://[2409:8087:1a15:10d1::38]/ottrrs.hl.chinamobile.com/PLTV/88888888/224/3221226540/index.m3u8, From: subscribe, IPv_Type: ipv6, Location: 中国, ISP: 中国移动, Date: None, Delay: -1 ms, Speed: 0.00 M/s, Resolution: None
Name: CCTV-2, URL: http://[2409:8087:1a15:10d1::39]/ottrrs.hl.chinamobile.com/PLTV/88888888/224/3221226540/index.m3u8, From: subscribe, IPv_Type: ipv6, Location: 中国, ISP: 中国移动, Date: None, Delay: -1 ms, Speed: 0.00 M/s, Resolution: None
Name: CCTV-2, URL: http://[2409:8087:5e00:24::1e]:6060/200000001898/460000089800010050/1.m3u8, From: subscribe, IPv_Type: ipv6, Location: 中国, ISP: 中国移动, Date: None, Delay: -1 ms, Speed: 0.00 M/s, Resolution: None
Name: CCTV-2, URL: http://[2409:8087:5e08:25::16]:6610/200000001898/460000089800010050/1.m3u8, From: subscribe, IPv_Type: ipv6, Location: 中国, ISP: 中国移动, Date: None, Delay: -1 ms, Speed: 0.00 M/s, Resolution: None
Name: CCTV-2, URL: https://migu.188766.xyz/?migutoken=f690b72b77d5d60b34b990d7818bbcdc&id=CCTV2&pp=1, From: subscribe, IPv_Type: ipv6, Location: 美国, ISP: CloudFlare Inc., Date: None, Delay: -1 ms, Speed: 0.00 M/s, Resolution: None
Name: CCTV-2, URL: https://cc06.tv12.xyz/2.m3u8, From: subscribe, IPv_Type: ipv6, Location: 美国, ISP: CloudFlare Inc., Date: None, Delay: -1 ms, Speed: 0.00 M/s, Resolution: None
Name: CCTV-2, URL: http://gslbmgsplive.miguvideo.com/wd_r2/cctv/cctv2hd/1500/index.m3u8?msisdn=20250919080129845f26c716a2433a937b73ea1a48ee87&mdspid=&spid=699004&netType=0&sid=5500346945&pid=2028597139&timestamp=20250919080129&Channel_ID=0116_2600000900-99000-201600010010027&ProgramID=631780532&ParentNodeID=-99&assertID=5500346945&client_ip=106.13.250.88&SecurityKey=20250919080129&promotionId=&mvid=5101064231&mcid=500020&playurlVersion=WX-A1-8.9.1-RELEASE&userid=&jmhm=&videocodec=h264&bean=mgspad&tid=android&conFee=0&puData=236049217d71b947fc55196c5deb0ad9&ddCalcu=92d3ea61001b40e9d251c76d97115b59c4f7, From: subscribe, IPv_Type: ipv6, Location: 中国, ISP: 中国移动, Date: None, Delay: -1 ms, Speed: 0.00 M/s, Resolution: None
Name: CCTV-2, URL: https://migu.188766.xyz/?migutoken=b1970203e78088423edf3945cb13b701&id=CCTV2&type=yy, From: subscribe, IPv_Type: ipv6, Location: 美国, ISP: CloudFlare Inc., Date: None, Delay: -1 ms, Speed: 0.00 M/s, Resolution: None
Name: CCTV-2, URL: https://live.chinacert.cftest5.cn/mg/?id=631780532, From: subscribe, IPv_Type: ipv6, Location: 中国, ISP: 中国移动, Date: None, Delay: -1 ms, Speed: 0.00 M/s, Resolution: None
Name: CCTV-2, URL: https://migu.188766.xyz/?migutoken=a3acf6327ab43c83402bb2391cd64741&id=CCTV2&type=yy, From: subscribe, IPv_Type: ipv6, Location: 美国, ISP: CloudFlare Inc., Date: None, Delay: -1 ms, Speed: 0.00 M/s, Resolution: None
Name: CCTV-2, URL: http://[2409:8087:8:21::18]:6610/otttv.bj.chinamobile.com/PLTV/88888888/224/3221226893/1.m3u8?, From: subscribe, IPv_Type: ipv6, Location: 中国, ISP: 中国移动, Date: None, Delay: -1 ms, Speed: 0.00 M/s, Resolution: None
Name: CCTV-2, URL: https://migu.188766.xyz/?migutoken=a2018f06a2e194f35657d0884f912c8a&id=CCTV2&type=yy, From: subscribe, IPv_Type: ipv6, Location: 美国, ISP: CloudFlare Inc., Date: None, Delay: -1 ms, Speed: 0.00 M/s, Resolution: None
Name: CCTV-2, URL: https://migu.188766.xyz/?migutoken=33a18bb7c3b904125af816dcffd9f815&id=CCTV2&type=yy, From: subscribe, IPv_Type: ipv6, Location: 美国, ISP: CloudFlare Inc., Date: None, Delay: -1 ms, Speed: 0.00 M/s, Resolution: None
Name: CCTV-2, URL: https://migu.188766.xyz/?migutoken=9dec72593e000048d8e540e3eb9c7f74&id=CCTV2&type=yy, From: subscribe, IPv_Type: ipv6, Location: 美国, ISP: CloudFlare Inc., Date: None, Delay: -1 ms, Speed: 0.00 M/s, Resolution: None
Name: CCTV-2, URL: https://migu.188766.xyz/?migutoken=11a8044b02d0d917b832a60ec0811f9d&id=CCTV2&type=yy, From: subscribe, IPv_Type: ipv6, Location: 美国, ISP: CloudFlare Inc., Date: None, Delay: -1 ms, Speed: 0.00 M/s, Resolution: None
Name: CCTV-2, URL: https://migu.188766.xyz/?migutoken=a0c067cfa7efa590017796513032253a&id=CCTV2&type=yy, From: subscribe, IPv_Type: ipv6, Location: 美国, ISP: CloudFlare Inc., Date: None, Delay: -1 ms, Speed: 0.00 M/s, Resolution: None
Name: CCTV-2, URL: https://migu.188766.xyz/?migutoken=4ea885b170ebcff123747da123c65659&id=CCTV2&type=yy, From: subscribe, IPv_Type: ipv6, Location: 美国, ISP: CloudFlare Inc., Date: None, Delay: -1 ms, Speed: 0.00 M/s, Resolution: None
Name: CCTV-2, URL: https://iptv.catvod.com/live.php?id=CCTV2, From: subscribe, IPv_Type: ipv6, Location: 美国, ISP: CloudFlare Inc., Date: None, Delay: -1 ms, Speed: 0.00 M/s, Resolution: None
Name: CCTV-2, URL: https://migu.188766.xyz/?migutoken=b82b211c372c6ac4891604dd7c0d7e34&id=CCTV2&type=yy, From: subscribe, IPv_Type: ipv6, Location: 美国, ISP: CloudFlare Inc., Date: None, Delay: -1 ms, Speed: 0.00 M/s, Resolution: None
Name: CCTV-2, URL: https://migu.188766.xyz/?migutoken=41d2baadae68f3a82eeb2eae38cb29b1&id=CCTV2&type=yy, From: subscribe, IPv_Type: ipv6, Location: 美国, ISP: CloudFlare Inc., Date: None, Delay: -1 ms, Speed: 0.00 M/s, Resolution: None
Name: CCTV-2, URL: https://migu.188766.xyz/?migutoken=e6d1071370e57bd5c9d1d93a0dc41207&id=CCTV2&type=yy, From: subscribe, IPv_Type: ipv6, Location: 美国, ISP: CloudFlare Inc., Date: None, Delay: -1 ms, Speed: 0.00 M/s, Resolution: None
Name: CCTV-2, URL: https://migu.188766.xyz/?migutoken=37c5f74a009a80ecc09a002fff86821f&id=CCTV2&type=yy, From: subscribe, IPv_Type: ipv6, Location: 美国, ISP: CloudFlare Inc., Date: None, Delay: -1 ms, Speed: 0.00 M/s, Resolution: None
Name: CCTV-2, URL: https://migu.188766.xyz/?migutoken=3efa7ddf6d4a62c5acc6a6f1963822c6&id=CCTV2&type=yy, From: subscribe, IPv_Type: ipv6, Location: 美国, ISP: CloudFlare Inc., Date: None, Delay: -1 ms, Speed: 0.00 M/s, Resolution: None
Name: CCTV-2, URL: https://migu.188766.xyz/?migutoken=9c91a1a962b36bbfd5f3ae35a32765a3&id=CCTV2&type=yy, From: subscribe, IPv_Type: ipv6, Location: 美国, ISP: CloudFlare Inc., Date: None, Delay: -1 ms, Speed: 0.00 M/s, Resolution: None
Name: CCTV-2, URL: http://gslbmgsplive.miguvideo.com/wd_r2/cctv/cctv2hd/600/index.m3u8?msisdn=202512120802057b2a45e1a5b845bcad1e6259026bebcc&mdspid=&spid=699004&netType=0&sid=5500346945&pid=2028597139&timestamp=20251212080205&Channel_ID=0116_2600037000-99000-200300220100002&ProgramID=631780532&ParentNodeID=-99&assertID=5500346945&client_ip=218.28.233.106&SecurityKey=20251212080205&promotionId=&mvid=5101064231&mcid=500020&playurlVersion=ZQ-A1-8.12.1-RELEASE&userid=&jmhm=&videocodec=h264&appCode=miguvideo_android&bean=mgspad&tid=android&conFee=0&puData=52a7e3ffd9da11f78e06cf67cb332fd6&ddCalcu=65d2vfaa27z3ea33bfcf7d69fdca6101ef87&sv=10004&ct=android, From: subscribe, IPv_Type: ipv6, Location: 中国, ISP: 中国移动, Date: None, Delay: -1 ms, Speed: 0.00 M/s, Resolution: None
Name: CCTV-2, URL: https://migu.188766.xyz/?migutoken=5e0e5e761e7e8e4393b2c59980fba0ae&id=CCTV2&type=yy, From: subscribe, IPv_Type: ipv6, Location: 美国, ISP: CloudFlare Inc., Date: None, Delay: -1 ms, Speed: 0.00 M/s, Resolution: None
Name: CCTV-2, URL: https://iptv.catvod.com/live.php?id=CCTV-2, From: subscribe, IPv_Type: ipv6, Location: 美国, ISP: CloudFlare Inc., Date: None, Delay: -1 ms, Speed: 0.00 M/s, Resolution: None
Name: CCTV-2, URL: https://migu.188766.xyz/?migutoken=d0c183bcc6b9d7f5850ba45a256dcae8&id=CCTV2&type=yy, From: subscribe, IPv_Type: ipv6, Location: 美国, ISP: CloudFlare Inc., Date: None, Delay: -1 ms, Speed: 0.00 M/s, Resolution: None
Name: CCTV-2, URL: https://migu.188766.xyz/?migutoken=37e3077d48a5fdee2251347589c1cf63&id=CCTV2&type=yy, From: subscribe, IPv_Type: ipv6, Location: 美国, ISP: CloudFlare Inc., Date: None, Delay: -1 ms, Speed: 0.00 M/s, Resolution: None
Name: CCTV-2, URL: https://migu.188766.xyz/?migutoken=57dcbbeab6d22aad0668073f23141afd&id=CCTV2&type=yy, From: subscribe, IPv_Type: ipv6, Location: 美国, ISP: CloudFlare Inc., Date: None, Delay: -1 ms, Speed: 0.00 M/s, Resolution: None
Name: CCTV-2, URL: https://migu.188766.xyz/?migutoken=d812ee770e6067cc6208734ed656d557&id=CCTV2&type=yy, From: subscribe, IPv_Type: ipv6, Location: 美国, ISP: CloudFlare Inc., Date: None, Delay: -1 ms, Speed: 0.00 M/s, Resolution: None
Name: CCTV-2, URL: https://migu.188766.xyz/?migutoken=41b9ad009a670b37e70592bd4bdb9a5f&id=CCTV2&type=yy, From: subscribe, IPv_Type: ipv6, Location: 美国, ISP: CloudFlare Inc., Date: None, Delay: -1 ms, Speed: 0.00 M/s, Resolution: None
Name: CCTV-2, URL: https://migu.188766.xyz/?migutoken=8565a6985b62542a73af0cffdf491ff8&id=CCTV2&type=yy, From: subscribe, IPv_Type: ipv6, Location: 美国, ISP: CloudFlare Inc., Date: None, Delay: -1 ms, Speed: 0.00 M/s, Resolution: None
Name: CCTV-2, URL: https://migu.188766.xyz/?migutoken=10b3a498c8ca314272f431b1e877bff2&id=CCTV2&type=yy, From: subscribe, IPv_Type: ipv6, Location: 美国, ISP: CloudFlare Inc., Date: None, Delay: -1 ms, Speed: 0.00 M/s, Resolution: None
Name: CCTV-2, URL: https://migu.188766.xyz/?migutoken=599c110e2818f9aca65635c52cd38cb8&id=CCTV2&type=yy, From: subscribe, IPv_Type: ipv6, Location: 美国, ISP: CloudFlare Inc., Date: None, Delay: -1 ms, Speed: 0.00 M/s, Resolution: None
Name: CCTV-2, URL: https://migu.188766.xyz/?migutoken=2ffce067c267ef64a9e1e4c169a288fb&id=CCTV2&type=yy, From: subscribe, IPv_Type: ipv6, Location: 美国, ISP: CloudFlare Inc., Date: None, Delay: -1 ms, Speed: 0.00 M/s, Resolution: None
Name: CCTV-2, URL: https://migu.188766.xyz/?migutoken=61f9ad222f6c97c78d74e587604210c6&id=CCTV2&type=yy, From: subscribe, IPv_Type: ipv6, Location: 美国, ISP: CloudFlare Inc., Date: None, Delay: -1 ms, Speed: 0.00 M/s, Resolution: None
Name: CCTV-2, URL: https://migu.188766.xyz/?migutoken=f1e72730b75b8bb1a740c688d5700175&id=CCTV2&type=yy, From: subscribe, IPv_Type: ipv6, Location: 美国, ISP: CloudFlare Inc., Date: None, Delay: -1 ms, Speed: 0.00 M/s, Resolution: None
Name: CCTV-2, URL: https://migu.188766.xyz/?migutoken=3138a4ce3cde8f6ae6b78f6d760b6eac&id=CCTV2&type=yy, From: subscribe, IPv_Type: ipv6, Location: 美国, ISP: CloudFlare Inc., Date: None, Delay: -1 ms, Speed: 0.00 M/s, Resolution: None
Name: CCTV-2, URL: https://migu.188766.xyz/?migutoken=6ca1f944306bdfb4e6bd059e893d6d09&id=CCTV2&type=yy, From: subscribe, IPv_Type: ipv6, Location: 美国, ISP: CloudFlare Inc., Date: None, Delay: -1 ms, Speed: 0.00 M/s, Resolution: None
Name: CCTV-2, URL: https://migu.188766.xyz/?migutoken=c89d97eb90a082cfaa628671d1d5e45b&id=CCTV2&type=yy, From: subscribe, IPv_Type: ipv6, Location: 美国, ISP: CloudFlare Inc., Date: None, Delay: -1 ms, Speed: 0.00 M/s, Resolution: None
Name: CCTV-2, URL: https://migu.188766.xyz/?migutoken=21f3dd6041a86a10cc5de10493528a96&id=CCTV2&type=yy, From: subscribe, IPv_Type: ipv6, Location: 美国, ISP: CloudFlare Inc., Date: None, Delay: -1 ms, Speed: 0.00 M/s, Resolution: None
Name: CCTV-2, URL: https://migu.188766.xyz/?migutoken=c1ab3ac2bdd96afcd24d14b2f81db935&id=CCTV2&type=yy, From: subscribe, IPv_Type: ipv6, Location: 美国, ISP: CloudFlare Inc., Date: None, Delay: -1 ms, Speed: 0.00 M/s, Resolution: None
Name: CCTV-2, URL: https://migu.188766.xyz/?migutoken=960bb4f4dae6a420b48ae0f0bd61150f&id=CCTV2&type=yy, From: subscribe, IPv_Type: ipv6, Location: 美国, ISP: CloudFlare Inc., Date: None, Delay: -1 ms, Speed: 0.00 M/s, Resolution: None
Name: CCTV-2, URL: https://migu.188766.xyz/?migutoken=3cd1d079b235a4e0177e453bd590a968&id=CCTV2&type=yy, From: subscribe, IPv_Type: ipv6, Location: 美国, ISP: CloudFlare Inc., Date: None, Delay: -1 ms, Speed: 0.00 M/s, Resolution: None
Name: CCTV-2, URL: https://migu.188766.xyz/?migutoken=42b8c0593578a212606068f67c378293&id=CCTV2&type=yy, From: subscribe, IPv_Type: ipv6, Location: 美国, ISP: CloudFlare Inc., Date: None, Delay: -1 ms, Speed: 0.00 M/s, Resolution: None
Name: CCTV-2, URL: https://migu.188766.xyz/?migutoken=34f6b283085baeb3c3c7e8617d846fef&id=CCTV2&type=yy, From: subscribe, IPv_Type: ipv6, Location: 美国, ISP: CloudFlare Inc., Date: None, Delay: -1 ms, Speed: 0.00 M/s, Resolution: None
Name: CCTV-2, URL: https://migu.188766.xyz/?migutoken=cb07d92d1dcf92a07f71c05669ad62a0&id=CCTV2&type=yy, From: subscribe, IPv_Type: ipv6, Location: 美国, ISP: CloudFlare Inc., Date: None, Delay: -1 ms, Speed: 0.00 M/s, Resolution: None
Name: CCTV-2, URL: https://migu.188766.xyz/?migutoken=8426a4ee52f4cdb8a1aef252465036cd&id=CCTV2&type=yy, From: subscribe, IPv_Type: ipv6, Location: 美国, ISP: CloudFlare Inc., Date: None, Delay: -1 ms, Speed: 0.00 M/s, Resolution: None
Name: CCTV-2, URL: https://migu.188766.xyz/?migutoken=c64ca8b6de6fea0e2eb2739b03056b50&id=CCTV2&type=yy, From: subscribe, IPv_Type: ipv6, Location: 美国, ISP: CloudFlare Inc., Date: None, Delay: -1 ms, Speed: 0.00 M/s, Resolution: None
Name: CCTV-2, URL: https://migu.188766.xyz/?migutoken=9ab44dc0d5048b751593f0c0da41f324&id=CCTV2&type=yy, From: subscribe, IPv_Type: ipv6, Location: 美国, ISP: CloudFlare Inc., Date: None, Delay: -1 ms, Speed: 0.00 M/s, Resolution: None
Name: CCTV-2, URL: https://migu.188766.xyz/?migutoken=6181b629a913689dad1592e219bf0023&id=CCTV2&type=yy, From: subscribe, IPv_Type: ipv6, Location: 美国, ISP: CloudFlare Inc., Date: None, Delay: -1 ms, Speed: 0.00 M/s, Resolution: None
Name: CCTV-2, URL: https://migu.188766.xyz/?migutoken=95cada34e80eaff94691ef54938c9eb1&id=CCTV2&type=yy, From: subscribe, IPv_Type: ipv6, Location: 美国, ISP: CloudFlare Inc., Date: None, Delay: -1 ms, Speed: 0.00 M/s, Resolution: None
Name: CCTV-2, URL: https://migu.188766.xyz/?migutoken=bb758a8aaf58edf9913d991ef4277b47&id=CCTV2&type=yy, From: subscribe, IPv_Type: ipv6, Location: 美国, ISP: CloudFlare Inc., Date: None, Delay: -1 ms, Speed: 0.00 M/s, Resolution: None
Name: CCTV-2, URL: https://migu.188766.xyz/?migutoken=e42d95f45b5d155af24df6b1b6bf518a&id=CCTV2&type=yy, From: subscribe, IPv_Type: ipv6, Location: 美国, ISP: CloudFlare Inc., Date: None, Delay: -1 ms, Speed: 0.00 M/s, Resolution: None
Name: CCTV-2, URL: https://migu.188766.xyz/?migutoken=187ee96cabc122357793610749cd0d3b&id=CCTV2&type=yy, From: subscribe, IPv_Type: ipv6, Location: 美国, ISP: CloudFlare Inc., Date: None, Delay: -1 ms, Speed: 0.00 M/s, Resolution: None
Name: CCTV-2, URL: https://migu.188766.xyz/?migutoken=2b443fee863666e73c9c3353ca6027dd&id=CCTV2&type=yy, From: subscribe, IPv_Type: ipv6, Location: 美国, ISP: CloudFlare Inc., Date: None, Delay: -1 ms, Speed: 0.00 M/s, Resolution: None
Name: CCTV-2, URL: https://migu.188766.xyz/?migutoken=b7d7b6347997f6bd94d976ec03579798&id=CCTV2&type=yy, From: subscribe, IPv_Type: ipv6, Location: 美国, ISP: CloudFlare Inc., Date: None, Delay: -1 ms, Speed: 0.00 M/s, Resolution: None
Name: CCTV-2, URL: https://migu.188766.xyz/?migutoken=f3416c907756c9117357e8ed146021e9&id=CCTV2&type=yy, From: subscribe, IPv_Type: ipv6, Location: 美国, ISP: CloudFlare Inc., Date: None, Delay: -1 ms, Speed: 0.00 M/s, Resolution: None
Name: CCTV-2, URL: https://migu.188766.xyz/?migutoken=7c63b0abe8741597021da394e631b72d&id=CCTV2&type=yy, From: subscribe, IPv_Type: ipv6, Location: 美国, ISP: CloudFlare Inc., Date: None, Delay: -1 ms, Speed: 0.00 M/s, Resolution: None
Name: CCTV-2, URL: https://migu.188766.xyz/?migutoken=d0226456cb448543a8b6720d59ef1201&id=CCTV2&type=yy, From: subscribe, IPv_Type: ipv6, Location: 美国, ISP: CloudFlare Inc., Date: None, Delay: -1 ms, Speed: 0.00 M/s, Resolution: None
Name: CCTV-2, URL: http://pull-flv-f1.douyincdn.com/media/stream-695106910011261612.flv?arch_hrchy=w1&exp_hrchy=w1&keeptime=00093a80&major_anchor_level=common&t_id=037-20260114100308192594C57677D9CCE8DA-vujvxt&unique_id=stream-695106910011261612_684_flv&wsSecret=fc06766784777da294247d06ae30f581&wsTime=6966f95d, From: subscribe, IPv_Type: ipv6, Location: 加拿大, ISP: , Date: None, Delay: -1 ms, Speed: 0.00 M/s, Resolution: None
Name: CCTV-2, URL: https://migu.188766.xyz/?migutoken=0fadcfab529845b2ab6e5e07e7aac8c6&id=CCTV2&type=yy, From: subscribe, IPv_Type: ipv6, Location: 美国, ISP: CloudFlare Inc., Date: None, Delay: -1 ms, Speed: 0.00 M/s, Resolution: None
Name: CCTV-2, URL: https://migu.188766.xyz/?migutoken=de5fdb93d85022b2ff6ab52df01ade63&id=CCTV2&type=yy, From: subscribe, IPv_Type: ipv6, Location: 美国, ISP: CloudFlare Inc., Date: None, Delay: -1 ms, Speed: 0.00 M/s, Resolution: None
Name: CCTV-2, URL: https://migu.188766.xyz/?migutoken=3e29bb687e253c01cfd99355021a38b8&id=CCTV2&type=yy, From: subscribe, IPv_Type: ipv6, Location: 美国, ISP: CloudFlare Inc., Date: None, Delay: -1 ms, Speed: 0.00 M/s, Resolution: None
Name: CCTV-2, URL: https://migu.188766.xyz/?migutoken=b6779e8424c6c4fe1ba74dc6d644729d&id=CCTV2&type=yy, From: subscribe, IPv_Type: ipv6, Location: 美国, ISP: CloudFlare Inc., Date: None, Delay: -1 ms, Speed: 0.00 M/s, Resolution: None
Name: CCTV-2, URL: https://migu.188766.xyz/?migutoken=b72679cba89ed5256fd92a42084739cf&id=CCTV2&type=yy, From: subscribe, IPv_Type: ipv6, Location: 美国, ISP: CloudFlare Inc., Date: None, Delay: -1 ms, Speed: 0.00 M/s, Resolution: None
Name: CCTV-2, URL: https://migu.188766.xyz/?migutoken=b72691164cc7676bc03717f637f8959a&id=CCTV2&type=yy, From: subscribe, IPv_Type: ipv6, Location: 美国, ISP: CloudFlare Inc., Date: None, Delay: -1 ms, Speed: 0.00 M/s, Resolution: None
Name: CCTV-2, URL: http://pull-flv-f1.douyincdn.com/media/stream-695106910011261612.flv?arch_hrchy=w1&exp_hrchy=w1&keeptime=00093a80&major_anchor_level=common&t_id=037-202601211138448FA9B998510F771A8747-9PrRHC&unique_id=stream-695106910011261612_684_flv&wsSecret=258653137fb1ed334218de18f528adaa&wsTime=69704a44, From: subscribe, IPv_Type: ipv6, Location: 加拿大, ISP: , Date: None, Delay: -1 ms, Speed: 0.00 M/s, Resolution: None
Name: CCTV-2, URL: https://migu.188766.xyz/?migutoken=dfd11c9cdd8699404be2cf2060ff6a79&id=CCTV2&type=yy, From: subscribe, IPv_Type: ipv6, Location: 美国, ISP: CloudFlare Inc., Date: None, Delay: -1 ms, Speed: 0.00 M/s, Resolution: None
Name: CCTV-2, URL: https://migu.188766.xyz/?migutoken=ba2979513bfcf4f528346a6bd39d28cd&id=CCTV2&type=yy, From: subscribe, IPv_Type: ipv6, Location: 美国, ISP: CloudFlare Inc., Date: None, Delay: -1 ms, Speed: 0.00 M/s, Resolution: None
Name: CCTV-2, URL: https://migu.188766.xyz/?migutoken=d5695aec079009e280c170ac41561d2f&id=CCTV2&type=yy, From: subscribe, IPv_Type: ipv6, Location: 美国, ISP: CloudFlare Inc., Date: None, Delay: -1 ms, Speed: 0.00 M/s, Resolution: None
Name: CCTV-2, URL: https://migu.188766.xyz/?migutoken=2f4dbcb6f7c86a4c28c28f1dd070feaa&id=CCTV2&type=yy, From: subscribe, IPv_Type: ipv6, Location: 美国, ISP: CloudFlare Inc., Date: None, Delay: -1 ms, Speed: 0.00 M/s, Resolution: None
Name: CCTV-2, URL: https://migu.188766.xyz/?migutoken=2f9179f7ae9aa90df1bf10c1ffa25556&id=CCTV2&type=yy, From: subscribe, IPv_Type: ipv6, Location: 美国, ISP: CloudFlare Inc., Date: None, Delay: -1 ms, Speed: 0.00 M/s, Resolution: None
Name: CCTV-2, URL: https://migu.188766.xyz/?migutoken=5e941680e296b7405b131171eb2d4243&id=CCTV2&type=yy, From: subscribe, IPv_Type: ipv6, Location: 美国, ISP: CloudFlare Inc., Date: None, Delay: -1 ms, Speed: 0.00 M/s, Resolution: None
Name: CCTV-2, URL: https://migu.188766.xyz/?migutoken=f07918a350fcb94329e446772eb845e4&id=CCTV2&type=yy, From: subscribe, IPv_Type: ipv6, Location: 美国, ISP: CloudFlare Inc., Date: None, Delay: -1 ms, Speed: 0.00 M/s, Resolution: None
Name: CCTV-2, URL: https://migu.188766.xyz/?migutoken=830029beda49b8bc9264f1f39ae55b9a&id=CCTV2&type=yy, From: subscribe, IPv_Type: ipv6, Location: 美国, ISP: CloudFlare Inc., Date: None, Delay: -1 ms, Speed: 0.00 M/s, Resolution: None
Name: CCTV-2, URL: https://migu.188766.xyz/?migutoken=bf1df21525cc75bb37f070a011bc4ab3&id=CCTV2&type=yy, From: subscribe, IPv_Type: ipv6, Location: 美国, ISP: CloudFlare Inc., Date: None, Delay: -1 ms, Speed: 0.00 M/s, Resolution: None
Name: CCTV-2, URL: https://t.freetv.fun/live/cctv2-cai-jing-3.php, From: subscribe, IPv_Type: ipv6, Location: 美国, ISP: CloudFlare Inc., Date: None, Delay: -1 ms, Speed: 0.00 M/s, Resolution: None
Name: CCTV-2, URL: https://migu.188766.xyz/?migutoken=a96e7460693a3e24f61da74dd9b62a39&id=CCTV2&type=yy, From: subscribe, IPv_Type: ipv6, Location: 美国, ISP: CloudFlare Inc., Date: None, Delay: -1 ms, Speed: 0.00 M/s, Resolution: None
Name: CCTV-2, URL: http://pull-flv-f1.douyincdn.com/media/stream-695106910011261612.flv?arch_hrchy=w1&exp_hrchy=w1&keeptime=00093a80&major_anchor_level=common&t_id=037-20260201084152FCA02A28E82C926FE0D6-TkujMo&unique_id=stream-695106910011261612_684_flv&wsSecret=52d181562d8e2a5dee20184a94272ef3&wsTime=697ea150, From: subscribe, IPv_Type: ipv6, Location: 加拿大, ISP: , Date: None, Delay: -1 ms, Speed: 0.00 M/s, Resolution: None
Name: CCTV-2, URL: https://migu.188766.xyz/?migutoken=d052d8161dda1a63dfd23d96052194cf&id=CCTV2&type=yy, From: subscribe, IPv_Type: ipv6, Location: 美国, ISP: CloudFlare Inc., Date: None, Delay: -1 ms, Speed: 0.00 M/s, Resolution: None
Name: CCTV-2, URL: https://migu.188766.xyz/?migutoken=6afb9f1dda775b5a08d23584f5fb3af2&id=CCTV2&type=yy, From: subscribe, IPv_Type: ipv6, Location: 美国, ISP: CloudFlare Inc., Date: None, Delay: -1 ms, Speed: 0.00 M/s, Resolution: None
Name: CCTV-2, URL: https://migu.188766.xyz/?migutoken=1bfe19116faa090c9b984facbd7ae932&id=CCTV2&type=yy, From: subscribe, IPv_Type: ipv6, Location: 美国, ISP: CloudFlare Inc., Date: None, Delay: -1 ms, Speed: 0.00 M/s, Resolution: None
Name: CCTV-2, URL: https://migu.188766.xyz/?migutoken=35ab790bf9bff724ce1f3db5a4ca0316&id=CCTV2&type=yy, From: subscribe, IPv_Type: ipv6, Location: 美国, ISP: CloudFlare Inc., Date: None, Delay: -1 ms, Speed: 0.00 M/s, Resolution: None
Name: CCTV-2, URL: https://migu.188766.xyz/?migutoken=7829432420a336c4d026dddb352caeca&id=CCTV2&type=yy, From: subscribe, IPv_Type: ipv6, Location: 美国, ISP: CloudFlare Inc., Date: None, Delay: -1 ms, Speed: 0.00 M/s, Resolution: None
Name: CCTV-2, URL: https://migu.188766.xyz/?migutoken=33f2c5b0a97f2737cd62916625e8cbb6&id=CCTV2&type=yy, From: subscribe, IPv_Type: ipv6, Location: 美国, ISP: CloudFlare Inc., Date: None, Delay: -1 ms, Speed: 0.00 M/s, Resolution: None
Name: CCTV-2, URL: http://pull-flv-f1.douyincdn.com/media/stream-695106910011261612.flv?arch_hrchy=w1&exp_hrchy=w1&keeptime=00093a80&major_anchor_level=common&t_id=037-202602060901440319625F0A338763618F-7sT6Ki&unique_id=stream-695106910011261612_684_flv&wsSecret=bbf37003c0e4945f50c24773724b6ae3&wsTime=69853d78, From: subscribe, IPv_Type: ipv6, Location: 加拿大, ISP: , Date: None, Delay: -1 ms, Speed: 0.00 M/s, Resolution: None
Name: CCTV-2, URL: https://migu.188766.xyz/?migutoken=9c52bb63bff643d33bd53a39222e45a0&id=CCTV2&type=yy, From: subscribe, IPv_Type: ipv6, Location: 美国, ISP: CloudFlare Inc., Date: None, Delay: -1 ms, Speed: 0.00 M/s, Resolution: None
Name: CCTV-2, URL: https://migu.188766.xyz/?migutoken=fc9c01d345cc615ca6dae37a7338be4c&id=CCTV2&type=yy, From: subscribe, IPv_Type: ipv6, Location: 美国, ISP: CloudFlare Inc., Date: None, Delay: -1 ms, Speed: 0.00 M/s, Resolution: None
Name: CCTV-2, URL: https://migu.188766.xyz/?migutoken=740b58c37fb400d0e68f48273519bdcc&id=CCTV2&type=yy, From: subscribe, IPv_Type: ipv6, Location: 美国, ISP: CloudFlare Inc., Date: None, Delay: -1 ms, Speed: 0.00 M/s, Resolution: None
Name: CCTV-2, URL: https://migu.188766.xyz/?migutoken=bc3a573601c95e70eec1a7dcff0a16bb&id=CCTV2&type=yy, From: subscribe, IPv_Type: ipv6, Location: 美国, ISP: CloudFlare Inc., Date: None, Delay: -1 ms, Speed: 0.00 M/s, Resolution: None
Name: CCTV-2, URL: https://migu.188766.xyz/?migutoken=29cd9f221e5ebe05c4b0c6991bfc91a3&id=CCTV2&type=yy, From: subscribe, IPv_Type: ipv6, Location: 美国, ISP: CloudFlare Inc., Date: None, Delay: -1 ms, Speed: 0.00 M/s, Resolution: None
Name: CCTV-2, URL: http://pull-hls-f11.douyincdn.com/media/stream-407062262674621100.m3u8?arch_hrchy=w1&exp_hrchy=w1&expire=1771372284&major_anchor_level=common&sign=6f90250717a66a61060dfac48f5152de&t_id=037-20260211075123D0C67CD1A4FC77163F38-si39gG, From: subscribe, IPv_Type: ipv6, Location: 中国, ISP: 中国联通, Date: None, Delay: -1 ms, Speed: 0.00 M/s, Resolution: None
Name: CCTV-2, URL: https://migu.188766.xyz/?migutoken=be72e67587a77bf51a60cd88fd702817&id=CCTV2&type=yy, From: subscribe, IPv_Type: ipv6, Location: 美国, ISP: CloudFlare Inc., Date: None, Delay: -1 ms, Speed: 0.00 M/s, Resolution: None
Name: CCTV-2, URL: https://migu.188766.xyz/?migutoken=dbc4f851b631f66999d5ab2d9f84bb98&id=CCTV2&type=yy, From: subscribe, IPv_Type: ipv6, Location: 美国, ISP: CloudFlare Inc., Date: None, Delay: -1 ms, Speed: 0.00 M/s, Resolution: None
Name: CCTV-2, URL: https://migu.188766.xyz/?migutoken=5604e1b0f25eafff3fd3b56008feff7f&id=CCTV2&type=yy, From: subscribe, IPv_Type: ipv6, Location: 美国, ISP: CloudFlare Inc., Date: None, Delay: -1 ms, Speed: 0.00 M/s, Resolution: None
Name: CCTV-2, URL: http://mgsp-ws2.live.miguvideo.com:8088/migu/kailu/cctv2hd265/54/20200407/index.m3u8?msisdn=e55e9ee71b42d2d7008a152c069625e3&mdspid=&spid=699004&netType=0&sid=5500346945&pid=2028597139&timestamp=20260215080203&Channel_ID=0116_2600034600-99000-201600010010028&ProgramID=631780532&ParentNodeID=-99&assertID=5500346945&client_ip=218.28.233.106&SecurityKey=20260215080203&promotionId=&mvid=5101064231&mcid=500020&playurlVersion=WX-A1-9.2.1-RELEASE&userid=&jmhm=&videocodec=h265&appCode=miguvideo_android&bean=mgspad&tid=android&conFee=0&encrypt=9cfa510800408b12d76fb429efcd142b&sv=10004&ct=android, From: subscribe, IPv_Type: ipv6, Location: 加拿大, ISP: , Date: None, Delay: -1 ms, Speed: 0.00 M/s, Resolution: None
Name: CCTV-2, URL: https://migu.188766.xyz/?migutoken=a5b77b4a54742e3e5fa5bffd16b9aa58&id=CCTV2&type=yy, From: subscribe, IPv_Type: ipv6, Location: 美国, ISP: CloudFlare Inc., Date: None, Delay: -1 ms, Speed: 0.00 M/s, Resolution: None
Name: CCTV-2, URL: http://pull-hls-f11.douyincdn.com/media/stream-407062262674621100.m3u8?arch_hrchy=w1&exp_hrchy=w1&expire=1771769775&major_anchor_level=common&sign=98406f42e949db5477a402c85cbee007&t_id=037-20260215221614EEA56BB994BB42D25308-a6AVAz, From: subscribe, IPv_Type: ipv6, Location: 中国, ISP: 中国联通, Date: None, Delay: -1 ms, Speed: 0.00 M/s, Resolution: None
Name: CCTV-2, URL: http://mgsp-yx2.live.miguvideo.com:8088/migu/kailu/cctv2hd265/54/20200407/index.m3u8?msisdn=e55e9ee71b42d2d7008a152c069625e3&mdspid=&spid=699004&netType=0&sid=5500346945&pid=2028597139&timestamp=20260216080220&Channel_ID=0116_2600034600-99000-201600010010028&ProgramID=631780532&ParentNodeID=-99&assertID=5500346945&client_ip=218.28.233.106&SecurityKey=20260216080220&promotionId=&mvid=5101064231&mcid=500020&playurlVersion=WX-A1-9.2.1-RELEASE&userid=&jmhm=&videocodec=h265&appCode=miguvideo_android&bean=mgspad&tid=android&conFee=0&encrypt=803fcdd7ad780656946a4fa577295318&sv=10004&ct=android, From: subscribe, IPv_Type: ipv6, Location: 中国, ISP: 中国电信, Date: None, Delay: -1 ms, Speed: 0.00 M/s, Resolution: None
Name: CCTV-2, URL: https://migu.188766.xyz/?migutoken=5bfda9b32b967dc2867266c5aef7aec5&id=CCTV2&type=yy, From: subscribe, IPv_Type: ipv6, Location: 美国, ISP: CloudFlare Inc., Date: None, Delay: -1 ms, Speed: 0.00 M/s, Resolution: None
Name: CCTV-2, URL: http://mgsp-hs2.live.miguvideo.com:8088/migu/kailu/cctv2hd265/54/20200407/index.m3u8?msisdn=e55e9ee71b42d2d7008a152c069625e3&mdspid=&spid=699004&netType=0&sid=5500346945&pid=2028597139&timestamp=20260217083837&Channel_ID=0116_2600034600-99000-201600010010028&ProgramID=631780532&ParentNodeID=-99&assertID=5500346945&client_ip=218.28.233.106&SecurityKey=20260217083837&promotionId=&mvid=5101064231&mcid=500020&playurlVersion=WX-A1-9.2.1-RELEASE&userid=&jmhm=&videocodec=h265&appCode=miguvideo_android&bean=mgspad&tid=android&conFee=0&encrypt=a3d19c3f1e73b661d4230e48c0606b6a&sv=10004&ct=android, From: subscribe, IPv_Type: ipv6, Location: 中国, ISP: 中国电信, Date: None, Delay: -1 ms, Speed: 0.00 M/s, Resolution: None
Name: CCTV-2, URL: https://migu.188766.xyz/?migutoken=4eab707bc457201e38dcc8e7fdd4279d&id=CCTV2&type=yy, From: subscribe, IPv_Type: ipv6, Location: 美国, ISP: CloudFlare Inc., Date: None, Delay: -1 ms, Speed: 0.00 M/s, Resolution: None
Name: CCTV-2, URL: https://iptv.catvod.com/live.php?id=CCTV2&line=13, From: subscribe, IPv_Type: ipv6, Location: 美国, ISP: CloudFlare Inc., Date: None, Delay: -1 ms, Speed: 0.00 M/s, Resolution: None
Name: CCTV-2, URL: https://iptv.catvod.com/live.php?id=CCTV2&line=14, From: subscribe, IPv_Type: ipv6, Location: 美国, ISP: CloudFlare Inc., Date: None, Delay: -1 ms, Speed: 0.00 M/s, Resolution: None
Name: CCTV-2, URL: https://iptv.catvod.com/live.php?id=CCTV2&line=15, From: subscribe, IPv_Type: ipv6, Location: 美国, ISP: CloudFlare Inc., Date: None, Delay: -1 ms, Speed: 0.00 M/s, Resolution: None
Name: CCTV-2, URL: https://iptv.catvod.com/live.php?id=CCTV2&line=16, From: subscribe, IPv_Type: ipv6, Location: 美国, ISP: CloudFlare Inc., Date: None, Delay: -1 ms, Speed: 0.00 M/s, Resolution: None
Name: CCTV-2, URL: https://iptv.catvod.com/live.php?id=CCTV2&line=17, From: subscribe, IPv_Type: ipv6, Location: 美国, ISP: CloudFlare Inc., Date: None, Delay: -1 ms, Speed: 0.00 M/s, Resolution: None
Name: CCTV-2, URL: https://iptv.catvod.com/live.php?id=CCTV2&line=18, From: subscribe, IPv_Type: ipv6, Location: 美国, ISP: CloudFlare Inc., Date: None, Delay: -1 ms, Speed: 0.00 M/s, Resolution: None
Name: CCTV-2, URL: http://38.75.136.137:98/gslb/dsdqbv/cctv2hd.m3u8?auth=test20251009, From: subscribe, IPv_Type: ipv4, Location: 美国-伊利诺伊州-库克, ISP: Cogent, Date: None, Delay: 3583 ms, Speed: 1.25 M/s, Resolution: 1920x1080
Name: CCTV-3, URL: http://php.jdshipin.com/TVOD/hljyd.php?id=3221226021, From: subscribe, IPv_Type: ipv6, Location: 美国, ISP: CloudFlare Inc., Date: None, Delay: 0.1 ms, Speed: inf M/s, Resolution: 1920x1080
Name: CCTV-3, URL: http://iptv.huuc.edu.cn/hls/cctv3hd.m3u8, From: subscribe, IPv_Type: ipv6, Location: 中国, ISP: 教育网, Date: None, Delay: 0.1 ms, Speed: inf M/s, Resolution: 1920x1080
Name: CCTV-3, URL: http://[2409:8087:1a01:df::4041]:80/TVOD/88888888/224/3221225799/main.m3u8, From: subscribe, IPv_Type: ipv6, Location: 中国, ISP: 中国移动, Date: None, Delay: -1 ms, Speed: 0.00 M/s, Resolution: None
Name: CCTV-3, URL: https://smart.pendy.dpdns.org/Smart.php?id=cctv3, From: subscribe, IPv_Type: ipv6, Location: 美国, ISP: CloudFlare Inc., Date: None, Delay: 0.1 ms, Speed: inf M/s, Resolution: 1920x1080
Name: CCTV-3, URL: http://[2409:8087:1a01:df::4041]/TVOD/88888888/224/3221225799/main.m3u8, From: subscribe, IPv_Type: ipv6, Location: 中国, ISP: 中国移动, Date: None, Delay: 0.1 ms, Speed: inf M/s, Resolution: 1920x1080
Name: CCTV-3, URL: http://[2409:8087:1a01:df::4077]/ottrrs.hl.chinamobile.com/PLTV/88888888/8/3221226021/index.m3u8, From: subscribe, IPv_Type: ipv6, Location: 中国, ISP: 中国移动, Date: None, Delay: 0.1 ms, Speed: inf M/s, Resolution: 1920x1080
Name: CCTV-3, URL: http://[2409:8087:8:21::18]:6610/otttv.bj.chinamobile.com/PLTV/88888888/224/3221226456/1.m3u8, From: subscribe, IPv_Type: ipv6, Location: 中国, ISP: 中国移动, Date: None, Delay: 0.1 ms, Speed: inf M/s, Resolution: 1920x1080
Name: CCTV-3, URL: http://[2409:8087:8:21::18]:6610/otttv.bj.chinamobile.com/PLTV/88888888/224/3221226471/1.m3u8, From: subscribe, IPv_Type: ipv6, Location: 中国, ISP: 中国移动, Date: None, Delay: 0.1 ms, Speed: inf M/s, Resolution: 1920x1080
Name: CCTV-3, URL: http://[2409:8087:4c0a:22:1::11]:6410/170000001115/UmaiCHAN638727c125355/index.m3u8?AuthInfo=9kOOdBn7MFF%2F2bWjKgahUSPTZ4CK5oLfjaEYe9dogNMUNNEYLCPUtKY62j1Wp5u04wipypKUQ1TTuR2lXvBl5YpHqBJmlA19x22TD9bUOjk, From: subscribe, IPv_Type: ipv6, Location: 中国, ISP: 中国移动, Date: None, Delay: 0.1 ms, Speed: inf M/s, Resolution: 1920x1080
Name: CCTV-3, URL: http://[2409:8087:1a0a:df::404b]/ottrrs.hl.chinamobile.com/TVOD/88888888/224/3221226021/index.m3u8, From: subscribe, IPv_Type: ipv6, Location: 中国, ISP: 中国移动, Date: None, Delay: 0.1 ms, Speed: inf M/s, Resolution: 1920x1080
Name: CCTV-3, URL: http://iptv.cdn.ha.chinamobile.com/PLTV/88888888/224/3221227333/index.m3u8, From: subscribe, IPv_Type: ipv6, Location: 中国, ISP: 中国移动, Date: None, Delay: 0.1 ms, Speed: inf M/s, Resolution: 1920x1080
Name: CCTV-3, URL: http://[2409:8087:1a01:df::4077]/ottrrs.hl.chinamobile.com/PLTV/88888888/224/3221226021/index.m3u8, From: subscribe, IPv_Type: ipv6, Location: 中国, ISP: 中国移动, Date: None, Delay: -1 ms, Speed: 0.00 M/s, Resolution: None
Name: CCTV-3, URL: https://www.freetv.top/migu/624878271.m3u8?migutoken=35ee1318e92e1d47aa4e9ad2f98c1ca771a9ca57db36d1e18c3a4fabedd68b40ee0c4c4724347e54708380241e58d714dde21dcbd0f2eff4373c9d9f7f1508646f22febd08f5c3a8c755f6ef1e, From: subscribe, IPv_Type: ipv6, Location: 美国-加利福尼亚州-圣克拉拉, ISP: DigitalOcean, Date: None, Delay: 0.1 ms, Speed: inf M/s, Resolution: 1920x1080
Name: CCTV-3, URL: https://www.freetv.top/migu/624878271.m3u8?migutoken=380a18fe8dc81109270780918e605114ca218bcfa395aaa8682b605d1622439ffe7981dbd10f378c9c045f872d48dce39babcb012c7362dc8b21835e88fde6457bacaa4082c74879d64ad7aee4, From: subscribe, IPv_Type: ipv6, Location: 美国-加利福尼亚州-圣克拉拉, ISP: DigitalOcean, Date: None, Delay: 0.1 ms, Speed: inf M/s, Resolution: 1920x1080
Name: CCTV-3, URL: https://www.freetv.top/migu/624878271.m3u8?migutoken=ab337350191d49738c0947c4edfb2d72445dadbfd53e36b287a30881028262fffbe9ba284ac062a14452f0d90c7a75d16101edb3adc14999ae8771aabc77b40c78d14137bb14e68fd6cd1a8d67, From: subscribe, IPv_Type: ipv6, Location: 美国-加利福尼亚州-圣克拉拉, ISP: DigitalOcean, Date: None, Delay: 0.1 ms, Speed: inf M/s, Resolution: 1920x1080
Name: CCTV-3, URL: https://www.freetv.top/migu/624878271.m3u8?migutoken=cc5fda32f92c3778b4ec917c6edfddfb427acd161372f4acf6deb16520a123904ce79198d9cf1f7cc96dea7795d561a75b2b3581a0bfcffa303d18f45a217ff78e8dcdaf915667846e1465145a, From: subscribe, IPv_Type: ipv6, Location: 美国-加利福尼亚州-圣克拉拉, ISP: DigitalOcean, Date: None, Delay: 0.1 ms, Speed: inf M/s, Resolution: 1920x1080
Name: CCTV-3, URL: https://www.freetv.top/migu/624878271.m3u8?migutoken=583eb8c5c48e5b14a4f782b43058efc16d128e0d4fa47e5b0814dfe842c8a8951d803a45a71656bc7fff6ba305cfbcd3d55909a119e8d9c1456b3842378e809ded8d3aa6cd633c2eadcab87259, From: subscribe, IPv_Type: ipv6, Location: 美国-加利福尼亚州-圣克拉拉, ISP: DigitalOcean, Date: None, Delay: 0.1 ms, Speed: inf M/s, Resolution: 1920x1080
Name: CCTV-3, URL: https://www.freetv.top/migu/624878271.m3u8?migutoken=ca824f02f6213b64bc94ece82f051a14d6b4b3a0a87493655d302b6c76e29668b57118071931e320faddacacabcb320684e805e3e5b3fdd4465a65f9bc6eac1ff4f24f1c0cde6a2a5cd9a8553a, From: subscribe, IPv_Type: ipv6, Location: 美国-加利福尼亚州-圣克拉拉, ISP: DigitalOcean, Date: None, Delay: 0.1 ms, Speed: inf M/s, Resolution: 1920x1080
Name: CCTV-3, URL: https://www.freetv.top/migu/624878271.m3u8?migutoken=d2f5e7c9e37c0b31c1e675570e64cff15a1f3d4cc205147b55d1c5c9bb6dabbe7f90a086a034b81e426ec6972d34b1a781ff13dc117f082e339a9ed2a182bf981810fdf1dcec27a84fadf629e3, From: subscribe, IPv_Type: ipv6, Location: 美国-加利福尼亚州-圣克拉拉, ISP: DigitalOcean, Date: None, Delay: 0.1 ms, Speed: inf M/s, Resolution: 1920x1080
Name: CCTV-3, URL: https://www.freetv.top/migu/624878271.m3u8?migutoken=e8d38daa280e2049e79abdee2d8546a2afea5b9e9c1a4713b05154116ba5f1133b046c7d4d52fcc0fda414c2208c7aa3a4cf2572926916023730b040718b8a6022093ebfc572f0ea281f1bb0b4, From: subscribe, IPv_Type: ipv6, Location: 美国-加利福尼亚州-圣克拉拉, ISP: DigitalOcean, Date: None, Delay: 0.1 ms, Speed: inf M/s, Resolution: 1920x1080
Name: CCTV-3, URL: http://yc.myds.me:35455/gaoma/cctv3.m3u8, From: subscribe, IPv_Type: ipv6, Location: 中国, ISP: 中国电信, Date: None, Delay: 0.1 ms, Speed: inf M/s, Resolution: 1920x1080
Name: CCTV-3, URL: http://nas.suntao.online:35455/itv/6000000001000022313.m3u8?cdn=wasusyt, From: subscribe, IPv_Type: ipv6, Location: 中国, ISP: 中国联通, Date: None, Delay: 0.1 ms, Speed: inf M/s, Resolution: 1920x1080
Name: CCTV-3, URL: https://www.freetv.top/migu/624878271.m3u8?migutoken=6051cf0f824b7432a7e38cb90b50dbc8d5f9dbc684d357663ae821fb87ae233a45772b235431568e910e14c17b7496429d23d2b4b3501692941d1e6d364b2e35ccf5890eb0c31743c5dffaa2ef, From: subscribe, IPv_Type: ipv6, Location: 美国-加利福尼亚州-圣克拉拉, ISP: DigitalOcean, Date: None, Delay: 0.1 ms, Speed: inf M/s, Resolution: 1920x1080
Name: CCTV-3, URL: https://www.freetv.top/migu/624878271.m3u8?migutoken=26f112920b7d750d5c237dcfeea880c9e4f73d9f9c90ed6628cd1e3b0e4c1424eb700fa97ef3b1a8d3676d047db35285709219d8e971f98e2b095ef2d7c3c343a9df476c13a0daee16c74e7478, From: subscribe, IPv_Type: ipv6, Location: 美国-加利福尼亚州-圣克拉拉, ISP: DigitalOcean, Date: None, Delay: 0.1 ms, Speed: inf M/s, Resolution: 1920x1080
Name: CCTV-3, URL: https://www.freetv.top/migu/624878271.m3u8?migutoken=51e795d34fc334fbfef3a00a9e095b441f8925223bf27482f2ced0a43e8533d469a5ced1cafaef5b17edf9089617ff31ded949f9e74e8844747cb04332f3d81a317734e4e8f189538db2f108a7, From: subscribe, IPv_Type: ipv6, Location: 美国-加利福尼亚州-圣克拉拉, ISP: DigitalOcean, Date: None, Delay: 0.1 ms, Speed: inf M/s, Resolution: 1920x1080
Name: CCTV-3, URL: https://www.freetv.top/migu/624878271.m3u8?migutoken=2d13be95db5e58e97f6fa8da49abb89867168be140fac8df0accbbab11e6fc7f6e78cdef9168ed3f65951dadc9feafdc5ede7bbcc43c0d4c7f9510c146a2309333483f883a0be4b76da20ed280, From: subscribe, IPv_Type: ipv6, Location: 美国-加利福尼亚州-圣克拉拉, ISP: DigitalOcean, Date: None, Delay: 0.1 ms, Speed: inf M/s, Resolution: 1920x1080
Name: CCTV-3, URL: http://www.freetv.top/migu/624878271.m3u8?migutoken=21306af96cf9259457600792df858b0d339bc7203aeb7e1a6ee6ec6ec3832a2736936029fe2583dcf971676870fdf0afbdee5be786e50af2ac6a8825673cc860d7988f44d0c5c4bc1931259698, From: subscribe, IPv_Type: ipv6, Location: 美国-加利福尼亚州-圣克拉拉, ISP: DigitalOcean, Date: None, Delay: 0.1 ms, Speed: inf M/s, Resolution: 1920x1080
Name: CCTV-3, URL: https://stream1.freetv.fun/b670e71aa7496c31573fb6634748c2aa292b1dfa63656d10f2bbdb33b49a23fd.m3u8, From: subscribe, IPv_Type: ipv6, Location: 美国, ISP: CloudFlare Inc., Date: None, Delay: 0.1 ms, Speed: inf M/s, Resolution: 1920x1080
Name: CCTV-3, URL: https://stream1.freetv.fun/8385772f7442dafce3c3efce3348833ba07f9af3b0e65d60fb4c8b0213e52c6c.m3u8, From: subscribe, IPv_Type: ipv6, Location: 美国, ISP: CloudFlare Inc., Date: None, Delay: 0.1 ms, Speed: inf M/s, Resolution: 1920x1080
Name: CCTV-3, URL: https://stream1.freetv.fun/fe140cbb4d3d3c13ac8de02fb84b4c282224e204d87c1f79aa8e7ff2c6870397.m3u8, From: subscribe, IPv_Type: ipv6, Location: 美国, ISP: CloudFlare Inc., Date: None, Delay: 0.1 ms, Speed: inf M/s, Resolution: 1920x1080
Name: CCTV-3, URL: https://stream1.freetv.fun/8e8c6b586c67d965e35c468bd6011876326c1b6a4c9aea7b5d9b0212e57af20c.m3u8, From: subscribe, IPv_Type: ipv6, Location: 美国, ISP: CloudFlare Inc., Date: None, Delay: 0.1 ms, Speed: inf M/s, Resolution: 1920x1080
Name: CCTV-3, URL: https://stream1.freetv.fun/fab80767c7639787d5cc1aaa550702708ce601db5d7ec8a3234c35cc6b8653b5.m3u8, From: subscribe, IPv_Type: ipv6, Location: 美国, ISP: CloudFlare Inc., Date: None, Delay: 0.1 ms, Speed: inf M/s, Resolution: 1920x1080
Name: CCTV-3, URL: https://stream1.freetv.fun/eb74d7931bbd9db14cc302d82d5b9eeb97821b91f8ed4979791d1829de946b11.m3u8, From: subscribe, IPv_Type: ipv6, Location: 美国, ISP: CloudFlare Inc., Date: None, Delay: 0.1 ms, Speed: inf M/s, Resolution: 1920x1080
Name: CCTV-3, URL: https://stream1.freetv.fun/f839eb7b5d1df8d53a6f71a98ee9b1424bdfd2f8110fb566821bf8ac365aebd8.m3u8, From: subscribe, IPv_Type: ipv6, Location: 美国, ISP: CloudFlare Inc., Date: None, Delay: 0.1 ms, Speed: inf M/s, Resolution: 1920x1080
Name: CCTV-3, URL: https://stream1.freetv.fun/16d797c043c92aca9939e30c9e2fb87cc8e12691c3e6850db080848c83fb7555.m3u8, From: subscribe, IPv_Type: ipv6, Location: 美国, ISP: CloudFlare Inc., Date: None, Delay: 0.1 ms, Speed: inf M/s, Resolution: 1920x1080
Name: CCTV-3, URL: https://stream1.freetv.fun/ab692257de15538ddd85b8ad84434857520c9c4c4193ff10bded73c4810e251c.m3u8, From: subscribe, IPv_Type: ipv6, Location: 美国, ISP: CloudFlare Inc., Date: None, Delay: 0.1 ms, Speed: inf M/s, Resolution: 1920x1080
Name: CCTV-3, URL: https://stream1.freetv.fun/402f7ef23bdc0f37b7c76b114d7167bb4228d5b525a0de2140f63127c085c1c7.m3u8, From: subscribe, IPv_Type: ipv6, Location: 美国, ISP: CloudFlare Inc., Date: None, Delay: 0.1 ms, Speed: inf M/s, Resolution: 1920x1080
Name: CCTV-3, URL: https://stream1.freetv.fun/f272e65922b98786560c74338983ab71bed1923b05388589c543c8d0b6e1be3c.m3u8, From: subscribe, IPv_Type: ipv6, Location: 美国, ISP: CloudFlare Inc., Date: None, Delay: 0.1 ms, Speed: inf M/s, Resolution: 1920x1080
Name: CCTV-3, URL: https://stream1.freetv.fun/7220c56655c5aa8fcded420e547fe000e96b057a0c2ceea1a65c355e9d2d2c65.m3u8, From: subscribe, IPv_Type: ipv6, Location: 美国, ISP: CloudFlare Inc., Date: None, Delay: 0.1 ms, Speed: inf M/s, Resolution: 1920x1080
Name: CCTV-3, URL: https://stream1.freetv.fun/82fcd2ea72d396253f82035b5542f2c7db3ae94823171ad4f4da6cbd95175d9a.m3u8, From: subscribe, IPv_Type: ipv6, Location: 美国, ISP: CloudFlare Inc., Date: None, Delay: 0.1 ms, Speed: inf M/s, Resolution: 1920x1080
Name: CCTV-3, URL: https://stream1.freetv.fun/2d9129721d5979db4d1a547476cfed2876edfd57ec4924abb7fa3f1da3a75462.m3u8, From: subscribe, IPv_Type: ipv6, Location: 美国, ISP: CloudFlare Inc., Date: None, Delay: 0.1 ms, Speed: inf M/s, Resolution: 1920x1080
Name: CCTV-3, URL: https://stream1.freetv.fun/b22e79d26f8b854763e01840c45c06d68ac49b016a9004f3717c55e669ece64b.m3u8, From: subscribe, IPv_Type: ipv6, Location: 美国, ISP: CloudFlare Inc., Date: None, Delay: 0.1 ms, Speed: inf M/s, Resolution: 1920x1080
Name: CCTV-3, URL: https://stream1.freetv.fun/1e0e775744a98d3524e67d4b4da0a9bc3c0b9cb9fbdf47fe76a0413a4089b940.m3u8, From: subscribe, IPv_Type: ipv6, Location: 美国, ISP: CloudFlare Inc., Date: None, Delay: 0.1 ms, Speed: inf M/s, Resolution: 1920x1080
Name: CCTV-3, URL: https://stream1.freetv.fun/7a262b749ab7f12e9b967b05e0bd95defc9446e9391ba6ee94407aa388a4f81e.m3u8, From: subscribe, IPv_Type: ipv6, Location: 美国, ISP: CloudFlare Inc., Date: None, Delay: 0.1 ms, Speed: inf M/s, Resolution: 1920x1080
Name: CCTV-3, URL: https://stream1.freetv.fun/44cca69be0608a658ece734b92ece61bd0aea56c9970dc3cf2e2d866df4fa541.m3u8, From: subscribe, IPv_Type: ipv6, Location: 美国, ISP: CloudFlare Inc., Date: None, Delay: 0.1 ms, Speed: inf M/s, Resolution: 1920x1080
Name: CCTV-3, URL: http://hwrr.jx.chinamobile.com:8080/PLTV/88888888/224/3221225634/index.m3u8, From: subscribe, IPv_Type: ipv6, Location: 中国, ISP: 中国移动, Date: None, Delay: 0.1 ms, Speed: inf M/s, Resolution: 1920x1080
Name: CCTV-3, URL: http://hwrr.jx.chinamobile.com:8080/PLTV/88888888/224/3221225647/index.m3u8, From: subscribe, IPv_Type: ipv6, Location: 中国, ISP: 中国移动, Date: None, Delay: 0.1 ms, Speed: inf M/s, Resolution: 1920x1080
Name: CCTV-3, URL: http://lu.wqwqwq.sbs/itv/1000000005000265003.m3u8?cdn=ystenlive, From: subscribe, IPv_Type: ipv6, Location: 美国, ISP: CloudFlare Inc., Date: None, Delay: 0.1 ms, Speed: inf M/s, Resolution: 1920x1080
Name: CCTV-3, URL: http://dbiptv.sn.chinamobile.com/PLTV/88888890/224/3221226397/index.m3u8, From: subscribe, IPv_Type: ipv6, Location: 中国, ISP: 中国移动, Date: None, Delay: 0.1 ms, Speed: inf M/s, Resolution: 1920x1080
Name: CCTV-3, URL: https://stream1.freetv.fun/33711cece64c9077907fa3caea452361f539772402550ca53ae2c9b00a3211b3.m3u8, From: subscribe, IPv_Type: ipv6, Location: 美国, ISP: CloudFlare Inc., Date: None, Delay: 0.1 ms, Speed: inf M/s, Resolution: 1920x1080
Name: CCTV-3, URL: http://zteres.sn.chinamobile.com:6060/000000001000/5000000004000008883/1.m3u8?channel-id=bestzb&Contentid=5000000004000008883&livemode=1&stbId=3, From: subscribe, IPv_Type: ipv6, Location: 中国, ISP: 中国移动, Date: None, Delay: 0.1 ms, Speed: inf M/s, Resolution: 1920x1080
Name: CCTV-3, URL: http://zteres.sn.chinamobile.com:6060/000000001000/5000000002000020548/1.m3u8?channel-id=bestzb&Contentid=5000000002000020548&livemode=1&stbId=3, From: subscribe, IPv_Type: ipv6, Location: 中国, ISP: 中国移动, Date: None, Delay: 0.1 ms, Speed: inf M/s, Resolution: 1920x1080
Name: CCTV-3, URL: http://[2409:8087:2001:20:2800:0:df6e:eb20]/ott.mobaibox.com/PLTV/4/224/3221228499/index.m3u8, From: subscribe, IPv_Type: ipv6, Location: 中国, ISP: 中国移动, Date: None, Delay: 0.1 ms, Speed: inf M/s, Resolution: 1920x1080
Name: CCTV-3, URL: http://[2409:8087:5e00:24::1f]:6060/ZTE_CMS/00000001000000060000000000000382/index.m3u8, From: subscribe, IPv_Type: ipv6, Location: 中国, ISP: 中国移动, Date: None, Delay: 0.1 ms, Speed: inf M/s, Resolution: 1920x1080
Name: CCTV-3, URL: http://[2409:8087:74f0:22::4]:6410/270000001111/1110000303/index.m3u8, From: subscribe, IPv_Type: ipv6, Location: 中国, ISP: 中国移动, Date: None, Delay: 0.1 ms, Speed: inf M/s, Resolution: 1920x1080
Name: CCTV-3, URL: http://[2409:8087:1a01:df::7005]/ottrrs.hl.chinamobile.com/PLTV/88888888/224/3221226021/index.m3u8, From: subscribe, IPv_Type: ipv6, Location: 中国, ISP: 中国移动, Date: None, Delay: 0.1 ms, Speed: inf M/s, Resolution: 1920x1080
Name: CCTV-3, URL: http://[2409:8087:3869:8021:1001::e5]:6610/PLTV/88888910/224/3221225634/index.m3u8, From: subscribe, IPv_Type: ipv6, Location: 中国, ISP: 中国移动, Date: None, Delay: -1 ms, Speed: 0.00 M/s, Resolution: None
Name: CCTV-3, URL: http://rrs01.hw.gmcc.net:8088/PLTV/81/224/3221226720/1.m3u8, From: subscribe, IPv_Type: ipv6, Location: 中国, ISP: 中国移动, Date: None, Delay: -1 ms, Speed: 0.00 M/s, Resolution: None
Name: CCTV-3, URL: http://k.061899.xyz/m.php?id=cctv3, From: subscribe, IPv_Type: ipv6, Location: 新加坡, ISP: Aceville Pte.Ltd., Date: None, Delay: -1 ms, Speed: 0.00 M/s, Resolution: None
Name: CCTV-3, URL: http://[2409:8087:1a15:10d1::36]/ottrrs.hl.chinamobile.com/PLTV/88888888/224/3221226021/index.m3u8, From: subscribe, IPv_Type: ipv6, Location: 中国, ISP: 中国移动, Date: None, Delay: -1 ms, Speed: 0.00 M/s, Resolution: None
Name: CCTV-3, URL: http://[2409:8087:1a15:10d1::37]/ottrrs.hl.chinamobile.com/PLTV/88888888/224/3221226021/index.m3u8, From: subscribe, IPv_Type: ipv6, Location: 中国, ISP: 中国移动, Date: None, Delay: -1 ms, Speed: 0.00 M/s, Resolution: None
Name: CCTV-3, URL: http://[2409:8087:5e00:24::1e]:6060/200000001898/460000089800010138/1.m3u8, From: subscribe, IPv_Type: ipv6, Location: 中国, ISP: 中国移动, Date: None, Delay: -1 ms, Speed: 0.00 M/s, Resolution: None
Name: CCTV-3, URL: http://[2409:8087:5e08:25::16]:6610/200000001898/460000089800010138/1.m3u8, From: subscribe, IPv_Type: ipv6, Location: 中国, ISP: 中国移动, Date: None, Delay: -1 ms, Speed: 0.00 M/s, Resolution: None
Name: CCTV-3, URL: https://migu.188766.xyz/?migutoken=8d7819d7cf8a8042766c02aac3080b90&id=CCTV3&pp=1, From: subscribe, IPv_Type: ipv6, Location: 美国, ISP: CloudFlare Inc., Date: None, Delay: -1 ms, Speed: 0.00 M/s, Resolution: None
Name: CCTV-3, URL: https://cc06.tv12.xyz/3.m3u8, From: subscribe, IPv_Type: ipv6, Location: 美国, ISP: CloudFlare Inc., Date: None, Delay: -1 ms, Speed: 0.00 M/s, Resolution: None
Name: CCTV-3, URL: http://gslbmgsplive.miguvideo.com/wd_r2/2018/ocn/cctv3hd/2000/index.m3u8?msisdn=20250919080130f546de490ceb448b991eb6bb092b74f9&mdspid=&spid=699004&netType=0&sid=5500212864&pid=2028597139&timestamp=20250919080130&Channel_ID=0116_2600000900-99000-201600010010027&ProgramID=624878271&ParentNodeID=-99&assertID=5500212864&client_ip=106.13.250.88&SecurityKey=20250919080130&promotionId=&mvid=5100001683&mcid=500020&playurlVersion=WX-A1-8.9.1-RELEASE&userid=&jmhm=&videocodec=h264&bean=mgspad&tid=android&conFee=0&puData=e0a93d23c2330bcf40f7aacba27b9449&ddCalcu=9e40e4a1994b307d22a3bcc2a3a370fb0c4f, From: subscribe, IPv_Type: ipv6, Location: 中国, ISP: 中国移动, Date: None, Delay: -1 ms, Speed: 0.00 M/s, Resolution: None
Name: CCTV-3, URL: http://zjzcf.synology.me:35455/gaoma/cctv3.m3u8, From: subscribe, IPv_Type: ipv6, Location: 中国, ISP: 中国移动, Date: None, Delay: -1 ms, Speed: 0.00 M/s, Resolution: None
Name: CCTV-3, URL: https://migu.188766.xyz/?migutoken=456ea32c72c910143e25c15620a86a45&id=CCTV3&type=yy, From: subscribe, IPv_Type: ipv6, Location: 美国, ISP: CloudFlare Inc., Date: None, Delay: -1 ms, Speed: 0.00 M/s, Resolution: None
Name: CCTV-3, URL: https://live.chinacert.cftest5.cn/mg/?id=624878271, From: subscribe, IPv_Type: ipv6, Location: 中国, ISP: 中国移动, Date: None, Delay: -1 ms, Speed: 0.00 M/s, Resolution: None
Name: CCTV-3, URL: https://migu.188766.xyz/?migutoken=9cf302a27f3d14d5bdedc1fb309510e5&id=CCTV3&type=yy, From: subscribe, IPv_Type: ipv6, Location: 美国, ISP: CloudFlare Inc., Date: None, Delay: -1 ms, Speed: 0.00 M/s, Resolution: None
Name: CCTV-3, URL: http://[2409:8087:8:21::18]:6610/otttv.bj.chinamobile.com/PLTV/88888888/224/3221226471/1.m3u8?, From: subscribe, IPv_Type: ipv6, Location: 中国, ISP: 中国移动, Date: None, Delay: -1 ms, Speed: 0.00 M/s, Resolution: None
Name: CCTV-3, URL: https://migu.188766.xyz/?migutoken=8c0582c0ccc70d78a676b7ab376edf49&id=CCTV3&type=yy, From: subscribe, IPv_Type: ipv6, Location: 美国, ISP: CloudFlare Inc., Date: None, Delay: -1 ms, Speed: 0.00 M/s, Resolution: None
Name: CCTV-3, URL: https://migu.188766.xyz/?migutoken=59176b804c93097620f99200c2305db4&id=CCTV3&type=yy, From: subscribe, IPv_Type: ipv6, Location: 美国, ISP: CloudFlare Inc., Date: None, Delay: -1 ms, Speed: 0.00 M/s, Resolution: None
Name: CCTV-3, URL: https://migu.188766.xyz/?migutoken=01d8212e8a932a4c4559e995e1b1f713&id=CCTV3&type=yy, From: subscribe, IPv_Type: ipv6, Location: 美国, ISP: CloudFlare Inc., Date: None, Delay: -1 ms, Speed: 0.00 M/s, Resolution: None
Name: CCTV-3, URL: https://migu.188766.xyz/?migutoken=8baeaef1e127d68e593f06b35c427840&id=CCTV3&type=yy, From: subscribe, IPv_Type: ipv6, Location: 美国, ISP: CloudFlare Inc., Date: None, Delay: -1 ms, Speed: 0.00 M/s, Resolution: None
Name: CCTV-3, URL: https://migu.188766.xyz/?migutoken=dc5757abc195b694872f899e2de5a12c&id=CCTV3&type=yy, From: subscribe, IPv_Type: ipv6, Location: 美国, ISP: CloudFlare Inc., Date: None, Delay: -1 ms, Speed: 0.00 M/s, Resolution: None
Name: CCTV-3, URL: https://migu.188766.xyz/?migutoken=10e4036bc06a67d6ba525d4fa6be385f&id=CCTV3&type=yy, From: subscribe, IPv_Type: ipv6, Location: 美国, ISP: CloudFlare Inc., Date: None, Delay: -1 ms, Speed: 0.00 M/s, Resolution: None
Name: CCTV-3, URL: https://migu.188766.xyz/?migutoken=4cf72d312189b8c52aa6ddd2049fe9a0&id=CCTV3&type=yy, From: subscribe, IPv_Type: ipv6, Location: 美国, ISP: CloudFlare Inc., Date: None, Delay: -1 ms, Speed: 0.00 M/s, Resolution: None
Name: CCTV-3, URL: https://iptv.catvod.com/live.php?id=CCTV3, From: subscribe, IPv_Type: ipv6, Location: 美国, ISP: CloudFlare Inc., Date: None, Delay: -1 ms, Speed: 0.00 M/s, Resolution: None
Name: CCTV-3, URL: https://migu.188766.xyz/?migutoken=8d749e0ceedea22bf63b193e4e365bfd&id=CCTV3&type=yy, From: subscribe, IPv_Type: ipv6, Location: 美国, ISP: CloudFlare Inc., Date: None, Delay: -1 ms, Speed: 0.00 M/s, Resolution: None
Name: CCTV-3, URL: https://migu.188766.xyz/?migutoken=f61e08bd5484632682efc5b023b37ced&id=CCTV3&type=yy, From: subscribe, IPv_Type: ipv6, Location: 美国, ISP: CloudFlare Inc., Date: None, Delay: -1 ms, Speed: 0.00 M/s, Resolution: None
Name: CCTV-3, URL: https://migu.188766.xyz/?migutoken=634afe392d234ace0533e4eada6e46ca&id=CCTV3&type=yy, From: subscribe, IPv_Type: ipv6, Location: 美国, ISP: CloudFlare Inc., Date: None, Delay: -1 ms, Speed: 0.00 M/s, Resolution: None
Name: CCTV-3, URL: https://migu.188766.xyz/?migutoken=b4ef4267d9833d951577bc3ebe742401&id=CCTV3&type=yy, From: subscribe, IPv_Type: ipv6, Location: 美国, ISP: CloudFlare Inc., Date: None, Delay: -1 ms, Speed: 0.00 M/s, Resolution: None
Name: CCTV-3, URL: https://migu.188766.xyz/?migutoken=8ffc278aac1c8447db23606b3acd9a77&id=CCTV3&type=yy, From: subscribe, IPv_Type: ipv6, Location: 美国, ISP: CloudFlare Inc., Date: None, Delay: -1 ms, Speed: 0.00 M/s, Resolution: None
Name: CCTV-3, URL: http://gslbmgsplive.miguvideo.com/wd_r2/2018/ocn/cctv3hd/1000/index.m3u8?msisdn=20251212080206297d0e9c43d44cd4bb2b6770f9886d8c&mdspid=&spid=699004&netType=0&sid=5500212864&pid=2028597139&timestamp=20251212080206&Channel_ID=0116_2600037000-99000-200300220100002&ProgramID=624878271&ParentNodeID=-99&assertID=5500212864&client_ip=218.28.233.106&SecurityKey=20251212080206&promotionId=&mvid=5100001683&mcid=500020&playurlVersion=ZQ-A1-8.12.1-RELEASE&userid=&jmhm=&videocodec=h264&appCode=miguvideo_android&bean=mgspad&tid=android&conFee=0&puData=d47a2e033c3d829c018ba3ecc9f84e99&ddCalcu=9d94ve7a4aa82afe90c3c3ec33adb882190c&sv=10004&ct=android, From: subscribe, IPv_Type: ipv6, Location: 中国, ISP: 中国移动, Date: None, Delay: -1 ms, Speed: 0.00 M/s, Resolution: None
Name: CCTV-3, URL: https://migu.188766.xyz/?migutoken=ef2a15197bc630693e6dc7c5e9e4ff06&id=CCTV3&type=yy, From: subscribe, IPv_Type: ipv6, Location: 美国, ISP: CloudFlare Inc., Date: None, Delay: -1 ms, Speed: 0.00 M/s, Resolution: None
Name: CCTV-3, URL: https://migu.188766.xyz/?migutoken=2b640c4963584613296f2df469b2f2ad&id=CCTV3&type=yy, From: subscribe, IPv_Type: ipv6, Location: 美国, ISP: CloudFlare Inc., Date: None, Delay: -1 ms, Speed: 0.00 M/s, Resolution: None
Name: CCTV-3, URL: https://migu.188766.xyz/?migutoken=faee9b6d7e7df345153cb0cc5fec9599&id=CCTV3&type=yy, From: subscribe, IPv_Type: ipv6, Location: 美国, ISP: CloudFlare Inc., Date: None, Delay: -1 ms, Speed: 0.00 M/s, Resolution: None
Name: CCTV-3, URL: https://migu.188766.xyz/?migutoken=ef520295648c7c2d979ac5be725919e8&id=CCTV3&type=yy, From: subscribe, IPv_Type: ipv6, Location: 美国, ISP: CloudFlare Inc., Date: None, Delay: -1 ms, Speed: 0.00 M/s, Resolution: None
Name: CCTV-3, URL: https://migu.188766.xyz/?migutoken=0821839c1daee1a7fb479aeb687a9f42&id=CCTV3&type=yy, From: subscribe, IPv_Type: ipv6, Location: 美国, ISP: CloudFlare Inc., Date: None, Delay: -1 ms, Speed: 0.00 M/s, Resolution: None
Name: CCTV-3, URL: https://migu.188766.xyz/?migutoken=dde80d592192d27b5cc786d40932ee90&id=CCTV3&type=yy, From: subscribe, IPv_Type: ipv6, Location: 美国, ISP: CloudFlare Inc., Date: None, Delay: -1 ms, Speed: 0.00 M/s, Resolution: None
Name: CCTV-3, URL: https://migu.188766.xyz/?migutoken=8ca6ecf6cc7a750756978de10a9afd4c&id=CCTV3&type=yy, From: subscribe, IPv_Type: ipv6, Location: 美国, ISP: CloudFlare Inc., Date: None, Delay: -1 ms, Speed: 0.00 M/s, Resolution: None
Name: CCTV-3, URL: https://migu.188766.xyz/?migutoken=7840a1c026782ba3537960a263770ed9&id=CCTV3&type=yy, From: subscribe, IPv_Type: ipv6, Location: 美国, ISP: CloudFlare Inc., Date: None, Delay: -1 ms, Speed: 0.00 M/s, Resolution: None
Name: CCTV-3, URL: https://migu.188766.xyz/?migutoken=f115dfbec7a6bf3e44a33d110f1ce62f&id=CCTV3&type=yy, From: subscribe, IPv_Type: ipv6, Location: 美国, ISP: CloudFlare Inc., Date: None, Delay: -1 ms, Speed: 0.00 M/s, Resolution: None
Name: CCTV-3, URL: https://migu.188766.xyz/?migutoken=ad972ba542e60aac2038d40015dfd60b&id=CCTV3&type=yy, From: subscribe, IPv_Type: ipv6, Location: 美国, ISP: CloudFlare Inc., Date: None, Delay: -1 ms, Speed: 0.00 M/s, Resolution: None
Name: CCTV-3, URL: https://iptv.catvod.com/live.php?id=CCTV-3, From: subscribe, IPv_Type: ipv6, Location: 美国, ISP: CloudFlare Inc., Date: None, Delay: -1 ms, Speed: 0.00 M/s, Resolution: None
Name: CCTV-3, URL: https://migu.188766.xyz/?migutoken=1535e07a68c9ed5a9e1e1a73e310605e&id=CCTV3&type=yy, From: subscribe, IPv_Type: ipv6, Location: 美国, ISP: CloudFlare Inc., Date: None, Delay: -1 ms, Speed: 0.00 M/s, Resolution: None
Name: CCTV-3, URL: https://migu.188766.xyz/?migutoken=d39bcac20abb7132f559fbf450ccb7bc&id=CCTV3&type=yy, From: subscribe, IPv_Type: ipv6, Location: 美国, ISP: CloudFlare Inc., Date: None, Delay: -1 ms, Speed: 0.00 M/s, Resolution: None
Name: CCTV-3, URL: https://migu.188766.xyz/?migutoken=b5d1064d07538727ec6f233c562dd7fd&id=CCTV3&type=yy, From: subscribe, IPv_Type: ipv6, Location: 美国, ISP: CloudFlare Inc., Date: None, Delay: -1 ms, Speed: 0.00 M/s, Resolution: None
Name: CCTV-3, URL: https://migu.188766.xyz/?migutoken=f6c0c58814970826538e85735cfb641a&id=CCTV3&type=yy, From: subscribe, IPv_Type: ipv6, Location: 美国, ISP: CloudFlare Inc., Date: None, Delay: -1 ms, Speed: 0.00 M/s, Resolution: None
Name: CCTV-3, URL: https://migu.188766.xyz/?migutoken=6f36861ad28db8b87bcf796821ebcdda&id=CCTV3&type=yy, From: subscribe, IPv_Type: ipv6, Location: 美国, ISP: CloudFlare Inc., Date: None, Delay: -1 ms, Speed: 0.00 M/s, Resolution: None
Name: CCTV-3, URL: https://migu.188766.xyz/?migutoken=5bbeb35d964f4c7b6a5126ffd7659ac5&id=CCTV3&type=yy, From: subscribe, IPv_Type: ipv6, Location: 美国, ISP: CloudFlare Inc., Date: None, Delay: -1 ms, Speed: 0.00 M/s, Resolution: None
Name: CCTV-3, URL: https://migu.188766.xyz/?migutoken=aa9cf6475bb176ba1aa23d6f9cf8eac0&id=CCTV3&type=yy, From: subscribe, IPv_Type: ipv6, Location: 美国, ISP: CloudFlare Inc., Date: None, Delay: -1 ms, Speed: 0.00 M/s, Resolution: None
Name: CCTV-3, URL: https://migu.188766.xyz/?migutoken=b572cd4ce92a469b589fbad53b39459b&id=CCTV3&type=yy, From: subscribe, IPv_Type: ipv6, Location: 美国, ISP: CloudFlare Inc., Date: None, Delay: -1 ms, Speed: 0.00 M/s, Resolution: None
Name: CCTV-3, URL: https://migu.188766.xyz/?migutoken=e990f651d2f129c38ff33716affa1eca&id=CCTV3&type=yy, From: subscribe, IPv_Type: ipv6, Location: 美国, ISP: CloudFlare Inc., Date: None, Delay: -1 ms, Speed: 0.00 M/s, Resolution: None
Name: CCTV-3, URL: https://migu.188766.xyz/?migutoken=c940dc5a509aa5ae0075a4b6d94b98ec&id=CCTV3&type=yy, From: subscribe, IPv_Type: ipv6, Location: 美国, ISP: CloudFlare Inc., Date: None, Delay: -1 ms, Speed: 0.00 M/s, Resolution: None
Name: CCTV-3, URL: https://migu.188766.xyz/?migutoken=e9b647803b54e31cd9c261ffb7582a4c&id=CCTV3&type=yy, From: subscribe, IPv_Type: ipv6, Location: 美国, ISP: CloudFlare Inc., Date: None, Delay: -1 ms, Speed: 0.00 M/s, Resolution: None
Name: CCTV-3, URL: https://migu.188766.xyz/?migutoken=e4d7285f92a2c5cae831504d86e74710&id=CCTV3&type=yy, From: subscribe, IPv_Type: ipv6, Location: 美国, ISP: CloudFlare Inc., Date: None, Delay: -1 ms, Speed: 0.00 M/s, Resolution: None
Name: CCTV-3, URL: https://migu.188766.xyz/?migutoken=c8c78b4ecb83845466d988f0a32a0cda&id=CCTV3&type=yy, From: subscribe, IPv_Type: ipv6, Location: 美国, ISP: CloudFlare Inc., Date: None, Delay: -1 ms, Speed: 0.00 M/s, Resolution: None
Name: CCTV-3, URL: https://migu.188766.xyz/?migutoken=13f751a7091247ba1f2e0b82299bbb6d&id=CCTV3&type=yy, From: subscribe, IPv_Type: ipv6, Location: 美国, ISP: CloudFlare Inc., Date: None, Delay: -1 ms, Speed: 0.00 M/s, Resolution: None
Name: CCTV-3, URL: https://migu.188766.xyz/?migutoken=009c353b5d7c5ad7ab98f4a89c8b111d&id=CCTV3&type=yy, From: subscribe, IPv_Type: ipv6, Location: 美国, ISP: CloudFlare Inc., Date: None, Delay: -1 ms, Speed: 0.00 M/s, Resolution: None
Name: CCTV-3, URL: https://migu.188766.xyz/?migutoken=43f4344357606644bd090575c7829337&id=CCTV3&type=yy, From: subscribe, IPv_Type: ipv6, Location: 美国, ISP: CloudFlare Inc., Date: None, Delay: -1 ms, Speed: 0.00 M/s, Resolution: None
Name: CCTV-3, URL: https://migu.188766.xyz/?migutoken=c5be86d4e28fc8a9699466514b6a2177&id=CCTV3&type=yy, From: subscribe, IPv_Type: ipv6, Location: 美国, ISP: CloudFlare Inc., Date: None, Delay: -1 ms, Speed: 0.00 M/s, Resolution: None
Name: CCTV-3, URL: https://migu.188766.xyz/?migutoken=a79d94cd907498362953914886eb1331&id=CCTV3&type=yy, From: subscribe, IPv_Type: ipv6, Location: 美国, ISP: CloudFlare Inc., Date: None, Delay: -1 ms, Speed: 0.00 M/s, Resolution: None
Name: CCTV-3, URL: https://migu.188766.xyz/?migutoken=370155bf81d20351917b85b0c8b49b37&id=CCTV3&type=yy, From: subscribe, IPv_Type: ipv6, Location: 美国, ISP: CloudFlare Inc., Date: None, Delay: -1 ms, Speed: 0.00 M/s, Resolution: None
Name: CCTV-3, URL: https://migu.188766.xyz/?migutoken=d18533bf332fd2ca846b8876816d61f8&id=CCTV3&type=yy, From: subscribe, IPv_Type: ipv6, Location: 美国, ISP: CloudFlare Inc., Date: None, Delay: -1 ms, Speed: 0.00 M/s, Resolution: None
Name: CCTV-3, URL: https://migu.188766.xyz/?migutoken=cde997a7875077597c4e1f664da2b6f7&id=CCTV3&type=yy, From: subscribe, IPv_Type: ipv6, Location: 美国, ISP: CloudFlare Inc., Date: None, Delay: -1 ms, Speed: 0.00 M/s, Resolution: None
Name: CCTV-3, URL: https://migu.188766.xyz/?migutoken=82a79f3be2838d013d644a1bc5de4f86&id=CCTV3&type=yy, From: subscribe, IPv_Type: ipv6, Location: 美国, ISP: CloudFlare Inc., Date: None, Delay: -1 ms, Speed: 0.00 M/s, Resolution: None
Name: CCTV-3, URL: https://migu.188766.xyz/?migutoken=1a449483b4bb801808c1d9f20ca41a29&id=CCTV3&type=yy, From: subscribe, IPv_Type: ipv6, Location: 美国, ISP: CloudFlare Inc., Date: None, Delay: -1 ms, Speed: 0.00 M/s, Resolution: None
Name: CCTV-3, URL: https://migu.188766.xyz/?migutoken=542e1b4a7e00965700e9f7e2691ec7b4&id=CCTV3&type=yy, From: subscribe, IPv_Type: ipv6, Location: 美国, ISP: CloudFlare Inc., Date: None, Delay: -1 ms, Speed: 0.00 M/s, Resolution: None
Name: CCTV-3, URL: https://migu.188766.xyz/?migutoken=657e5ae7a94c7ede203118503a2da8d8&id=CCTV3&type=yy, From: subscribe, IPv_Type: ipv6, Location: 美国, ISP: CloudFlare Inc., Date: None, Delay: -1 ms, Speed: 0.00 M/s, Resolution: None
Name: CCTV-3, URL: https://migu.188766.xyz/?migutoken=160c736dbf4517f0211205939f1c9f80&id=CCTV3&type=yy, From: subscribe, IPv_Type: ipv6, Location: 美国, ISP: CloudFlare Inc., Date: None, Delay: -1 ms, Speed: 0.00 M/s, Resolution: None
Name: CCTV-3, URL: https://migu.188766.xyz/?migutoken=4c040b59ad2e8bf62e258dab42ab7c7e&id=CCTV3&type=yy, From: subscribe, IPv_Type: ipv6, Location: 美国, ISP: CloudFlare Inc., Date: None, Delay: -1 ms, Speed: 0.00 M/s, Resolution: None
Name: CCTV-3, URL: https://migu.188766.xyz/?migutoken=b13c449300b808de2e7d8955d259cb0c&id=CCTV3&type=yy, From: subscribe, IPv_Type: ipv6, Location: 美国, ISP: CloudFlare Inc., Date: None, Delay: -1 ms, Speed: 0.00 M/s, Resolution: None
Name: CCTV-3, URL: https://migu.188766.xyz/?migutoken=61357db75ffe7b57c96b608b4785e767&id=CCTV3&type=yy, From: subscribe, IPv_Type: ipv6, Location: 美国, ISP: CloudFlare Inc., Date: None, Delay: -1 ms, Speed: 0.00 M/s, Resolution: None
Name: CCTV-3, URL: https://migu.188766.xyz/?migutoken=f27bfd1d978f3cfc5e695cdf5dc8deb3&id=CCTV3&type=yy, From: subscribe, IPv_Type: ipv6, Location: 美国, ISP: CloudFlare Inc., Date: None, Delay: -1 ms, Speed: 0.00 M/s, Resolution: None
Name: CCTV-3, URL: https://migu.188766.xyz/?migutoken=50bb76d74193eca6d7e5290cbb920bcc&id=CCTV3&type=yy, From: subscribe, IPv_Type: ipv6, Location: 美国, ISP: CloudFlare Inc., Date: None, Delay: -1 ms, Speed: 0.00 M/s, Resolution: None
Name: CCTV-3, URL: https://migu.188766.xyz/?migutoken=7a0ac8f925b6805e288f89ba612d9434&id=CCTV3&type=yy, From: subscribe, IPv_Type: ipv6, Location: 美国, ISP: CloudFlare Inc., Date: None, Delay: -1 ms, Speed: 0.00 M/s, Resolution: None
Name: CCTV-3, URL: https://migu.188766.xyz/?migutoken=1fccb7992190269951f920f07256ba45&id=CCTV3&type=yy, From: subscribe, IPv_Type: ipv6, Location: 美国, ISP: CloudFlare Inc., Date: None, Delay: -1 ms, Speed: 0.00 M/s, Resolution: None
Name: CCTV-3, URL: https://migu.188766.xyz/?migutoken=657d26dfe5f1c12cff31f93d221a2927&id=CCTV3&type=yy, From: subscribe, IPv_Type: ipv6, Location: 美国, ISP: CloudFlare Inc., Date: None, Delay: -1 ms, Speed: 0.00 M/s, Resolution: None
Name: CCTV-3, URL: https://migu.188766.xyz/?migutoken=dc5207e5ef5c9f6295174495a69719bd&id=CCTV3&type=yy, From: subscribe, IPv_Type: ipv6, Location: 美国, ISP: CloudFlare Inc., Date: None, Delay: -1 ms, Speed: 0.00 M/s, Resolution: None
Name: CCTV-3, URL: https://migu.188766.xyz/?migutoken=dd04e5e84a8f25b7f9836fec45ffb62d&id=CCTV3&type=yy, From: subscribe, IPv_Type: ipv6, Location: 美国, ISP: CloudFlare Inc., Date: None, Delay: -1 ms, Speed: 0.00 M/s, Resolution: None
Name: CCTV-3, URL: https://migu.188766.xyz/?migutoken=fe7e4d3a88aebf751835112361fe2543&id=CCTV3&type=yy, From: subscribe, IPv_Type: ipv6, Location: 美国, ISP: CloudFlare Inc., Date: None, Delay: -1 ms, Speed: 0.00 M/s, Resolution: None
Name: CCTV-3, URL: https://migu.188766.xyz/?migutoken=815eb709c5e0dd3ca58005e67574f925&id=CCTV3&type=yy, From: subscribe, IPv_Type: ipv6, Location: 美国, ISP: CloudFlare Inc., Date: None, Delay: -1 ms, Speed: 0.00 M/s, Resolution: None
Name: CCTV-3, URL: https://migu.188766.xyz/?migutoken=3ee1a942089c634be2701ffeec53302c&id=CCTV3&type=yy, From: subscribe, IPv_Type: ipv6, Location: 美国, ISP: CloudFlare Inc., Date: None, Delay: -1 ms, Speed: 0.00 M/s, Resolution: None
Name: CCTV-3, URL: https://migu.188766.xyz/?migutoken=9c6456ae0f0ce7c320dc0d5dd8674955&id=CCTV3&type=yy, From: subscribe, IPv_Type: ipv6, Location: 美国, ISP: CloudFlare Inc., Date: None, Delay: -1 ms, Speed: 0.00 M/s, Resolution: None
Name: CCTV-3, URL: https://migu.188766.xyz/?migutoken=a94cba5a260d72f450ad319c9edbaeee&id=CCTV3&type=yy, From: subscribe, IPv_Type: ipv6, Location: 美国, ISP: CloudFlare Inc., Date: None, Delay: -1 ms, Speed: 0.00 M/s, Resolution: None
Name: CCTV-3, URL: https://migu.188766.xyz/?migutoken=abbff82259fd7d3cf29f6a3ac55d2fbb&id=CCTV3&type=yy, From: subscribe, IPv_Type: ipv6, Location: 美国, ISP: CloudFlare Inc., Date: None, Delay: -1 ms, Speed: 0.00 M/s, Resolution: None
Name: CCTV-3, URL: https://migu.188766.xyz/?migutoken=813905fc8af85e455544eba86b6e0c70&id=CCTV3&type=yy, From: subscribe, IPv_Type: ipv6, Location: 美国, ISP: CloudFlare Inc., Date: None, Delay: -1 ms, Speed: 0.00 M/s, Resolution: None
Name: CCTV-3, URL: https://migu.188766.xyz/?migutoken=df8e9e609470cdc1d79c8c8ae4e6a103&id=CCTV3&type=yy, From: subscribe, IPv_Type: ipv6, Location: 美国, ISP: CloudFlare Inc., Date: None, Delay: -1 ms, Speed: 0.00 M/s, Resolution: None
Name: CCTV-3, URL: https://migu.188766.xyz/?migutoken=bdac01d6ff0f0362054a81b567dc24aa&id=CCTV3&type=yy, From: subscribe, IPv_Type: ipv6, Location: 美国, ISP: CloudFlare Inc., Date: None, Delay: -1 ms, Speed: 0.00 M/s, Resolution: None
Name: CCTV-3, URL: https://migu.188766.xyz/?migutoken=fc434faeeddd746fb8664a604b8bafc0&id=CCTV3&type=yy, From: subscribe, IPv_Type: ipv6, Location: 美国, ISP: CloudFlare Inc., Date: None, Delay: -1 ms, Speed: 0.00 M/s, Resolution: None
Name: CCTV-3, URL: https://migu.188766.xyz/?migutoken=b54a4796f13c05ad1ca5fd9125ca0e4c&id=CCTV3&type=yy, From: subscribe, IPv_Type: ipv6, Location: 美国, ISP: CloudFlare Inc., Date: None, Delay: -1 ms, Speed: 0.00 M/s, Resolution: None
Name: CCTV-3, URL: https://migu.188766.xyz/?migutoken=cbe4dce4ca1e040b275c19245b30571b&id=CCTV3&type=yy, From: subscribe, IPv_Type: ipv6, Location: 美国, ISP: CloudFlare Inc., Date: None, Delay: -1 ms, Speed: 0.00 M/s, Resolution: None
Name: CCTV-3, URL: https://migu.188766.xyz/?migutoken=e7b71b60702eb2bebca9498050eede2a&id=CCTV3&type=yy, From: subscribe, IPv_Type: ipv6, Location: 美国, ISP: CloudFlare Inc., Date: None, Delay: -1 ms, Speed: 0.00 M/s, Resolution: None
Name: CCTV-3, URL: https://migu.188766.xyz/?migutoken=10573b42bc170d0555be1ac70284ce3d&id=CCTV3&type=yy, From: subscribe, IPv_Type: ipv6, Location: 美国, ISP: CloudFlare Inc., Date: None, Delay: -1 ms, Speed: 0.00 M/s, Resolution: None
Name: CCTV-3, URL: https://migu.188766.xyz/?migutoken=53643a1f466f706fe85aa419bea859bf&id=CCTV3&type=yy, From: subscribe, IPv_Type: ipv6, Location: 美国, ISP: CloudFlare Inc., Date: None, Delay: -1 ms, Speed: 0.00 M/s, Resolution: None
Name: CCTV-3, URL: https://migu.188766.xyz/?migutoken=7575fd5bb31840b66a7cbf4bbda4cfdc&id=CCTV3&type=yy, From: subscribe, IPv_Type: ipv6, Location: 美国, ISP: CloudFlare Inc., Date: None, Delay: -1 ms, Speed: 0.00 M/s, Resolution: None
Name: CCTV-3, URL: https://migu.188766.xyz/?migutoken=df6fdbc1d68a390122271b8eedd1bba2&id=CCTV3&type=yy, From: subscribe, IPv_Type: ipv6, Location: 美国, ISP: CloudFlare Inc., Date: None, Delay: -1 ms, Speed: 0.00 M/s, Resolution: None
Name: CCTV-3, URL: https://migu.188766.xyz/?migutoken=183f8dc1c866ee8735b50dc44fdbff01&id=CCTV3&type=yy, From: subscribe, IPv_Type: ipv6, Location: 美国, ISP: CloudFlare Inc., Date: None, Delay: -1 ms, Speed: 0.00 M/s, Resolution: None
Name: CCTV-3, URL: https://migu.188766.xyz/?migutoken=0345ca384131dc0f3f40032508a8c72e&id=CCTV3&type=yy, From: subscribe, IPv_Type: ipv6, Location: 美国, ISP: CloudFlare Inc., Date: None, Delay: -1 ms, Speed: 0.00 M/s, Resolution: None
Name: CCTV-3, URL: https://migu.188766.xyz/?migutoken=34f76fb5099c13fba8c3682a4118557f&id=CCTV3&type=yy, From: subscribe, IPv_Type: ipv6, Location: 美国, ISP: CloudFlare Inc., Date: None, Delay: -1 ms, Speed: 0.00 M/s, Resolution: None
Name: CCTV-3, URL: http://mgsp-zy2.live.miguvideo.com:8088/wd_r2/2018/ocn/cctv3hd/2000/index.m3u8?msisdn=e55e9ee71b42d2d7008a152c069625e3&mdspid=&spid=699004&netType=0&sid=5500212864&pid=2028597139&timestamp=20260216080220&Channel_ID=0116_2600034600-99000-201600010010028&ProgramID=624878271&ParentNodeID=-99&assertID=5500212864&client_ip=218.28.233.106&SecurityKey=20260216080220&promotionId=&mvid=5100001683&mcid=500020&playurlVersion=WX-A1-9.2.1-RELEASE&userid=&jmhm=&videocodec=h264&appCode=miguvideo_android&bean=mgspad&tid=android&conFee=0&encrypt=8a8318f26cf888d5c563fc9674610049&sv=10004&ct=android, From: subscribe, IPv_Type: ipv6, Location: 中国, ISP: 中国电信, Date: None, Delay: -1 ms, Speed: 0.00 M/s, Resolution: None
Name: CCTV-3, URL: https://migu.188766.xyz/?migutoken=d0987ba181a6e482ee3b3bb57d031567&id=CCTV3&type=yy, From: subscribe, IPv_Type: ipv6, Location: 美国, ISP: CloudFlare Inc., Date: None, Delay: -1 ms, Speed: 0.00 M/s, Resolution: None
Name: CCTV-3, URL: http://mgsp-hs2.live.miguvideo.com:8088/wd_r2/2018/ocn/cctv3hd/2000/index.m3u8?msisdn=e55e9ee71b42d2d7008a152c069625e3&mdspid=&spid=699004&netType=0&sid=5500212864&pid=2028597139&timestamp=20260217084013&Channel_ID=0116_2600034600-99000-201600010010028&ProgramID=624878271&ParentNodeID=-99&assertID=5500212864&client_ip=218.28.233.106&SecurityKey=20260217084013&promotionId=&mvid=5100001683&mcid=500020&playurlVersion=WX-A1-9.2.1-RELEASE&userid=&jmhm=&videocodec=h264&appCode=miguvideo_android&bean=mgspad&tid=android&conFee=0&encrypt=80933c569cb72453b609de214a525e7d&sv=10004&ct=android, From: subscribe, IPv_Type: ipv6, Location: 中国, ISP: 中国电信, Date: None, Delay: -1 ms, Speed: 0.00 M/s, Resolution: None
Name: CCTV-3, URL: https://migu.188766.xyz/?migutoken=14c880573ba30fe6df990b3ed60ff6ec&id=CCTV3&type=yy, From: subscribe, IPv_Type: ipv6, Location: 美国, ISP: CloudFlare Inc., Date: None, Delay: -1 ms, Speed: 0.00 M/s, Resolution: None
Name: CCTV-3, URL: http://23.237.228.134/live5/CCTV3.m3u8, From: subscribe, IPv_Type: ipv4, Location: 北美地区, ISP: , Date: None, Delay: 558 ms, Speed: 1.58 M/s, Resolution: 1920x1080
Name: CCTV-3, URL: http://38.75.136.137:98/gslb/dsdqbv/cctv3hd.m3u8?auth=test20251009, From: subscribe, IPv_Type: ipv4, Location: 美国-伊利诺伊州-库克, ISP: Cogent, Date: None, Delay: 3568 ms, Speed: 1.28 M/s, Resolution: 1920x1080
Name: CCTV-4, URL: http://php.jdshipin.com/TVOD/hljyd.php?id=3221226428, From: subscribe, IPv_Type: ipv6, Location: 美国, ISP: CloudFlare Inc., Date: None, Delay: 0.1 ms, Speed: inf M/s, Resolution: 1920x1080
Name: CCTV-4, URL: http://z.b.bkpcp.top/m.php?id=CCTV-4国际, From: subscribe, IPv_Type: ipv6, Location: 美国, ISP: CloudFlare Inc., Date: None, Delay: 0.1 ms, Speed: inf M/s, Resolution: 1920x1080
Name: CCTV-4, URL: http://iptv.huuc.edu.cn/hls/cctv4hd.m3u8, From: subscribe, IPv_Type: ipv6, Location: 中国, ISP: 教育网, Date: None, Delay: 0.1 ms, Speed: inf M/s, Resolution: 1920x1080
Name: CCTV-4, URL: https://www.freetv.top/migu/631780421.m3u8?migutoken=fefc6a44400a0dd448699ae0ce3d6e2c5a0f49b8d48adb36e747c4fbab039337eb3244f9951acbddaf26b7bf51597a7d1b43c8845e67fd5914ece875dcad325bb388200bc0f12fdff727d03e2d, From: subscribe, IPv_Type: ipv6, Location: 美国-加利福尼亚州-圣克拉拉, ISP: DigitalOcean, Date: None, Delay: 0.1 ms, Speed: inf M/s, Resolution: 1920x1080
Name: CCTV-4, URL: https://smart.pendy.dpdns.org/Smart.php?id=cctv4, From: subscribe, IPv_Type: ipv6, Location: 美国, ISP: CloudFlare Inc., Date: None, Delay: 0.1 ms, Speed: inf M/s, Resolution: 1920x1080
Name: CCTV-4, URL: http://goo.bkpcp.top/mg/cctv4o, From: subscribe, IPv_Type: ipv6, Location: 美国, ISP: CloudFlare Inc., Date: None, Delay: 0.1 ms, Speed: inf M/s, Resolution: 1920x1080
Name: CCTV-4, URL: http://goo.bkpcp.top/mg/cctv4m, From: subscribe, IPv_Type: ipv6, Location: 美国, ISP: CloudFlare Inc., Date: None, Delay: 0.1 ms, Speed: inf M/s, Resolution: 1920x1080
Name: CCTV-4, URL: http://[2409:8087:1a01:df::4077]/ottrrs.hl.chinamobile.com/PLTV/88888888/8/3221226007/index.m3u8, From: subscribe, IPv_Type: ipv6, Location: 中国, ISP: 中国移动, Date: None, Delay: 0.1 ms, Speed: inf M/s, Resolution: 1920x1080
Name: CCTV-4, URL: http://[2409:8087:1:20:20::29]/otttv.bj.chinamobile.com/PLTV/88888888/224/3221226335/1.m3u8?servicetype=1&accountinfo=%7E%7EV2.0%7EBFJ5gRpm8ntK8JEFPZOhLQ%7EPepnxHHB2d6Hk2dZWM77MyFlBN5q1KnYLvimM9pqT7EfCf-e5nKehMQzrOBwWduf%7EExtInfo9bj61dxzlMXrsixrqcFYPg%3A20240420192542%2C%2C%2C20240420192542%2C%2C10001000275495%2C-1%2C0%2C1%2C-1%2C%2C2%2C2201300%2C%2C%2C2%2C%2C%2CEND&GuardEncType=2, From: subscribe, IPv_Type: ipv6, Location: 中国, ISP: 中国移动, Date: None, Delay: 0.1 ms, Speed: inf M/s, Resolution: 1920x1080
Name: CCTV-4, URL: http://[2409:8087:8:21::18]:6610/otttv.bj.chinamobile.com/PLTV/88888888/224/3221226335/1.m3u8, From: subscribe, IPv_Type: ipv6, Location: 中国, ISP: 中国移动, Date: None, Delay: 0.1 ms, Speed: inf M/s, Resolution: 1920x1080
Name: CCTV-4, URL: http://[2409:8087:8:21::18]:6610/otttv.bj.chinamobile.com/PLTV/88888888/224/3221226455/1.m3u8, From: subscribe, IPv_Type: ipv6, Location: 中国, ISP: 中国移动, Date: None, Delay: 0.1 ms, Speed: inf M/s, Resolution: 1920x1080
Name: CCTV-4, URL: http://[2409:8087:8:21::18]:6610/otttv.bj.chinamobile.com/PLTV/88888888/224/3221226470/1.m3u8, From: subscribe, IPv_Type: ipv6, Location: 中国, ISP: 中国移动, Date: None, Delay: 0.1 ms, Speed: inf M/s, Resolution: 1920x1080
Name: CCTV-4, URL: http://[2409:8087:1a0a:df::404b]/ottrrs.hl.chinamobile.com/TVOD/88888888/224/3221226428/index.m3u8, From: subscribe, IPv_Type: ipv6, Location: 中国, ISP: 中国移动, Date: None, Delay: 0.1 ms, Speed: inf M/s, Resolution: 1920x1080
Name: CCTV-4, URL: http://[2409:8087:8:21::18]:6610/otttv.bj.chinamobile.com/PLTV/88888888/224/3221226907/1.m3u8, From: subscribe, IPv_Type: ipv6, Location: 中国, ISP: 中国移动, Date: None, Delay: 0.1 ms, Speed: inf M/s, Resolution: 1920x1080
Name: CCTV-4, URL: https://www.freetv.top/migu/631780421.m3u8?migutoken=9c479e166888f001e1fb4ab5502e734251c68075cd89836a715137a1a2a4b18b60e282b0f1a308d6641c282600bd8db3cef99cb15edd0ab61d81c4d76d154bb464e3a02a75b167298c4747ce6f, From: subscribe, IPv_Type: ipv6, Location: 美国-加利福尼亚州-圣克拉拉, ISP: DigitalOcean, Date: None, Delay: 0.1 ms, Speed: inf M/s, Resolution: 1920x1080
Name: CCTV-4, URL: https://www.freetv.top/migu/631780421.m3u8?migutoken=8dc7b786c408976ee73b6ee5a0e7bf7de8ed82ed22f8668130fa8f17f943f9aeefa99d71320e4b5ac6c57c70025c65d2b4c31a9dfca1ebed552d0e3d722521423806670cc55bb626ba456b64fe, From: subscribe, IPv_Type: ipv6, Location: 美国-加利福尼亚州-圣克拉拉, ISP: DigitalOcean, Date: None, Delay: 0.1 ms, Speed: inf M/s, Resolution: 1920x1080
Name: CCTV-4, URL: https://www.freetv.top/migu/608807416.m3u8?migutoken=cfc1141967eb2f06f62caa8f87ecd004f5096e3d9013d45f3fbc7597bc6f8a5b22a7b29ff3e195b179467f54bb94620de38658b7c53f55144109671005f6b03a062dd1fc884e2169dbcb902874, From: subscribe, IPv_Type: ipv6, Location: 美国-加利福尼亚州-圣克拉拉, ISP: DigitalOcean, Date: None, Delay: 0.1 ms, Speed: inf M/s, Resolution: 1920x1080
Name: CCTV-4, URL: https://www.freetv.top/migu/608807419.m3u8?migutoken=e2fddc8b0c2fe505d1d8eada5b1f83dd20360ebfe0adcabfc7e64546305a240ee00c76ffab76b1d2091c9b93a868da387c465be6c1e7b46c66996127d6734102a426e7a3478c2fd972b071d5f2, From: subscribe, IPv_Type: ipv6, Location: 美国-加利福尼亚州-圣克拉拉, ISP: DigitalOcean, Date: None, Delay: 0.1 ms, Speed: inf M/s, Resolution: 1920x1080
Name: CCTV-4, URL: https://smart.pendy.dpdns.org/Smart.php?id=Cctv4, From: subscribe, IPv_Type: ipv6, Location: 美国, ISP: CloudFlare Inc., Date: None, Delay: 0.1 ms, Speed: inf M/s, Resolution: 1920x1080
Name: CCTV-4, URL: http://www.freetv.top/migu/631780421.m3u8?migutoken=7acf39385ea80b0efa77b918418fcf998d00455e8b98e02dff92961440d989e3b7da00ef24731d327c410f2ef9ceb51e2137c20b2b606646542ce4643521747bf78b7533b3ec604bba63ffdf43, From: subscribe, IPv_Type: ipv6, Location: 美国-加利福尼亚州-圣克拉拉, ISP: DigitalOcean, Date: None, Delay: 0.1 ms, Speed: inf M/s, Resolution: 1920x1080
Name: CCTV-4, URL: https://www.freetv.top/migu/608807416.m3u8?migutoken=85c9fb128ac91587cf67086436bd4af8631774375811d0d14ba7158ffb2f56b528e7e92a2da4c2f8bd757394265b58efcbccdce316306a1dae700620a73e52c2ab049d8bd223c049567a8c10bf, From: subscribe, IPv_Type: ipv6, Location: 美国-加利福尼亚州-圣克拉拉, ISP: DigitalOcean, Date: None, Delay: 0.1 ms, Speed: inf M/s, Resolution: 1920x1080
Name: CCTV-4, URL: https://www.freetv.top/migu/608807416.m3u8?migutoken=94d24df192f212e52d7c222dfab7df5ce4aad53db2766a6c4275a4c1e796cf13fb231906f792af9bc717ce1ccafa62165ebdc66b02fb0882cd5beac443921d36883a491d2b549a5509d63534e1, From: subscribe, IPv_Type: ipv6, Location: 美国-加利福尼亚州-圣克拉拉, ISP: DigitalOcean, Date: None, Delay: 0.1 ms, Speed: inf M/s, Resolution: 1920x1080
Name: CCTV-4, URL: https://www.freetv.top/migu/608807419.m3u8?migutoken=6a212f7bbb565d15fa1837af03bca5806c8d1522a2c9b34b1ed1c0f3cd23e6d7c4761bb6b35c9de97d923f603f557e6edb2ee11c80decc83bddea897b5c7ac59a7efea8e4796cbbfcf1b3fc93c, From: subscribe, IPv_Type: ipv6, Location: 美国-加利福尼亚州-圣克拉拉, ISP: DigitalOcean, Date: None, Delay: 0.1 ms, Speed: inf M/s, Resolution: 1920x1080
Name: CCTV-4, URL: http://yc.myds.me:35455/gaoma/cctv4.m3u8, From: subscribe, IPv_Type: ipv6, Location: 中国, ISP: 中国电信, Date: None, Delay: 0.1 ms, Speed: inf M/s, Resolution: 1920x1080
Name: CCTV-4, URL: http://iptv.cdn.ha.chinamobile.com/PLTV/88888888/224/3221227235/index.m3u8, From: subscribe, IPv_Type: ipv6, Location: 中国, ISP: 中国移动, Date: None, Delay: 0.1 ms, Speed: inf M/s, Resolution: 1920x1080
Name: CCTV-4, URL: https://stream1.freetv.fun/0e299805282d3470a1b2622405ec34d49fe09424ab15bdeaa14eb2442bb3c9cf.m3u8, From: subscribe, IPv_Type: ipv6, Location: 美国, ISP: CloudFlare Inc., Date: None, Delay: 0.1 ms, Speed: inf M/s, Resolution: 1920x1080
Name: CCTV-4, URL: https://stream1.freetv.fun/1bf0211b5baaa7f1430933ff2f78b4a1117b0f8e250a718adfba91a694024f4d.m3u8, From: subscribe, IPv_Type: ipv6, Location: 美国, ISP: CloudFlare Inc., Date: None, Delay: 0.1 ms, Speed: inf M/s, Resolution: 1920x1080
Name: CCTV-4, URL: https://stream1.freetv.fun/54376a4d22fadd3ac7fb8fcc0b92321f9a5736c597ad6f68cacb0a2e835cf92b.m3u8, From: subscribe, IPv_Type: ipv6, Location: 美国, ISP: CloudFlare Inc., Date: None, Delay: 0.1 ms, Speed: inf M/s, Resolution: 1920x1080
Name: CCTV-4, URL: https://stream1.freetv.fun/0d839f5d81e4bf543f91e5413de15e99bc658de9826ea59d16333bc8cb664b44.m3u8, From: subscribe, IPv_Type: ipv6, Location: 美国, ISP: CloudFlare Inc., Date: None, Delay: 0.1 ms, Speed: inf M/s, Resolution: 1920x1080
Name: CCTV-4, URL: https://stream1.freetv.fun/2f1e3c9d65bfe24a6528f5bf7ef0c04c6f31d388d96148f28f7cd72a25cd9a8c.m3u8, From: subscribe, IPv_Type: ipv6, Location: 美国, ISP: CloudFlare Inc., Date: None, Delay: 0.1 ms, Speed: inf M/s, Resolution: 1920x1080
Name: CCTV-4, URL: https://stream1.freetv.fun/6695f13d9d21c7db41f985c194e89b3e985f6c257c9555f989a489a45c196962.m3u8, From: subscribe, IPv_Type: ipv6, Location: 美国, ISP: CloudFlare Inc., Date: None, Delay: 0.1 ms, Speed: inf M/s, Resolution: 1920x1080
Name: CCTV-4, URL: https://stream1.freetv.fun/a08330156a94fcf328198df9c025121caaf5cca68fe9e303fa936ae40cee5887.m3u8, From: subscribe, IPv_Type: ipv6, Location: 美国, ISP: CloudFlare Inc., Date: None, Delay: 0.1 ms, Speed: inf M/s, Resolution: 1920x1080
Name: CCTV-4, URL: https://stream1.freetv.fun/4d07bdd45298f5188e1e215d557f8b1703d924d4e874e864fd160d4d7f3cae16.m3u8, From: subscribe, IPv_Type: ipv6, Location: 美国, ISP: CloudFlare Inc., Date: None, Delay: 0.1 ms, Speed: inf M/s, Resolution: 1920x1080
Name: CCTV-4, URL: https://stream1.freetv.fun/6caa56fec0c41d3a0a710a1d0bfcda38105e22d8e4110fabf7ab91a3f203f901.m3u8, From: subscribe, IPv_Type: ipv6, Location: 美国, ISP: CloudFlare Inc., Date: None, Delay: 0.1 ms, Speed: inf M/s, Resolution: 1920x1080
Name: CCTV-4, URL: https://stream1.freetv.fun/5ecf26f2e60ac62579cd196934377718114f8d8a41503e8354c446c72f1b09b7.m3u8, From: subscribe, IPv_Type: ipv6, Location: 美国, ISP: CloudFlare Inc., Date: None, Delay: 0.1 ms, Speed: inf M/s, Resolution: 1920x1080
Name: CCTV-4, URL: https://stream1.freetv.fun/65ac61c6c6a2b58f5eb41469958413367ff7af3ad84bc702885b5afd3327fcb0.m3u8, From: subscribe, IPv_Type: ipv6, Location: 美国, ISP: CloudFlare Inc., Date: None, Delay: 0.1 ms, Speed: inf M/s, Resolution: 1920x1080
Name: CCTV-4, URL: https://stream1.freetv.fun/e883b241b7e6be61d2659dd68b1d538f0dc881bae104df44b9a6f8323b6234c9.m3u8, From: subscribe, IPv_Type: ipv6, Location: 美国, ISP: CloudFlare Inc., Date: None, Delay: 0.1 ms, Speed: inf M/s, Resolution: 1920x1080
Name: CCTV-4, URL: https://stream1.freetv.fun/9dca82acae622047c106cad98fa866a026074d1dfd956b0a1f7555f6dd5077ad.m3u8, From: subscribe, IPv_Type: ipv6, Location: 美国, ISP: CloudFlare Inc., Date: None, Delay: 0.1 ms, Speed: inf M/s, Resolution: 1920x1080
Name: CCTV-4, URL: https://stream1.freetv.fun/ef9b087371bda4714a5baf1f17f93e9dc7cfd2890eab472f3058709c17b3315f.m3u8, From: subscribe, IPv_Type: ipv6, Location: 美国, ISP: CloudFlare Inc., Date: None, Delay: 0.1 ms, Speed: inf M/s, Resolution: 1920x1080
Name: CCTV-4, URL: https://stream1.freetv.fun/8af67b32b047b43e35713509603dd92263f344a13fae50eb202a7956458229fb.m3u8, From: subscribe, IPv_Type: ipv6, Location: 美国, ISP: CloudFlare Inc., Date: None, Delay: 0.1 ms, Speed: inf M/s, Resolution: 1920x1080
Name: CCTV-4, URL: https://stream1.freetv.fun/43229ec03f2ba5352c33770df9061aa26a5624068b51b1c1ed9ab98c9109acf6.m3u8, From: subscribe, IPv_Type: ipv6, Location: 美国, ISP: CloudFlare Inc., Date: None, Delay: 0.1 ms, Speed: inf M/s, Resolution: 1920x1080
Name: CCTV-4, URL: https://stream1.freetv.fun/a722b1d2e56f302d937c1860fb90c5fa0f5cdc3154486dea6a906089073fc71a.m3u8, From: subscribe, IPv_Type: ipv6, Location: 美国, ISP: CloudFlare Inc., Date: None, Delay: 0.1 ms, Speed: inf M/s, Resolution: 1920x1080
Name: CCTV-4, URL: http://lu.wqwqwq.sbs/itv/1000000005000265004.m3u8?cdn=ystenlive, From: subscribe, IPv_Type: ipv6, Location: 美国, ISP: CloudFlare Inc., Date: None, Delay: 0.1 ms, Speed: inf M/s, Resolution: 1920x1080
Name: CCTV-4, URL: http://[2409:8087:5e01:34::22]:6610/ZTE_CMS/00000001000000060000000000000485/index.m3u8?IAS, From: subscribe, IPv_Type: ipv6, Location: 中国, ISP: 中国移动, Date: None, Delay: 0.1 ms, Speed: inf M/s, Resolution: 1920x1080
Name: CCTV-4, URL: http://[2409:8087:5e01:34::23]:6610/ZTE_CMS/00000001000000060000000000000485/index.m3u8?IAS, From: subscribe, IPv_Type: ipv6, Location: 中国, ISP: 中国移动, Date: None, Delay: 0.1 ms, Speed: inf M/s, Resolution: 1920x1080
Name: CCTV-4, URL: http://[2409:8087:5e01:34::21]:6610/ZTE_CMS/00000001000000060000000000000485/index.m3u8?IAS, From: subscribe, IPv_Type: ipv6, Location: 中国, ISP: 中国移动, Date: None, Delay: 0.1 ms, Speed: inf M/s, Resolution: 1920x1080
Name: CCTV-4, URL: http://[2409:8087:5e01:34::20]:6610/ZTE_CMS/00000001000000060000000000000485/index.m3u8?IAS, From: subscribe, IPv_Type: ipv6, Location: 中国, ISP: 中国移动, Date: None, Delay: 0.1 ms, Speed: inf M/s, Resolution: 1920x1080
Name: CCTV-4, URL: http://dbiptv.sn.chinamobile.com/PLTV/88888890/224/3221226191/index.m3u8, From: subscribe, IPv_Type: ipv6, Location: 中国, ISP: 中国移动, Date: None, Delay: 0.1 ms, Speed: inf M/s, Resolution: 1920x1080
Name: CCTV-4, URL: https://stream1.freetv.fun/964a51445ff33a4d13e786b28b01992fa55022cfc28c81c5f24497d1131a5d18.m3u8, From: subscribe, IPv_Type: ipv6, Location: 美国, ISP: CloudFlare Inc., Date: None, Delay: 0.1 ms, Speed: inf M/s, Resolution: 1920x1080
Name: CCTV-4, URL: http://zteres.sn.chinamobile.com:6060/000000001000/5000000011000031102/1.m3u8?channel-id=bestzb&Contentid=5000000011000031102&livemode=1&stbId=3, From: subscribe, IPv_Type: ipv6, Location: 中国, ISP: 中国移动, Date: None, Delay: 0.1 ms, Speed: inf M/s, Resolution: 1920x1080
Name: CCTV-4, URL: http://zteres.sn.chinamobile.com:6060/000000001000/5000000005000030093/1.m3u8?channel-id=bestzb&Contentid=5000000005000030093&livemode=1&stbId=3, From: subscribe, IPv_Type: ipv6, Location: 中国, ISP: 中国移动, Date: None, Delay: 0.1 ms, Speed: inf M/s, Resolution: 1920x1080
Name: CCTV-4, URL: http://[2409:8087:4c0a:22:1::11]:6410/170000001115/UmaiCHAN5000037BESTVSMGSMG/index.m3u8?AuthInfo=9kOOdBn7MFF%2F2bWjKgahUSpr1AVNI633ampcuzdN%2BfH0ZQXwaiVktPr6ILPKXqwOUC2ZXft7ZULN6h9qLQPFOTSlVTfophiKaMb8h1kPV74, From: subscribe, IPv_Type: ipv6, Location: 中国, ISP: 中国移动, Date: None, Delay: 0.1 ms, Speed: inf M/s, Resolution: 1920x1080
Name: CCTV-4, URL: http://[2409:8087:2001:20:2800:0:df6e:eb21]:80/PLTV/1/224/3221231032/1.m3u8, From: subscribe, IPv_Type: ipv6, Location: 中国, ISP: 中国移动, Date: None, Delay: 0.1 ms, Speed: inf M/s, Resolution: 1920x1080
Name: CCTV-4, URL: http://[2409:8087:2001:20:2800:0:df6e:eb20]:80/PLTV/1/224/3221230948/1.m3u8, From: subscribe, IPv_Type: ipv6, Location: 中国, ISP: 中国移动, Date: None, Delay: 0.1 ms, Speed: inf M/s, Resolution: 1920x1080
Name: CCTV-4, URL: http://[2409:8087:5e01:34::38]:6610/ZTE_CMS/00000001000000060000000000000485/index.m3u8, From: subscribe, IPv_Type: ipv6, Location: 中国, ISP: 中国移动, Date: None, Delay: 0.1 ms, Speed: inf M/s, Resolution: 1920x1080
Name: CCTV-4, URL: http://[2409:8087:5e00:24::1e]:6060/200000001898/460000089800010017/index.m3u8, From: subscribe, IPv_Type: ipv6, Location: 中国, ISP: 中国移动, Date: None, Delay: 0.1 ms, Speed: inf M/s, Resolution: 1920x1080
Name: CCTV-4, URL: http://[2409:8087:5e00:24::1f]:6060/ZTE_CMS/00000001000000060000000000000485/index.m3u8, From: subscribe, IPv_Type: ipv6, Location: 中国, ISP: 中国移动, Date: None, Delay: 0.1 ms, Speed: inf M/s, Resolution: 1920x1080
Name: CCTV-4, URL: http://[2409:8087:74f0:22::4]:6410/270000001128/9900000503/index.m3u8, From: subscribe, IPv_Type: ipv6, Location: 中国, ISP: 中国移动, Date: None, Delay: 0.1 ms, Speed: inf M/s, Resolution: 1920x1080
Name: CCTV-4, URL: http://[2409:8087:1a01:df::7005]/ottrrs.hl.chinamobile.com/PLTV/88888888/224/3221226428/index.m3u8, From: subscribe, IPv_Type: ipv6, Location: 中国, ISP: 中国移动, Date: None, Delay: 0.1 ms, Speed: inf M/s, Resolution: 1920x1080
Name: CCTV-4, URL: http://[2409:8087:3869:8021:1001::e5]:6610/PLTV/88888910/224/3221225621/index.m3u8, From: subscribe, IPv_Type: ipv6, Location: 中国, ISP: 中国移动, Date: None, Delay: -1 ms, Speed: 0.00 M/s, Resolution: None
Name: CCTV-4, URL: http://rrs01.hw.gmcc.net:8088/PLTV/81/224/3221226725/1.m3u8, From: subscribe, IPv_Type: ipv6, Location: 中国, ISP: 中国移动, Date: None, Delay: -1 ms, Speed: 0.00 M/s, Resolution: None
Name: CCTV-4, URL: http://k.061899.xyz/m.php?id=cctv4, From: subscribe, IPv_Type: ipv6, Location: 新加坡, ISP: Aceville Pte.Ltd., Date: None, Delay: -1 ms, Speed: 0.00 M/s, Resolution: None
Name: CCTV-4, URL: http://[2409:8087:1a15:10d1::38]/ottrrs.hl.chinamobile.com/PLTV/88888888/224/3221226428/index.m3u8, From: subscribe, IPv_Type: ipv6, Location: 中国, ISP: 中国移动, Date: None, Delay: -1 ms, Speed: 0.00 M/s, Resolution: None
Name: CCTV-4, URL: http://[2409:8087:1a15:10d1::33]/ottrrs.hl.chinamobile.com/PLTV/88888888/224/3221226428/index.m3u8, From: subscribe, IPv_Type: ipv6, Location: 中国, ISP: 中国移动, Date: None, Delay: -1 ms, Speed: 0.00 M/s, Resolution: None
Name: CCTV-4, URL: http://[2409:8087:5e08:25::16]:6610/200000001898/460000089800010017/1.m3u8, From: subscribe, IPv_Type: ipv6, Location: 中国, ISP: 中国移动, Date: None, Delay: -1 ms, Speed: 0.00 M/s, Resolution: None
Name: CCTV-4, URL: https://migu.188766.xyz/?migutoken=3d802213eab2a75785cb2ca72b1e6312&id=CCTV4%E7%BE%8E%E6%B4%B2&type=yy, From: subscribe, IPv_Type: ipv6, Location: 美国, ISP: CloudFlare Inc., Date: None, Delay: -1 ms, Speed: 0.00 M/s, Resolution: None
Name: CCTV-4, URL: https://mgtv.ottiptv.cc/migu/631780421.m3u8?migutoken=efbfeba358cdc62147983f23f7d8b32e00c8c065390d8311181a7f77e958b716e07fc64d85ebe0fcaadd44898d17ba4690cc11e3c0ce6fea4ef4261c897bd3cd601edfbee436a003ea29fa2dc5, From: subscribe, IPv_Type: ipv6, Location: 美国-新泽西州-巴赛克, ISP: DigitalOcean, Date: None, Delay: -1 ms, Speed: 0.00 M/s, Resolution: None
Name: CCTV-4, URL: https://cc06.tv12.xyz/4.m3u8, From: subscribe, IPv_Type: ipv6, Location: 美国, ISP: CloudFlare Inc., Date: None, Delay: -1 ms, Speed: 0.00 M/s, Resolution: None
Name: CCTV-4, URL: http://gslbmgsplive.miguvideo.com/wd_r2/cctv/cctv4hd/1500/index.m3u8?msisdn=202509190801308fe70f6dc4854c3fad185f53c57d5cc0&mdspid=&spid=699004&netType=0&sid=5500346947&pid=2028597139&timestamp=20250919080130&Channel_ID=0116_2600000900-99000-201600010010027&ProgramID=631780421&ParentNodeID=-99&assertID=5500346947&client_ip=106.13.250.88&SecurityKey=20250919080130&promotionId=&mvid=5101064235&mcid=500020&playurlVersion=WX-A1-8.9.1-RELEASE&userid=&jmhm=&videocodec=h264&bean=mgspad&tid=android&conFee=0&puData=2e7eb244df5a42302584ddc673524601&ddCalcu=120ee6714e12b05234746dcfd5da44825320, From: subscribe, IPv_Type: ipv6, Location: 中国, ISP: 中国移动, Date: None, Delay: -1 ms, Speed: 0.00 M/s, Resolution: None
Name: CCTV-4, URL: https://live.chinacert.cftest5.cn/mg/?id=631780421, From: subscribe, IPv_Type: ipv6, Location: 中国, ISP: 中国移动, Date: None, Delay: -1 ms, Speed: 0.00 M/s, Resolution: None
Name: CCTV-4, URL: https://migu.188766.xyz/?migutoken=303731a9816aa58b5df7c98b2604690c&id=CCTV4&type=yy, From: subscribe, IPv_Type: ipv6, Location: 美国, ISP: CloudFlare Inc., Date: None, Delay: -1 ms, Speed: 0.00 M/s, Resolution: None
Name: CCTV-4, URL: https://migu.188766.xyz/?migutoken=ed823365bd2cdd798ee4a8840035eade&id=CCTV4%E6%AC%A7%E6%B4%B2&type=yy, From: subscribe, IPv_Type: ipv6, Location: 美国, ISP: CloudFlare Inc., Date: None, Delay: -1 ms, Speed: 0.00 M/s, Resolution: None
Name: CCTV-4, URL: https://migu.188766.xyz/?migutoken=aeb1d22e6e9fab491978b686f650398b&id=CCTV4%E7%BE%8E%E6%B4%B2&type=yy, From: subscribe, IPv_Type: ipv6, Location: 美国, ISP: CloudFlare Inc., Date: None, Delay: -1 ms, Speed: 0.00 M/s, Resolution: None
Name: CCTV-4, URL: http://[2409:8087:8:21::18]:6610/otttv.bj.chinamobile.com/PLTV/88888888/224/3221226335/1.m3u8?, From: subscribe, IPv_Type: ipv6, Location: 中国, ISP: 中国移动, Date: None, Delay: -1 ms, Speed: 0.00 M/s, Resolution: None
Name: CCTV-4, URL: https://migu.188766.xyz/?migutoken=cc8e7a7f22807c3da6ef053c2d1e0f43&id=CCTV4&type=yy, From: subscribe, IPv_Type: ipv6, Location: 美国, ISP: CloudFlare Inc., Date: None, Delay: -1 ms, Speed: 0.00 M/s, Resolution: None
Name: CCTV-4, URL: https://migu.188766.xyz/?migutoken=1aee1413ae54406f20e46e251446faf0&id=CCTV4%E6%AC%A7%E6%B4%B2&type=yy, From: subscribe, IPv_Type: ipv6, Location: 美国, ISP: CloudFlare Inc., Date: None, Delay: -1 ms, Speed: 0.00 M/s, Resolution: None
Name: CCTV-4, URL: https://migu.188766.xyz/?migutoken=64a2786fe644515d53ba13e4af3fe406&id=CCTV4%E7%BE%8E%E6%B4%B2&type=yy, From: subscribe, IPv_Type: ipv6, Location: 美国, ISP: CloudFlare Inc., Date: None, Delay: -1 ms, Speed: 0.00 M/s, Resolution: None
Name: CCTV-4, URL: https://migu.188766.xyz/?migutoken=bcf1554d71518c409382ec6e38592bfa&id=CCTV4&type=yy, From: subscribe, IPv_Type: ipv6, Location: 美国, ISP: CloudFlare Inc., Date: None, Delay: -1 ms, Speed: 0.00 M/s, Resolution: None
Name: CCTV-4, URL: https://migu.188766.xyz/?migutoken=f9fd67d07db25d383ba679ddd262d111&id=CCTV4%E6%AC%A7%E6%B4%B2&type=yy, From: subscribe, IPv_Type: ipv6, Location: 美国, ISP: CloudFlare Inc., Date: None, Delay: -1 ms, Speed: 0.00 M/s, Resolution: None
Name: CCTV-4, URL: https://migu.188766.xyz/?migutoken=38aafa3d793b993851f82db562b7a6af&id=CCTV4%E7%BE%8E%E6%B4%B2&type=yy, From: subscribe, IPv_Type: ipv6, Location: 美国, ISP: CloudFlare Inc., Date: None, Delay: -1 ms, Speed: 0.00 M/s, Resolution: None
Name: CCTV-4, URL: https://migu.188766.xyz/?migutoken=5c2233001efd4160e33812a60c39388f&id=CCTV4&type=yy, From: subscribe, IPv_Type: ipv6, Location: 美国, ISP: CloudFlare Inc., Date: None, Delay: -1 ms, Speed: 0.00 M/s, Resolution: None
Name: CCTV-4, URL: https://migu.188766.xyz/?migutoken=65cd00a60e4e9f183056d2b784fb8522&id=CCTV4%E6%AC%A7%E6%B4%B2&type=yy, From: subscribe, IPv_Type: ipv6, Location: 美国, ISP: CloudFlare Inc., Date: None, Delay: -1 ms, Speed: 0.00 M/s, Resolution: None
Name: CCTV-4, URL: https://migu.188766.xyz/?migutoken=ce90b35e240745c0fce1d4024a27985a&id=CCTV4%E7%BE%8E%E6%B4%B2&type=yy, From: subscribe, IPv_Type: ipv6, Location: 美国, ISP: CloudFlare Inc., Date: None, Delay: -1 ms, Speed: 0.00 M/s, Resolution: None
Name: CCTV-4, URL: https://migu.188766.xyz/?migutoken=3e278212b1ffb5a7d794e2c757717853&id=CCTV4&type=yy, From: subscribe, IPv_Type: ipv6, Location: 美国, ISP: CloudFlare Inc., Date: None, Delay: -1 ms, Speed: 0.00 M/s, Resolution: None
Name: CCTV-4, URL: https://migu.188766.xyz/?migutoken=4182000cff6bd2e56e88d5b8c7ad5a80&id=CCTV4%E6%AC%A7%E6%B4%B2&type=yy, From: subscribe, IPv_Type: ipv6, Location: 美国, ISP: CloudFlare Inc., Date: None, Delay: -1 ms, Speed: 0.00 M/s, Resolution: None
Name: CCTV-4, URL: https://migu.188766.xyz/?migutoken=422e3817de3023049230c19238fbf1ae&id=CCTV4%E7%BE%8E%E6%B4%B2&type=yy, From: subscribe, IPv_Type: ipv6, Location: 美国, ISP: CloudFlare Inc., Date: None, Delay: -1 ms, Speed: 0.00 M/s, Resolution: None
Name: CCTV-4, URL: https://migu.188766.xyz/?migutoken=3816fbc3547b0eb4f755925de2bcd720&id=CCTV4&type=yy, From: subscribe, IPv_Type: ipv6, Location: 美国, ISP: CloudFlare Inc., Date: None, Delay: -1 ms, Speed: 0.00 M/s, Resolution: None
Name: CCTV-4, URL: https://migu.188766.xyz/?migutoken=79ea7698101938ce5753bf8bfaab8329&id=CCTV4%E6%AC%A7%E6%B4%B2&type=yy, From: subscribe, IPv_Type: ipv6, Location: 美国, ISP: CloudFlare Inc., Date: None, Delay: -1 ms, Speed: 0.00 M/s, Resolution: None
Name: CCTV-4, URL: https://migu.188766.xyz/?migutoken=96acb8d444220563558287eb771f9bee&id=CCTV4%E7%BE%8E%E6%B4%B2&type=yy, From: subscribe, IPv_Type: ipv6, Location: 美国, ISP: CloudFlare Inc., Date: None, Delay: -1 ms, Speed: 0.00 M/s, Resolution: None
Name: CCTV-4, URL: https://migu.188766.xyz/?migutoken=471ac8b3b40c02e2d7190958ff8a30c8&id=CCTV4&type=yy, From: subscribe, IPv_Type: ipv6, Location: 美国, ISP: CloudFlare Inc., Date: None, Delay: -1 ms, Speed: 0.00 M/s, Resolution: None
Name: CCTV-4, URL: https://migu.188766.xyz/?migutoken=4c402087adca201c17bad99b0d84c79c&id=CCTV4%E6%AC%A7%E6%B4%B2&type=yy, From: subscribe, IPv_Type: ipv6, Location: 美国, ISP: CloudFlare Inc., Date: None, Delay: -1 ms, Speed: 0.00 M/s, Resolution: None
Name: CCTV-4, URL: https://migu.188766.xyz/?migutoken=398f530860599d29a239b938704d6a7d&id=CCTV4%E7%BE%8E%E6%B4%B2&type=yy, From: subscribe, IPv_Type: ipv6, Location: 美国, ISP: CloudFlare Inc., Date: None, Delay: -1 ms, Speed: 0.00 M/s, Resolution: None
Name: CCTV-4, URL: https://migu.188766.xyz/?migutoken=de896fed586a70ec4cefae279cb13faf&id=CCTV4&type=yy, From: subscribe, IPv_Type: ipv6, Location: 美国, ISP: CloudFlare Inc., Date: None, Delay: -1 ms, Speed: 0.00 M/s, Resolution: None
Name: CCTV-4, URL: https://migu.188766.xyz/?migutoken=f2fa66dda1580b8f1cb9a56e427850ea&id=CCTV4%E6%AC%A7%E6%B4%B2&type=yy, From: subscribe, IPv_Type: ipv6, Location: 美国, ISP: CloudFlare Inc., Date: None, Delay: -1 ms, Speed: 0.00 M/s, Resolution: None
Name: CCTV-4, URL: https://migu.188766.xyz/?migutoken=a2f3aec6719d473813c8472fa1f8ba84&id=CCTV4%E7%BE%8E%E6%B4%B2&type=yy, From: subscribe, IPv_Type: ipv6, Location: 美国, ISP: CloudFlare Inc., Date: None, Delay: -1 ms, Speed: 0.00 M/s, Resolution: None
Name: CCTV-4, URL: https://iptv.catvod.com/live.php?id=CCTV4, From: subscribe, IPv_Type: ipv6, Location: 美国, ISP: CloudFlare Inc., Date: None, Delay: -1 ms, Speed: 0.00 M/s, Resolution: None
Name: CCTV-4, URL: https://migu.188766.xyz/?migutoken=dbe679ad2c07f1fc691323920ca09b86&id=CCTV4&type=yy, From: subscribe, IPv_Type: ipv6, Location: 美国, ISP: CloudFlare Inc., Date: None, Delay: -1 ms, Speed: 0.00 M/s, Resolution: None
Name: CCTV-4, URL: https://migu.188766.xyz/?migutoken=4e39116a9d7a869aad35bd837cf310e1&id=CCTV4%E6%AC%A7%E6%B4%B2&type=yy, From: subscribe, IPv_Type: ipv6, Location: 美国, ISP: CloudFlare Inc., Date: None, Delay: -1 ms, Speed: 0.00 M/s, Resolution: None
Name: CCTV-4, URL: https://migu.188766.xyz/?migutoken=34efd621ccb70daed9e36612a5242df4&id=CCTV4%E7%BE%8E%E6%B4%B2&type=yy, From: subscribe, IPv_Type: ipv6, Location: 美国, ISP: CloudFlare Inc., Date: None, Delay: -1 ms, Speed: 0.00 M/s, Resolution: None
Name: CCTV-4, URL: https://migu.188766.xyz/?migutoken=dab486dc6b917e443ac3740d3d4587d1&id=CCTV4&type=yy, From: subscribe, IPv_Type: ipv6, Location: 美国, ISP: CloudFlare Inc., Date: None, Delay: -1 ms, Speed: 0.00 M/s, Resolution: None
Name: CCTV-4, URL: https://migu.188766.xyz/?migutoken=25f5a92e4bb0c45050b126e52663a745&id=CCTV4%E6%AC%A7%E6%B4%B2&type=yy, From: subscribe, IPv_Type: ipv6, Location: 美国, ISP: CloudFlare Inc., Date: None, Delay: -1 ms, Speed: 0.00 M/s, Resolution: None
Name: CCTV-4, URL: https://migu.188766.xyz/?migutoken=0897ca4c639666fb44d0cda511ff0a0f&id=CCTV4%E7%BE%8E%E6%B4%B2&type=yy, From: subscribe, IPv_Type: ipv6, Location: 美国, ISP: CloudFlare Inc., Date: None, Delay: -1 ms, Speed: 0.00 M/s, Resolution: None
Name: CCTV-4, URL: https://migu.188766.xyz/?migutoken=e23116fd511ce86859d159f0bbd915b4&id=CCTV4&type=yy, From: subscribe, IPv_Type: ipv6, Location: 美国, ISP: CloudFlare Inc., Date: None, Delay: -1 ms, Speed: 0.00 M/s, Resolution: None
Name: CCTV-4, URL: https://migu.188766.xyz/?migutoken=d02c2292ece4ef3f141a20c7900f1346&id=CCTV4%E6%AC%A7%E6%B4%B2&type=yy, From: subscribe, IPv_Type: ipv6, Location: 美国, ISP: CloudFlare Inc., Date: None, Delay: -1 ms, Speed: 0.00 M/s, Resolution: None
Name: CCTV-4, URL: https://migu.188766.xyz/?migutoken=1d46cbf78b7fc937364a2b0d00d444eb&id=CCTV4%E7%BE%8E%E6%B4%B2&type=yy, From: subscribe, IPv_Type: ipv6, Location: 美国, ISP: CloudFlare Inc., Date: None, Delay: -1 ms, Speed: 0.00 M/s, Resolution: None
Name: CCTV-4, URL: https://iptv.catvod.com/live.php?id=CCTV-4, From: subscribe, IPv_Type: ipv6, Location: 美国, ISP: CloudFlare Inc., Date: None, Delay: -1 ms, Speed: 0.00 M/s, Resolution: None
Name: CCTV-4, URL: https://migu.188766.xyz/?migutoken=fd064008722f75d99dabbd56d2cd69ab&id=CCTV4&type=yy, From: subscribe, IPv_Type: ipv6, Location: 美国, ISP: CloudFlare Inc., Date: None, Delay: -1 ms, Speed: 0.00 M/s, Resolution: None
Name: CCTV-4, URL: https://migu.188766.xyz/?migutoken=1a63b830b6ced25ed8ad0448b4118219&id=CCTV4%E6%AC%A7%E6%B4%B2&type=yy, From: subscribe, IPv_Type: ipv6, Location: 美国, ISP: CloudFlare Inc., Date: None, Delay: -1 ms, Speed: 0.00 M/s, Resolution: None
Name: CCTV-4, URL: https://migu.188766.xyz/?migutoken=ee8ffd4c8bff8f93d70c456670a738f6&id=CCTV4%E7%BE%8E%E6%B4%B2&type=yy, From: subscribe, IPv_Type: ipv6, Location: 美国, ISP: CloudFlare Inc., Date: None, Delay: -1 ms, Speed: 0.00 M/s, Resolution: None
Name: CCTV-4, URL: https://migu.188766.xyz/?migutoken=80f18b44b8f835e96fabe814dceac931&id=CCTV4&type=yy, From: subscribe, IPv_Type: ipv6, Location: 美国, ISP: CloudFlare Inc., Date: None, Delay: -1 ms, Speed: 0.00 M/s, Resolution: None
Name: CCTV-4, URL: https://migu.188766.xyz/?migutoken=203eee68d18cb527cf6f2e3b881fa845&id=CCTV4%E6%AC%A7%E6%B4%B2&type=yy, From: subscribe, IPv_Type: ipv6, Location: 美国, ISP: CloudFlare Inc., Date: None, Delay: -1 ms, Speed: 0.00 M/s, Resolution: None
Name: CCTV-4, URL: https://migu.188766.xyz/?migutoken=ab47e30a07fad0e39184fced9f2ae5fc&id=CCTV4%E7%BE%8E%E6%B4%B2&type=yy, From: subscribe, IPv_Type: ipv6, Location: 美国, ISP: CloudFlare Inc., Date: None, Delay: -1 ms, Speed: 0.00 M/s, Resolution: None
Name: CCTV-4, URL: http://gslbmgsplive.miguvideo.com/wd_r2/cctv/cctv4hd/600/index.m3u8?msisdn=202512120802071050854c19104a48a90784ded4cfe60a&mdspid=&spid=699004&netType=0&sid=5500346947&pid=2028597139&timestamp=20251212080207&Channel_ID=0116_2600037000-99000-200300220100002&ProgramID=631780421&ParentNodeID=-99&assertID=5500346947&client_ip=218.28.233.106&SecurityKey=20251212080207&promotionId=&mvid=5101064235&mcid=500020&playurlVersion=ZQ-A1-8.12.1-RELEASE&userid=&jmhm=&videocodec=h264&appCode=miguvideo_android&bean=mgspad&tid=android&conFee=0&puData=6cb111e31d81efa1071ebd8de4857830&ddCalcu=063cv8ba71y51a814ee3d18dd8b1ee1f7a01&sv=10004&ct=android, From: subscribe, IPv_Type: ipv6, Location: 中国, ISP: 中国移动, Date: None, Delay: -1 ms, Speed: 0.00 M/s, Resolution: None
Name: CCTV-4, URL: https://dash2.antik.sk/live/test_cctv_tizen/playlist.m3u8, From: subscribe, IPv_Type: ipv6, Location: 斯洛伐克, ISP: , Date: None, Delay: -1 ms, Speed: 0.00 M/s, Resolution: None
Name: CCTV-4, URL: https://migu.188766.xyz/?migutoken=178c143a5e206f466e58de2f6698eb1c&id=CCTV4&type=yy, From: subscribe, IPv_Type: ipv6, Location: 美国, ISP: CloudFlare Inc., Date: None, Delay: -1 ms, Speed: 0.00 M/s, Resolution: None
Name: CCTV-4, URL: https://migu.188766.xyz/?migutoken=da4e05745949e7d2e73f9edd0407a356&id=CCTV4%E6%AC%A7%E6%B4%B2&type=yy, From: subscribe, IPv_Type: ipv6, Location: 美国, ISP: CloudFlare Inc., Date: None, Delay: -1 ms, Speed: 0.00 M/s, Resolution: None
Name: CCTV-4, URL: https://migu.188766.xyz/?migutoken=051f502097a0a3f2b19a79ab93696c86&id=CCTV4%E7%BE%8E%E6%B4%B2&type=yy, From: subscribe, IPv_Type: ipv6, Location: 美国, ISP: CloudFlare Inc., Date: None, Delay: -1 ms, Speed: 0.00 M/s, Resolution: None
Name: CCTV-4, URL: https://migu.188766.xyz/?migutoken=1285df0e0a705ebd8094756c013ccd87&id=CCTV4&type=yy, From: subscribe, IPv_Type: ipv6, Location: 美国, ISP: CloudFlare Inc., Date: None, Delay: -1 ms, Speed: 0.00 M/s, Resolution: None
Name: CCTV-4, URL: https://migu.188766.xyz/?migutoken=c04d9eb443df21cc996ea6058cf66f43&id=CCTV4%E6%AC%A7%E6%B4%B2&type=yy, From: subscribe, IPv_Type: ipv6, Location: 美国, ISP: CloudFlare Inc., Date: None, Delay: -1 ms, Speed: 0.00 M/s, Resolution: None
Name: CCTV-4, URL: https://migu.188766.xyz/?migutoken=41d4d687c3ac0429a1ac06177d0a48e3&id=CCTV4%E7%BE%8E%E6%B4%B2&type=yy, From: subscribe, IPv_Type: ipv6, Location: 美国, ISP: CloudFlare Inc., Date: None, Delay: -1 ms, Speed: 0.00 M/s, Resolution: None
Name: CCTV-4, URL: https://migu.188766.xyz/?migutoken=87718f7e6146f2b5e528b36290726232&id=CCTV4&type=yy, From: subscribe, IPv_Type: ipv6, Location: 美国, ISP: CloudFlare Inc., Date: None, Delay: -1 ms, Speed: 0.00 M/s, Resolution: None
Name: CCTV-4, URL: https://migu.188766.xyz/?migutoken=e278507798b91001652d9753730806c4&id=CCTV4%E6%AC%A7%E6%B4%B2&type=yy, From: subscribe, IPv_Type: ipv6, Location: 美国, ISP: CloudFlare Inc., Date: None, Delay: -1 ms, Speed: 0.00 M/s, Resolution: None
Name: CCTV-4, URL: https://migu.188766.xyz/?migutoken=e868f8ff515f75cfe6dd528ecf6d7de4&id=CCTV4%E7%BE%8E%E6%B4%B2&type=yy, From: subscribe, IPv_Type: ipv6, Location: 美国, ISP: CloudFlare Inc., Date: None, Delay: -1 ms, Speed: 0.00 M/s, Resolution: None
Name: CCTV-4, URL: https://migu.188766.xyz/?migutoken=b3f87c804b488a4dbabc1b1b4d55d59b&id=CCTV4&type=yy, From: subscribe, IPv_Type: ipv6, Location: 美国, ISP: CloudFlare Inc., Date: None, Delay: -1 ms, Speed: 0.00 M/s, Resolution: None
Name: CCTV-4, URL: https://migu.188766.xyz/?migutoken=6a06314d6b4691441d34e72cad087bc5&id=CCTV4%E6%AC%A7%E6%B4%B2&type=yy, From: subscribe, IPv_Type: ipv6, Location: 美国, ISP: CloudFlare Inc., Date: None, Delay: -1 ms, Speed: 0.00 M/s, Resolution: None
Name: CCTV-4, URL: https://migu.188766.xyz/?migutoken=cdfe59ebfd981390838047a2623b2d2e&id=CCTV4%E7%BE%8E%E6%B4%B2&type=yy, From: subscribe, IPv_Type: ipv6, Location: 美国, ISP: CloudFlare Inc., Date: None, Delay: -1 ms, Speed: 0.00 M/s, Resolution: None
Name: CCTV-4, URL: https://migu.188766.xyz/?migutoken=35a4672e60eca213cb81158b7fd3817f&id=CCTV4&type=yy, From: subscribe, IPv_Type: ipv6, Location: 美国, ISP: CloudFlare Inc., Date: None, Delay: -1 ms, Speed: 0.00 M/s, Resolution: None
Name: CCTV-4, URL: https://migu.188766.xyz/?migutoken=bda91fc45ad75dfdac3148fe6a57044e&id=CCTV4%E6%AC%A7%E6%B4%B2&type=yy, From: subscribe, IPv_Type: ipv6, Location: 美国, ISP: CloudFlare Inc., Date: None, Delay: -1 ms, Speed: 0.00 M/s, Resolution: None
Name: CCTV-4, URL: https://migu.188766.xyz/?migutoken=196c4ceab188a8fb789008ceec8498dc&id=CCTV4%E7%BE%8E%E6%B4%B2&type=yy, From: subscribe, IPv_Type: ipv6, Location: 美国, ISP: CloudFlare Inc., Date: None, Delay: -1 ms, Speed: 0.00 M/s, Resolution: None
Name: CCTV-4, URL: https://migu.188766.xyz/?migutoken=623cfe2327e588e9c10d031c03b61ff3&id=CCTV4&type=yy, From: subscribe, IPv_Type: ipv6, Location: 美国, ISP: CloudFlare Inc., Date: None, Delay: -1 ms, Speed: 0.00 M/s, Resolution: None
Name: CCTV-4, URL: https://migu.188766.xyz/?migutoken=2050341c7b577bf35aab9ecab1d3080a&id=CCTV4%E6%AC%A7%E6%B4%B2&type=yy, From: subscribe, IPv_Type: ipv6, Location: 美国, ISP: CloudFlare Inc., Date: None, Delay: -1 ms, Speed: 0.00 M/s, Resolution: None
Name: CCTV-4, URL: https://migu.188766.xyz/?migutoken=ef3fdba327da36be9239ce1918ea5ab6&id=CCTV4%E7%BE%8E%E6%B4%B2&type=yy, From: subscribe, IPv_Type: ipv6, Location: 美国, ISP: CloudFlare Inc., Date: None, Delay: -1 ms, Speed: 0.00 M/s, Resolution: None
Name: CCTV-4, URL: https://migu.188766.xyz/?migutoken=bc5ab27a7f64cf27830ef038b84de289&id=CCTV4&type=yy, From: subscribe, IPv_Type: ipv6, Location: 美国, ISP: CloudFlare Inc., Date: None, Delay: -1 ms, Speed: 0.00 M/s, Resolution: None
Name: CCTV-4, URL: https://migu.188766.xyz/?migutoken=70dcf48c890df16e1c5634de206a3b40&id=CCTV4%E6%AC%A7%E6%B4%B2&type=yy, From: subscribe, IPv_Type: ipv6, Location: 美国, ISP: CloudFlare Inc., Date: None, Delay: -1 ms, Speed: 0.00 M/s, Resolution: None
Name: CCTV-4, URL: https://migu.188766.xyz/?migutoken=cc182419d657a3d4a70a7ce9dcdf9154&id=CCTV4%E7%BE%8E%E6%B4%B2&type=yy, From: subscribe, IPv_Type: ipv6, Location: 美国, ISP: CloudFlare Inc., Date: None, Delay: -1 ms, Speed: 0.00 M/s, Resolution: None
Name: CCTV-4, URL: https://migu.188766.xyz/?migutoken=ff25cd670f0b0590139042ee206443c7&id=CCTV4&type=yy, From: subscribe, IPv_Type: ipv6, Location: 美国, ISP: CloudFlare Inc., Date: None, Delay: -1 ms, Speed: 0.00 M/s, Resolution: None
Name: CCTV-4, URL: https://migu.188766.xyz/?migutoken=6c030592f960d3fbf6e214ecd76d49b5&id=CCTV4%E6%AC%A7%E6%B4%B2&type=yy, From: subscribe, IPv_Type: ipv6, Location: 美国, ISP: CloudFlare Inc., Date: None, Delay: -1 ms, Speed: 0.00 M/s, Resolution: None
Name: CCTV-4, URL: https://migu.188766.xyz/?migutoken=f78c8fbd9ab051f04ce5f1d006b62ddd&id=CCTV4%E7%BE%8E%E6%B4%B2&type=yy, From: subscribe, IPv_Type: ipv6, Location: 美国, ISP: CloudFlare Inc., Date: None, Delay: -1 ms, Speed: 0.00 M/s, Resolution: None
Name: CCTV-4, URL: https://migu.188766.xyz/?migutoken=116a3108e9dbae1bace7a84baeda2fe0&id=CCTV4&type=yy, From: subscribe, IPv_Type: ipv6, Location: 美国, ISP: CloudFlare Inc., Date: None, Delay: -1 ms, Speed: 0.00 M/s, Resolution: None
Name: CCTV-4, URL: https://migu.188766.xyz/?migutoken=ca0eb2c4526136e66257c1175a90ceec&id=CCTV4%E6%AC%A7%E6%B4%B2&type=yy, From: subscribe, IPv_Type: ipv6, Location: 美国, ISP: CloudFlare Inc., Date: None, Delay: -1 ms, Speed: 0.00 M/s, Resolution: None
Name: CCTV-4, URL: https://migu.188766.xyz/?migutoken=d25c5db6ac5f18cdcb86ca1726eff3cc&id=CCTV4%E7%BE%8E%E6%B4%B2&type=yy, From: subscribe, IPv_Type: ipv6, Location: 美国, ISP: CloudFlare Inc., Date: None, Delay: -1 ms, Speed: 0.00 M/s, Resolution: None
Name: CCTV-4, URL: https://migu.188766.xyz/?migutoken=d5f658016518b8f48db63c349f53203f&id=CCTV4&type=yy, From: subscribe, IPv_Type: ipv6, Location: 美国, ISP: CloudFlare Inc., Date: None, Delay: -1 ms, Speed: 0.00 M/s, Resolution: None
Name: CCTV-4, URL: https://migu.188766.xyz/?migutoken=e45f1331d9a6b5574f7bc278fc758553&id=CCTV4%E6%AC%A7%E6%B4%B2&type=yy, From: subscribe, IPv_Type: ipv6, Location: 美国, ISP: CloudFlare Inc., Date: None, Delay: -1 ms, Speed: 0.00 M/s, Resolution: None
Name: CCTV-4, URL: https://migu.188766.xyz/?migutoken=0762ba6428f9d864d60a54f8049491e5&id=CCTV4%E7%BE%8E%E6%B4%B2&type=yy, From: subscribe, IPv_Type: ipv6, Location: 美国, ISP: CloudFlare Inc., Date: None, Delay: -1 ms, Speed: 0.00 M/s, Resolution: None
Name: CCTV-4, URL: https://migu.188766.xyz/?migutoken=12f241b64a20cda6f5745e46f80d009f&id=CCTV4&type=yy, From: subscribe, IPv_Type: ipv6, Location: 美国, ISP: CloudFlare Inc., Date: None, Delay: -1 ms, Speed: 0.00 M/s, Resolution: None
Name: CCTV-4, URL: https://migu.188766.xyz/?migutoken=6a19af6e1dae0224fe6630226dff6155&id=CCTV4%E6%AC%A7%E6%B4%B2&type=yy, From: subscribe, IPv_Type: ipv6, Location: 美国, ISP: CloudFlare Inc., Date: None, Delay: -1 ms, Speed: 0.00 M/s, Resolution: None
Name: CCTV-4, URL: https://migu.188766.xyz/?migutoken=be483d71894032aac12c893d8a2538dd&id=CCTV4%E7%BE%8E%E6%B4%B2&type=yy, From: subscribe, IPv_Type: ipv6, Location: 美国, ISP: CloudFlare Inc., Date: None, Delay: -1 ms, Speed: 0.00 M/s, Resolution: None
Name: CCTV-4, URL: https://migu.188766.xyz/?migutoken=2096739dbf5947d3ea1058acabdb84af&id=CCTV4&type=yy, From: subscribe, IPv_Type: ipv6, Location: 美国, ISP: CloudFlare Inc., Date: None, Delay: -1 ms, Speed: 0.00 M/s, Resolution: None
Name: CCTV-4, URL: https://migu.188766.xyz/?migutoken=ad36a5dc16f6be56073ce94b64aa2e04&id=CCTV4%E6%AC%A7%E6%B4%B2&type=yy, From: subscribe, IPv_Type: ipv6, Location: 美国, ISP: CloudFlare Inc., Date: None, Delay: -1 ms, Speed: 0.00 M/s, Resolution: None
Name: CCTV-4, URL: https://migu.188766.xyz/?migutoken=34349146661e2af69045cf99605da17c&id=CCTV4%E7%BE%8E%E6%B4%B2&type=yy, From: subscribe, IPv_Type: ipv6, Location: 美国, ISP: CloudFlare Inc., Date: None, Delay: -1 ms, Speed: 0.00 M/s, Resolution: None
Name: CCTV-4, URL: https://migu.188766.xyz/?migutoken=cda681198f00e7ca10ca8e318a9f2ae8&id=CCTV4&type=yy, From: subscribe, IPv_Type: ipv6, Location: 美国, ISP: CloudFlare Inc., Date: None, Delay: -1 ms, Speed: 0.00 M/s, Resolution: None
Name: CCTV-4, URL: https://migu.188766.xyz/?migutoken=bbfc5c4fc7713f8d8b913569814fd0c5&id=CCTV4%E6%AC%A7%E6%B4%B2&type=yy, From: subscribe, IPv_Type: ipv6, Location: 美国, ISP: CloudFlare Inc., Date: None, Delay: -1 ms, Speed: 0.00 M/s, Resolution: None
Name: CCTV-4, URL: https://migu.188766.xyz/?migutoken=3cb0c706ac93167a9db15aabc74b4503&id=CCTV4%E7%BE%8E%E6%B4%B2&type=yy, From: subscribe, IPv_Type: ipv6, Location: 美国, ISP: CloudFlare Inc., Date: None, Delay: -1 ms, Speed: 0.00 M/s, Resolution: None
Name: CCTV-4, URL: https://migu.188766.xyz/?migutoken=d5cca09f865538d64bf1d7003365235a&id=CCTV4&type=yy, From: subscribe, IPv_Type: ipv6, Location: 美国, ISP: CloudFlare Inc., Date: None, Delay: -1 ms, Speed: 0.00 M/s, Resolution: None
Name: CCTV-4, URL: https://migu.188766.xyz/?migutoken=8308c6c1922026af8562edf0ddfc2b76&id=CCTV4%E6%AC%A7%E6%B4%B2&type=yy, From: subscribe, IPv_Type: ipv6, Location: 美国, ISP: CloudFlare Inc., Date: None, Delay: -1 ms, Speed: 0.00 M/s, Resolution: None
Name: CCTV-4, URL: https://migu.188766.xyz/?migutoken=640720bb6e1856c9b2df32c4619d5862&id=CCTV4%E7%BE%8E%E6%B4%B2&type=yy, From: subscribe, IPv_Type: ipv6, Location: 美国, ISP: CloudFlare Inc., Date: None, Delay: -1 ms, Speed: 0.00 M/s, Resolution: None
Name: CCTV-4, URL: https://migu.188766.xyz/?migutoken=4badae08a83e929aa53e93897c21d637&id=CCTV4&type=yy, From: subscribe, IPv_Type: ipv6, Location: 美国, ISP: CloudFlare Inc., Date: None, Delay: -1 ms, Speed: 0.00 M/s, Resolution: None
Name: CCTV-4, URL: https://migu.188766.xyz/?migutoken=aae8d58dfe295f9595d40d9c612a7880&id=CCTV4%E6%AC%A7%E6%B4%B2&type=yy, From: subscribe, IPv_Type: ipv6, Location: 美国, ISP: CloudFlare Inc., Date: None, Delay: -1 ms, Speed: 0.00 M/s, Resolution: None
Name: CCTV-4, URL: https://migu.188766.xyz/?migutoken=17add4d91660b2e0763463959577e995&id=CCTV4%E7%BE%8E%E6%B4%B2&type=yy, From: subscribe, IPv_Type: ipv6, Location: 美国, ISP: CloudFlare Inc., Date: None, Delay: -1 ms, Speed: 0.00 M/s, Resolution: None
Name: CCTV-4, URL: https://migu.188766.xyz/?migutoken=45a7eadb701a060a02730ab0ce51b635&id=CCTV4&type=yy, From: subscribe, IPv_Type: ipv6, Location: 美国, ISP: CloudFlare Inc., Date: None, Delay: -1 ms, Speed: 0.00 M/s, Resolution: None
Name: CCTV-4, URL: https://migu.188766.xyz/?migutoken=235ff06b8e917138cb00120ef271172a&id=CCTV4%E6%AC%A7%E6%B4%B2&type=yy, From: subscribe, IPv_Type: ipv6, Location: 美国, ISP: CloudFlare Inc., Date: None, Delay: -1 ms, Speed: 0.00 M/s, Resolution: None
Name: CCTV-4, URL: https://migu.188766.xyz/?migutoken=3b3042841a083d5470ca222bce1d66c3&id=CCTV4%E7%BE%8E%E6%B4%B2&type=yy, From: subscribe, IPv_Type: ipv6, Location: 美国, ISP: CloudFlare Inc., Date: None, Delay: -1 ms, Speed: 0.00 M/s, Resolution: None
Name: CCTV-4, URL: https://migu.188766.xyz/?migutoken=86ce256c70d06486281d1c8b774fc0ae&id=CCTV4&type=yy, From: subscribe, IPv_Type: ipv6, Location: 美国, ISP: CloudFlare Inc., Date: None, Delay: -1 ms, Speed: 0.00 M/s, Resolution: None
Name: CCTV-4, URL: https://migu.188766.xyz/?migutoken=5f864dca9bdfe8d87f0c5d034c6d5bd6&id=CCTV4%E6%AC%A7%E6%B4%B2&type=yy, From: subscribe, IPv_Type: ipv6, Location: 美国, ISP: CloudFlare Inc., Date: None, Delay: -1 ms, Speed: 0.00 M/s, Resolution: None
Name: CCTV-4, URL: https://migu.188766.xyz/?migutoken=8b3d7de10de044e07603c32079c9890c&id=CCTV4%E7%BE%8E%E6%B4%B2&type=yy, From: subscribe, IPv_Type: ipv6, Location: 美国, ISP: CloudFlare Inc., Date: None, Delay: -1 ms, Speed: 0.00 M/s, Resolution: None
Name: CCTV-4, URL: https://migu.188766.xyz/?migutoken=e181429aa35be31503ae711a024faf64&id=CCTV4&type=yy, From: subscribe, IPv_Type: ipv6, Location: 美国, ISP: CloudFlare Inc., Date: None, Delay: -1 ms, Speed: 0.00 M/s, Resolution: None
Name: CCTV-4, URL: https://migu.188766.xyz/?migutoken=20174757859f3acd1bb1f2a383235571&id=CCTV4%E6%AC%A7%E6%B4%B2&type=yy, From: subscribe, IPv_Type: ipv6, Location: 美国, ISP: CloudFlare Inc., Date: None, Delay: -1 ms, Speed: 0.00 M/s, Resolution: None
Name: CCTV-4, URL: https://migu.188766.xyz/?migutoken=277eea70169602ea8ab8728dfad09980&id=CCTV4%E7%BE%8E%E6%B4%B2&type=yy, From: subscribe, IPv_Type: ipv6, Location: 美国, ISP: CloudFlare Inc., Date: None, Delay: -1 ms, Speed: 0.00 M/s, Resolution: None
Name: CCTV-4, URL: https://migu.188766.xyz/?migutoken=fd3e9db5d50b3d22829202f477a7de88&id=CCTV4&type=yy, From: subscribe, IPv_Type: ipv6, Location: 美国, ISP: CloudFlare Inc., Date: None, Delay: -1 ms, Speed: 0.00 M/s, Resolution: None
Name: CCTV-4, URL: https://migu.188766.xyz/?migutoken=8726e01da0c0826f2cc56d403bc54285&id=CCTV4%E6%AC%A7%E6%B4%B2&type=yy, From: subscribe, IPv_Type: ipv6, Location: 美国, ISP: CloudFlare Inc., Date: None, Delay: -1 ms, Speed: 0.00 M/s, Resolution: None
Name: CCTV-4, URL: https://migu.188766.xyz/?migutoken=e031abbfdde4d5022bbdfb33a83f31ec&id=CCTV4%E7%BE%8E%E6%B4%B2&type=yy, From: subscribe, IPv_Type: ipv6, Location: 美国, ISP: CloudFlare Inc., Date: None, Delay: -1 ms, Speed: 0.00 M/s, Resolution: None
Name: CCTV-4, URL: https://migu.188766.xyz/?migutoken=dc6f16a12ec14642df7a0cb05470e482&id=CCTV4&type=yy, From: subscribe, IPv_Type: ipv6, Location: 美国, ISP: CloudFlare Inc., Date: None, Delay: -1 ms, Speed: 0.00 M/s, Resolution: None
Name: CCTV-4, URL: https://migu.188766.xyz/?migutoken=bf654c88023b1c57c8e91c4b08eb2ed6&id=CCTV4%E6%AC%A7%E6%B4%B2&type=yy, From: subscribe, IPv_Type: ipv6, Location: 美国, ISP: CloudFlare Inc., Date: None, Delay: -1 ms, Speed: 0.00 M/s, Resolution: None
Name: CCTV-4, URL: https://migu.188766.xyz/?migutoken=60373d91892515e93841ffbd8621a519&id=CCTV4%E7%BE%8E%E6%B4%B2&type=yy, From: subscribe, IPv_Type: ipv6, Location: 美国, ISP: CloudFlare Inc., Date: None, Delay: -1 ms, Speed: 0.00 M/s, Resolution: None
Name: CCTV-4, URL: https://migu.188766.xyz/?migutoken=50b261f8c1727075fea0b99d2ec749bc&id=CCTV4&type=yy, From: subscribe, IPv_Type: ipv6, Location: 美国, ISP: CloudFlare Inc., Date: None, Delay: -1 ms, Speed: 0.00 M/s, Resolution: None
Name: CCTV-4, URL: https://migu.188766.xyz/?migutoken=c68746ccec059f933ccd81b49dde7e71&id=CCTV4%E6%AC%A7%E6%B4%B2&type=yy, From: subscribe, IPv_Type: ipv6, Location: 美国, ISP: CloudFlare Inc., Date: None, Delay: -1 ms, Speed: 0.00 M/s, Resolution: None
Name: CCTV-4, URL: https://migu.188766.xyz/?migutoken=d2d740f21307b9e068163fe7722e0428&id=CCTV4%E7%BE%8E%E6%B4%B2&type=yy, From: subscribe, IPv_Type: ipv6, Location: 美国, ISP: CloudFlare Inc., Date: None, Delay: -1 ms, Speed: 0.00 M/s, Resolution: None
Name: CCTV-4, URL: https://migu.188766.xyz/?migutoken=cb9cc92eac006d7b81d2dd46bef57c99&id=CCTV4&type=yy, From: subscribe, IPv_Type: ipv6, Location: 美国, ISP: CloudFlare Inc., Date: None, Delay: -1 ms, Speed: 0.00 M/s, Resolution: None
Name: CCTV-4, URL: https://migu.188766.xyz/?migutoken=a1abe96dea73e0c573c49b4afe1d04a1&id=CCTV4%E6%AC%A7%E6%B4%B2&type=yy, From: subscribe, IPv_Type: ipv6, Location: 美国, ISP: CloudFlare Inc., Date: None, Delay: -1 ms, Speed: 0.00 M/s, Resolution: None
Name: CCTV-4, URL: https://migu.188766.xyz/?migutoken=06f6bc601557d3bd425de57e721e54b8&id=CCTV4%E7%BE%8E%E6%B4%B2&type=yy, From: subscribe, IPv_Type: ipv6, Location: 美国, ISP: CloudFlare Inc., Date: None, Delay: -1 ms, Speed: 0.00 M/s, Resolution: None
Name: CCTV-4, URL: https://migu.188766.xyz/?migutoken=e9fe6c4ced8f5cdfd601e6b701045155&id=CCTV4&type=yy, From: subscribe, IPv_Type: ipv6, Location: 美国, ISP: CloudFlare Inc., Date: None, Delay: -1 ms, Speed: 0.00 M/s, Resolution: None
Name: CCTV-4, URL: https://migu.188766.xyz/?migutoken=b2c2f8bb41e92091a6eb44c77194bad8&id=CCTV4%E6%AC%A7%E6%B4%B2&type=yy, From: subscribe, IPv_Type: ipv6, Location: 美国, ISP: CloudFlare Inc., Date: None, Delay: -1 ms, Speed: 0.00 M/s, Resolution: None
Name: CCTV-4, URL: https://migu.188766.xyz/?migutoken=cc266b96f289031d0d077c3620d42ddb&id=CCTV4%E7%BE%8E%E6%B4%B2&type=yy, From: subscribe, IPv_Type: ipv6, Location: 美国, ISP: CloudFlare Inc., Date: None, Delay: -1 ms, Speed: 0.00 M/s, Resolution: None
Name: CCTV-4, URL: https://migu.188766.xyz/?migutoken=c9cfc8ee5405263448dcdce25ae758fd&id=CCTV4&type=yy, From: subscribe, IPv_Type: ipv6, Location: 美国, ISP: CloudFlare Inc., Date: None, Delay: -1 ms, Speed: 0.00 M/s, Resolution: None
Name: CCTV-4, URL: https://migu.188766.xyz/?migutoken=b14bc869c9e30d0a1d39c6c349eb62ef&id=CCTV4%E6%AC%A7%E6%B4%B2&type=yy, From: subscribe, IPv_Type: ipv6, Location: 美国, ISP: CloudFlare Inc., Date: None, Delay: -1 ms, Speed: 0.00 M/s, Resolution: None
Name: CCTV-4, URL: https://migu.188766.xyz/?migutoken=32a317c433e0ea079c8925b3c4aa1703&id=CCTV4%E7%BE%8E%E6%B4%B2&type=yy, From: subscribe, IPv_Type: ipv6, Location: 美国, ISP: CloudFlare Inc., Date: None, Delay: -1 ms, Speed: 0.00 M/s, Resolution: None
Name: CCTV-4, URL: https://migu.188766.xyz/?migutoken=0b95b99eed76e9ba1b529ace684d259c&id=CCTV4&type=yy, From: subscribe, IPv_Type: ipv6, Location: 美国, ISP: CloudFlare Inc., Date: None, Delay: -1 ms, Speed: 0.00 M/s, Resolution: None
Name: CCTV-4, URL: https://migu.188766.xyz/?migutoken=545c88767be574dc163a987ea6750810&id=CCTV4%E6%AC%A7%E6%B4%B2&type=yy, From: subscribe, IPv_Type: ipv6, Location: 美国, ISP: CloudFlare Inc., Date: None, Delay: -1 ms, Speed: 0.00 M/s, Resolution: None
Name: CCTV-4, URL: https://migu.188766.xyz/?migutoken=e8c503829f4a7d6f96cbf4759713a4bd&id=CCTV4%E7%BE%8E%E6%B4%B2&type=yy, From: subscribe, IPv_Type: ipv6, Location: 美国, ISP: CloudFlare Inc., Date: None, Delay: -1 ms, Speed: 0.00 M/s, Resolution: None
Name: CCTV-4, URL: https://migu.188766.xyz/?migutoken=5a62eec209f2f4fa8f4421599346cfaa&id=CCTV4&type=yy, From: subscribe, IPv_Type: ipv6, Location: 美国, ISP: CloudFlare Inc., Date: None, Delay: -1 ms, Speed: 0.00 M/s, Resolution: None
Name: CCTV-4, URL: https://migu.188766.xyz/?migutoken=8c1df4798163667cb832f4cc144757d3&id=CCTV4%E6%AC%A7%E6%B4%B2&type=yy, From: subscribe, IPv_Type: ipv6, Location: 美国, ISP: CloudFlare Inc., Date: None, Delay: -1 ms, Speed: 0.00 M/s, Resolution: None
Name: CCTV-4, URL: https://migu.188766.xyz/?migutoken=6ab980a1c93998f0665eb49bb9d7daac&id=CCTV4%E7%BE%8E%E6%B4%B2&type=yy, From: subscribe, IPv_Type: ipv6, Location: 美国, ISP: CloudFlare Inc., Date: None, Delay: -1 ms, Speed: 0.00 M/s, Resolution: None
Name: CCTV-4, URL: https://migu.188766.xyz/?migutoken=b7351949e5971a1d1664369143a853d7&id=CCTV4&type=yy, From: subscribe, IPv_Type: ipv6, Location: 美国, ISP: CloudFlare Inc., Date: None, Delay: -1 ms, Speed: 0.00 M/s, Resolution: None
Name: CCTV-4, URL: https://migu.188766.xyz/?migutoken=8da2b2bd4841ddc0448520e48aaad63a&id=CCTV4%E6%AC%A7%E6%B4%B2&type=yy, From: subscribe, IPv_Type: ipv6, Location: 美国, ISP: CloudFlare Inc., Date: None, Delay: -1 ms, Speed: 0.00 M/s, Resolution: None
Name: CCTV-4, URL: https://migu.188766.xyz/?migutoken=bbe10e8abeadb00e898bd11b6368ff16&id=CCTV4%E7%BE%8E%E6%B4%B2&type=yy, From: subscribe, IPv_Type: ipv6, Location: 美国, ISP: CloudFlare Inc., Date: None, Delay: -1 ms, Speed: 0.00 M/s, Resolution: None
Name: CCTV-4, URL: https://migu.188766.xyz/?migutoken=c905e6d0e63f25a36d023b418037e9d2&id=CCTV4&type=yy, From: subscribe, IPv_Type: ipv6, Location: 美国, ISP: CloudFlare Inc., Date: None, Delay: -1 ms, Speed: 0.00 M/s, Resolution: None
Name: CCTV-4, URL: https://migu.188766.xyz/?migutoken=1007e3415eee5e20eff4e2a6ba85e8a1&id=CCTV4%E6%AC%A7%E6%B4%B2&type=yy, From: subscribe, IPv_Type: ipv6, Location: 美国, ISP: CloudFlare Inc., Date: None, Delay: -1 ms, Speed: 0.00 M/s, Resolution: None
Name: CCTV-4, URL: https://migu.188766.xyz/?migutoken=e0c535f775e8bb0a5251db1d214d0584&id=CCTV4%E7%BE%8E%E6%B4%B2&type=yy, From: subscribe, IPv_Type: ipv6, Location: 美国, ISP: CloudFlare Inc., Date: None, Delay: -1 ms, Speed: 0.00 M/s, Resolution: None
Name: CCTV-4, URL: https://migu.188766.xyz/?migutoken=0ef1c998369a238cdcb6d4f112032151&id=CCTV4&type=yy, From: subscribe, IPv_Type: ipv6, Location: 美国, ISP: CloudFlare Inc., Date: None, Delay: -1 ms, Speed: 0.00 M/s, Resolution: None
Name: CCTV-4, URL: https://migu.188766.xyz/?migutoken=9661567aed2227822645c1fe94b97993&id=CCTV4%E6%AC%A7%E6%B4%B2&type=yy, From: subscribe, IPv_Type: ipv6, Location: 美国, ISP: CloudFlare Inc., Date: None, Delay: -1 ms, Speed: 0.00 M/s, Resolution: None
Name: CCTV-4, URL: https://migu.188766.xyz/?migutoken=23007688fc75bbf874b66f0d610eaf5c&id=CCTV4%E7%BE%8E%E6%B4%B2&type=yy, From: subscribe, IPv_Type: ipv6, Location: 美国, ISP: CloudFlare Inc., Date: None, Delay: -1 ms, Speed: 0.00 M/s, Resolution: None
Name: CCTV-4, URL: https://migu.188766.xyz/?migutoken=9e9a11a42a50229b45da009cf7f5f5b2&id=CCTV4&type=yy, From: subscribe, IPv_Type: ipv6, Location: 美国, ISP: CloudFlare Inc., Date: None, Delay: -1 ms, Speed: 0.00 M/s, Resolution: None
Name: CCTV-4, URL: https://migu.188766.xyz/?migutoken=7befe3b1a9eeb9603887e17888976ca3&id=CCTV4%E6%AC%A7%E6%B4%B2&type=yy, From: subscribe, IPv_Type: ipv6, Location: 美国, ISP: CloudFlare Inc., Date: None, Delay: -1 ms, Speed: 0.00 M/s, Resolution: None
Name: CCTV-4, URL: https://migu.188766.xyz/?migutoken=1fb381d40f341ec4d02cb223e8d52740&id=CCTV4%E7%BE%8E%E6%B4%B2&type=yy, From: subscribe, IPv_Type: ipv6, Location: 美国, ISP: CloudFlare Inc., Date: None, Delay: -1 ms, Speed: 0.00 M/s, Resolution: None
Name: CCTV-4, URL: https://migu.188766.xyz/?migutoken=59c2095392084ae77c5fc85c18d2e51c&id=CCTV4&type=yy, From: subscribe, IPv_Type: ipv6, Location: 美国, ISP: CloudFlare Inc., Date: None, Delay: -1 ms, Speed: 0.00 M/s, Resolution: None
Name: CCTV-4, URL: https://migu.188766.xyz/?migutoken=47a2f69c3d9594e375067d6842259cf9&id=CCTV4%E6%AC%A7%E6%B4%B2&type=yy, From: subscribe, IPv_Type: ipv6, Location: 美国, ISP: CloudFlare Inc., Date: None, Delay: -1 ms, Speed: 0.00 M/s, Resolution: None
Name: CCTV-4, URL: https://migu.188766.xyz/?migutoken=cfba6d7f8a7055a6865b05dd99d84e65&id=CCTV4%E7%BE%8E%E6%B4%B2&type=yy, From: subscribe, IPv_Type: ipv6, Location: 美国, ISP: CloudFlare Inc., Date: None, Delay: -1 ms, Speed: 0.00 M/s, Resolution: None
Name: CCTV-4, URL: https://migu.188766.xyz/?migutoken=852648f4ebf992095e620e1dda0603f1&id=CCTV4&type=yy, From: subscribe, IPv_Type: ipv6, Location: 美国, ISP: CloudFlare Inc., Date: None, Delay: -1 ms, Speed: 0.00 M/s, Resolution: None
Name: CCTV-4, URL: https://migu.188766.xyz/?migutoken=f589fc6affebd1ecd786819ba75d24d1&id=CCTV4%E6%AC%A7%E6%B4%B2&type=yy, From: subscribe, IPv_Type: ipv6, Location: 美国, ISP: CloudFlare Inc., Date: None, Delay: -1 ms, Speed: 0.00 M/s, Resolution: None
Name: CCTV-4, URL: https://migu.188766.xyz/?migutoken=81392478c69ea09beea8e5f205fed74c&id=CCTV4%E7%BE%8E%E6%B4%B2&type=yy, From: subscribe, IPv_Type: ipv6, Location: 美国, ISP: CloudFlare Inc., Date: None, Delay: -1 ms, Speed: 0.00 M/s, Resolution: None
Name: CCTV-4, URL: https://migu.188766.xyz/?migutoken=e89c6f525c253c27ae6d3d45b0e3d406&id=CCTV4&type=yy, From: subscribe, IPv_Type: ipv6, Location: 美国, ISP: CloudFlare Inc., Date: None, Delay: -1 ms, Speed: 0.00 M/s, Resolution: None
Name: CCTV-4, URL: https://migu.188766.xyz/?migutoken=ca6bfdb734437d0b67b446631798e8ac&id=CCTV4%E6%AC%A7%E6%B4%B2&type=yy, From: subscribe, IPv_Type: ipv6, Location: 美国, ISP: CloudFlare Inc., Date: None, Delay: -1 ms, Speed: 0.00 M/s, Resolution: None
Name: CCTV-4, URL: https://migu.188766.xyz/?migutoken=efd5d063791da255a9ec1e5a23694ed0&id=CCTV4%E7%BE%8E%E6%B4%B2&type=yy, From: subscribe, IPv_Type: ipv6, Location: 美国, ISP: CloudFlare Inc., Date: None, Delay: -1 ms, Speed: 0.00 M/s, Resolution: None
Name: CCTV-4, URL: https://migu.188766.xyz/?migutoken=f54d140223ea8c55f0c4b1b89afaecde&id=CCTV4&type=yy, From: subscribe, IPv_Type: ipv6, Location: 美国, ISP: CloudFlare Inc., Date: None, Delay: -1 ms, Speed: 0.00 M/s, Resolution: None
Name: CCTV-4, URL: https://migu.188766.xyz/?migutoken=ddb00a73920fc57fd5130632e5f53397&id=CCTV4%E6%AC%A7%E6%B4%B2&type=yy, From: subscribe, IPv_Type: ipv6, Location: 美国, ISP: CloudFlare Inc., Date: None, Delay: -1 ms, Speed: 0.00 M/s, Resolution: None
Name: CCTV-4, URL: https://migu.188766.xyz/?migutoken=14ae13263503b6fdec10b833a8aee724&id=CCTV4%E7%BE%8E%E6%B4%B2&type=yy, From: subscribe, IPv_Type: ipv6, Location: 美国, ISP: CloudFlare Inc., Date: None, Delay: -1 ms, Speed: 0.00 M/s, Resolution: None
Name: CCTV-4, URL: https://migu.188766.xyz/?migutoken=c6d83ffff4900149fd6ff7f367a67f40&id=CCTV4&type=yy, From: subscribe, IPv_Type: ipv6, Location: 美国, ISP: CloudFlare Inc., Date: None, Delay: -1 ms, Speed: 0.00 M/s, Resolution: None
Name: CCTV-4, URL: https://migu.188766.xyz/?migutoken=8b23847ee96c21b85e51c76cfb15752a&id=CCTV4%E6%AC%A7%E6%B4%B2&type=yy, From: subscribe, IPv_Type: ipv6, Location: 美国, ISP: CloudFlare Inc., Date: None, Delay: -1 ms, Speed: 0.00 M/s, Resolution: None
Name: CCTV-4, URL: https://migu.188766.xyz/?migutoken=62715dc437aa1a06f93b6e786c98c526&id=CCTV4%E7%BE%8E%E6%B4%B2&type=yy, From: subscribe, IPv_Type: ipv6, Location: 美国, ISP: CloudFlare Inc., Date: None, Delay: -1 ms, Speed: 0.00 M/s, Resolution: None
Name: CCTV-4, URL: https://migu.188766.xyz/?migutoken=8095f46c75f0d68a44161386e05055b4&id=CCTV4&type=yy, From: subscribe, IPv_Type: ipv6, Location: 美国, ISP: CloudFlare Inc., Date: None, Delay: -1 ms, Speed: 0.00 M/s, Resolution: None
Name: CCTV-4, URL: https://migu.188766.xyz/?migutoken=e155dd3d7b6ad7ad6c4c73132e9088c4&id=CCTV4%E6%AC%A7%E6%B4%B2&type=yy, From: subscribe, IPv_Type: ipv6, Location: 美国, ISP: CloudFlare Inc., Date: None, Delay: -1 ms, Speed: 0.00 M/s, Resolution: None
Name: CCTV-4, URL: https://migu.188766.xyz/?migutoken=8ce1f39999aecb1294333dbd2f5ba257&id=CCTV4%E7%BE%8E%E6%B4%B2&type=yy, From: subscribe, IPv_Type: ipv6, Location: 美国, ISP: CloudFlare Inc., Date: None, Delay: -1 ms, Speed: 0.00 M/s, Resolution: None
Name: CCTV-4, URL: https://migu.188766.xyz/?migutoken=03c20ec173b6334b1e88958a549a3a39&id=CCTV4&type=yy, From: subscribe, IPv_Type: ipv6, Location: 美国, ISP: CloudFlare Inc., Date: None, Delay: -1 ms, Speed: 0.00 M/s, Resolution: None
Name: CCTV-4, URL: https://migu.188766.xyz/?migutoken=1ed15776439a99693406063bf254bb9d&id=CCTV4%E6%AC%A7%E6%B4%B2&type=yy, From: subscribe, IPv_Type: ipv6, Location: 美国, ISP: CloudFlare Inc., Date: None, Delay: -1 ms, Speed: 0.00 M/s, Resolution: None
Name: CCTV-4, URL: https://migu.188766.xyz/?migutoken=547f44e14df4bb4ada174b27d4c2b330&id=CCTV4%E7%BE%8E%E6%B4%B2&type=yy, From: subscribe, IPv_Type: ipv6, Location: 美国, ISP: CloudFlare Inc., Date: None, Delay: -1 ms, Speed: 0.00 M/s, Resolution: None
Name: CCTV-4, URL: https://migu.188766.xyz/?migutoken=0438f7209fb07047409499ebc2851c4d&id=CCTV4&type=yy, From: subscribe, IPv_Type: ipv6, Location: 美国, ISP: CloudFlare Inc., Date: None, Delay: -1 ms, Speed: 0.00 M/s, Resolution: None
Name: CCTV-4, URL: https://migu.188766.xyz/?migutoken=3d22f155005bcd3674e62a1f3c5f943c&id=CCTV4%E6%AC%A7%E6%B4%B2&type=yy, From: subscribe, IPv_Type: ipv6, Location: 美国, ISP: CloudFlare Inc., Date: None, Delay: -1 ms, Speed: 0.00 M/s, Resolution: None
Name: CCTV-4, URL: https://migu.188766.xyz/?migutoken=302541e4df55efa30b3e10f7ced3cbff&id=CCTV4%E7%BE%8E%E6%B4%B2&type=yy, From: subscribe, IPv_Type: ipv6, Location: 美国, ISP: CloudFlare Inc., Date: None, Delay: -1 ms, Speed: 0.00 M/s, Resolution: None
Name: CCTV-4, URL: https://migu.188766.xyz/?migutoken=5a9ab4ffe9a0c89761faa75c599ddc27&id=CCTV4&type=yy, From: subscribe, IPv_Type: ipv6, Location: 美国, ISP: CloudFlare Inc., Date: None, Delay: -1 ms, Speed: 0.00 M/s, Resolution: None
Name: CCTV-4, URL: https://migu.188766.xyz/?migutoken=c13e0eb51796ef4a644c24ca7f8e96b2&id=CCTV4%E6%AC%A7%E6%B4%B2&type=yy, From: subscribe, IPv_Type: ipv6, Location: 美国, ISP: CloudFlare Inc., Date: None, Delay: -1 ms, Speed: 0.00 M/s, Resolution: None
Name: CCTV-4, URL: https://migu.188766.xyz/?migutoken=b87fba62a907a4b720cdb6f9805e24dc&id=CCTV4%E7%BE%8E%E6%B4%B2&type=yy, From: subscribe, IPv_Type: ipv6, Location: 美国, ISP: CloudFlare Inc., Date: None, Delay: -1 ms, Speed: 0.00 M/s, Resolution: None
Name: CCTV-4, URL: https://migu.188766.xyz/?migutoken=09538877bf3364e094f60487e10af2f2&id=CCTV4&type=yy, From: subscribe, IPv_Type: ipv6, Location: 美国, ISP: CloudFlare Inc., Date: None, Delay: -1 ms, Speed: 0.00 M/s, Resolution: None
Name: CCTV-4, URL: https://migu.188766.xyz/?migutoken=7d4ad586133f830e958db9e80817ff77&id=CCTV4%E6%AC%A7%E6%B4%B2&type=yy, From: subscribe, IPv_Type: ipv6, Location: 美国, ISP: CloudFlare Inc., Date: None, Delay: -1 ms, Speed: 0.00 M/s, Resolution: None
Name: CCTV-4, URL: https://migu.188766.xyz/?migutoken=76ac75aa5c052d77805484de55f6bae7&id=CCTV4%E7%BE%8E%E6%B4%B2&type=yy, From: subscribe, IPv_Type: ipv6, Location: 美国, ISP: CloudFlare Inc., Date: None, Delay: -1 ms, Speed: 0.00 M/s, Resolution: None
Name: CCTV-4, URL: https://migu.188766.xyz/?migutoken=b4c519556f8cb9910e78404bc7a165a3&id=CCTV4&type=yy, From: subscribe, IPv_Type: ipv6, Location: 美国, ISP: CloudFlare Inc., Date: None, Delay: -1 ms, Speed: 0.00 M/s, Resolution: None
Name: CCTV-4, URL: https://migu.188766.xyz/?migutoken=f251c82d77d2a1c8de1fbb32cd5b31ce&id=CCTV4%E6%AC%A7%E6%B4%B2&type=yy, From: subscribe, IPv_Type: ipv6, Location: 美国, ISP: CloudFlare Inc., Date: None, Delay: -1 ms, Speed: 0.00 M/s, Resolution: None
Name: CCTV-4, URL: https://migu.188766.xyz/?migutoken=745f11e46cb2248ead0677d1c55a9762&id=CCTV4%E7%BE%8E%E6%B4%B2&type=yy, From: subscribe, IPv_Type: ipv6, Location: 美国, ISP: CloudFlare Inc., Date: None, Delay: -1 ms, Speed: 0.00 M/s, Resolution: None
Name: CCTV-4, URL: https://migu.188766.xyz/?migutoken=5845a07dac602027393a4442dbe52cba&id=CCTV4&type=yy, From: subscribe, IPv_Type: ipv6, Location: 美国, ISP: CloudFlare Inc., Date: None, Delay: -1 ms, Speed: 0.00 M/s, Resolution: None
Name: CCTV-4, URL: https://migu.188766.xyz/?migutoken=7ace76ad4baadc11c3bbb84e18bcbafa&id=CCTV4%E6%AC%A7%E6%B4%B2&type=yy, From: subscribe, IPv_Type: ipv6, Location: 美国, ISP: CloudFlare Inc., Date: None, Delay: -1 ms, Speed: 0.00 M/s, Resolution: None
Name: CCTV-4, URL: https://migu.188766.xyz/?migutoken=aa64e1a645c91f19d4915c77fdaa9a13&id=CCTV4%E7%BE%8E%E6%B4%B2&type=yy, From: subscribe, IPv_Type: ipv6, Location: 美国, ISP: CloudFlare Inc., Date: None, Delay: -1 ms, Speed: 0.00 M/s, Resolution: None
Name: CCTV-4, URL: https://migu.188766.xyz/?migutoken=c5f51f12693033afcd5de949ec0db90f&id=CCTV4&type=yy, From: subscribe, IPv_Type: ipv6, Location: 美国, ISP: CloudFlare Inc., Date: None, Delay: -1 ms, Speed: 0.00 M/s, Resolution: None
Name: CCTV-4, URL: https://migu.188766.xyz/?migutoken=2a9fb077c5df6117ea1d92faea782a11&id=CCTV4%E6%AC%A7%E6%B4%B2&type=yy, From: subscribe, IPv_Type: ipv6, Location: 美国, ISP: CloudFlare Inc., Date: None, Delay: -1 ms, Speed: 0.00 M/s, Resolution: None
Name: CCTV-4, URL: https://migu.188766.xyz/?migutoken=78bc729f344b988c920bdcacd6b13af5&id=CCTV4%E7%BE%8E%E6%B4%B2&type=yy, From: subscribe, IPv_Type: ipv6, Location: 美国, ISP: CloudFlare Inc., Date: None, Delay: -1 ms, Speed: 0.00 M/s, Resolution: None
Name: CCTV-4, URL: https://migu.188766.xyz/?migutoken=6eeb5a71cae497b613b75f47c5d042fa&id=CCTV4&type=yy, From: subscribe, IPv_Type: ipv6, Location: 美国, ISP: CloudFlare Inc., Date: None, Delay: -1 ms, Speed: 0.00 M/s, Resolution: None
Name: CCTV-4, URL: https://migu.188766.xyz/?migutoken=04e8dd1f406d886ac9302c188394be09&id=CCTV4%E6%AC%A7%E6%B4%B2&type=yy, From: subscribe, IPv_Type: ipv6, Location: 美国, ISP: CloudFlare Inc., Date: None, Delay: -1 ms, Speed: 0.00 M/s, Resolution: None
Name: CCTV-4, URL: https://migu.188766.xyz/?migutoken=4fc6141a762d2db1fab26c5a06f271c4&id=CCTV4%E7%BE%8E%E6%B4%B2&type=yy, From: subscribe, IPv_Type: ipv6, Location: 美国, ISP: CloudFlare Inc., Date: None, Delay: -1 ms, Speed: 0.00 M/s, Resolution: None
Name: CCTV-4, URL: https://migu.188766.xyz/?migutoken=02533cb09c54934d4a28e57e12981f23&id=CCTV4&type=yy, From: subscribe, IPv_Type: ipv6, Location: 美国, ISP: CloudFlare Inc., Date: None, Delay: -1 ms, Speed: 0.00 M/s, Resolution: None
Name: CCTV-4, URL: https://migu.188766.xyz/?migutoken=a4c9048c820f7da129d38f72dad9e43f&id=CCTV4%E6%AC%A7%E6%B4%B2&type=yy, From: subscribe, IPv_Type: ipv6, Location: 美国, ISP: CloudFlare Inc., Date: None, Delay: -1 ms, Speed: 0.00 M/s, Resolution: None
Name: CCTV-4, URL: https://migu.188766.xyz/?migutoken=56241ef5b4d99ac355009fc2797ab882&id=CCTV4%E7%BE%8E%E6%B4%B2&type=yy, From: subscribe, IPv_Type: ipv6, Location: 美国, ISP: CloudFlare Inc., Date: None, Delay: -1 ms, Speed: 0.00 M/s, Resolution: None
Name: CCTV-4, URL: https://migu.188766.xyz/?migutoken=70e915efc748dbbd52e3dfcacdc8bea5&id=CCTV4&type=yy, From: subscribe, IPv_Type: ipv6, Location: 美国, ISP: CloudFlare Inc., Date: None, Delay: -1 ms, Speed: 0.00 M/s, Resolution: None
Name: CCTV-4, URL: https://migu.188766.xyz/?migutoken=89d06e35fc7f442d92d3414999f22cd9&id=CCTV4%E6%AC%A7%E6%B4%B2&type=yy, From: subscribe, IPv_Type: ipv6, Location: 美国, ISP: CloudFlare Inc., Date: None, Delay: -1 ms, Speed: 0.00 M/s, Resolution: None
Name: CCTV-4, URL: https://migu.188766.xyz/?migutoken=1d481dc9bf17288d1fff51d94f829e8e&id=CCTV4%E7%BE%8E%E6%B4%B2&type=yy, From: subscribe, IPv_Type: ipv6, Location: 美国, ISP: CloudFlare Inc., Date: None, Delay: -1 ms, Speed: 0.00 M/s, Resolution: None
Name: CCTV-4, URL: https://migu.188766.xyz/?migutoken=e3e18361194cdcb6b8bc2cb9c551645d&id=CCTV4&type=yy, From: subscribe, IPv_Type: ipv6, Location: 美国, ISP: CloudFlare Inc., Date: None, Delay: -1 ms, Speed: 0.00 M/s, Resolution: None
Name: CCTV-4, URL: https://migu.188766.xyz/?migutoken=57d31957832b1176989e3f83b9b9d9de&id=CCTV4%E6%AC%A7%E6%B4%B2&type=yy, From: subscribe, IPv_Type: ipv6, Location: 美国, ISP: CloudFlare Inc., Date: None, Delay: -1 ms, Speed: 0.00 M/s, Resolution: None
Name: CCTV-4, URL: https://migu.188766.xyz/?migutoken=14c09b35436261e59546a2916443ed9f&id=CCTV4%E7%BE%8E%E6%B4%B2&type=yy, From: subscribe, IPv_Type: ipv6, Location: 美国, ISP: CloudFlare Inc., Date: None, Delay: -1 ms, Speed: 0.00 M/s, Resolution: None
Name: CCTV-4, URL: https://migu.188766.xyz/?migutoken=95f54537a5284b77fb4159fcb3aa8af2&id=CCTV4&type=yy, From: subscribe, IPv_Type: ipv6, Location: 美国, ISP: CloudFlare Inc., Date: None, Delay: -1 ms, Speed: 0.00 M/s, Resolution: None
Name: CCTV-4, URL: https://migu.188766.xyz/?migutoken=dcddde729896234c6f153c4721bb96e4&id=CCTV4%E6%AC%A7%E6%B4%B2&type=yy, From: subscribe, IPv_Type: ipv6, Location: 美国, ISP: CloudFlare Inc., Date: None, Delay: -1 ms, Speed: 0.00 M/s, Resolution: None
Name: CCTV-4, URL: https://migu.188766.xyz/?migutoken=ab38fb2273c5ba6437e469d9f5dec23c&id=CCTV4%E7%BE%8E%E6%B4%B2&type=yy, From: subscribe, IPv_Type: ipv6, Location: 美国, ISP: CloudFlare Inc., Date: None, Delay: -1 ms, Speed: 0.00 M/s, Resolution: None
Name: CCTV-4, URL: https://migu.188766.xyz/?migutoken=fbfc6dd888f4891c5591d38b6839c1af&id=CCTV4&type=yy, From: subscribe, IPv_Type: ipv6, Location: 美国, ISP: CloudFlare Inc., Date: None, Delay: -1 ms, Speed: 0.00 M/s, Resolution: None
Name: CCTV-4, URL: https://migu.188766.xyz/?migutoken=a9550e55668ef4e3bb0e51aa77373962&id=CCTV4%E6%AC%A7%E6%B4%B2&type=yy, From: subscribe, IPv_Type: ipv6, Location: 美国, ISP: CloudFlare Inc., Date: None, Delay: -1 ms, Speed: 0.00 M/s, Resolution: None
Name: CCTV-4, URL: https://migu.188766.xyz/?migutoken=0a152288285f2866cb7172d81a60d09a&id=CCTV4%E7%BE%8E%E6%B4%B2&type=yy, From: subscribe, IPv_Type: ipv6, Location: 美国, ISP: CloudFlare Inc., Date: None, Delay: -1 ms, Speed: 0.00 M/s, Resolution: None
Name: CCTV-4, URL: https://migu.188766.xyz/?migutoken=a4c742286b1297fd2ab549dca34cdb7f&id=CCTV4&type=yy, From: subscribe, IPv_Type: ipv6, Location: 美国, ISP: CloudFlare Inc., Date: None, Delay: -1 ms, Speed: 0.00 M/s, Resolution: None
Name: CCTV-4, URL: https://migu.188766.xyz/?migutoken=7e0f76b675f382e0293dc977925e352c&id=CCTV4%E6%AC%A7%E6%B4%B2&type=yy, From: subscribe, IPv_Type: ipv6, Location: 美国, ISP: CloudFlare Inc., Date: None, Delay: -1 ms, Speed: 0.00 M/s, Resolution: None
Name: CCTV-4, URL: https://migu.188766.xyz/?migutoken=c786ffdb3937fe04af6244a05ae2a324&id=CCTV4%E7%BE%8E%E6%B4%B2&type=yy, From: subscribe, IPv_Type: ipv6, Location: 美国, ISP: CloudFlare Inc., Date: None, Delay: -1 ms, Speed: 0.00 M/s, Resolution: None
Name: CCTV-4, URL: https://migu.188766.xyz/?migutoken=f38b8cd9ce40accf0784fe0884218e71&id=CCTV4&type=yy, From: subscribe, IPv_Type: ipv6, Location: 美国, ISP: CloudFlare Inc., Date: None, Delay: -1 ms, Speed: 0.00 M/s, Resolution: None
Name: CCTV-4, URL: https://migu.188766.xyz/?migutoken=1fed7f9863b2aea21a74eae6cdf1c30b&id=CCTV4%E6%AC%A7%E6%B4%B2&type=yy, From: subscribe, IPv_Type: ipv6, Location: 美国, ISP: CloudFlare Inc., Date: None, Delay: -1 ms, Speed: 0.00 M/s, Resolution: None
Name: CCTV-4, URL: https://migu.188766.xyz/?migutoken=094d900c847283369c3659496f9ffc76&id=CCTV4%E7%BE%8E%E6%B4%B2&type=yy, From: subscribe, IPv_Type: ipv6, Location: 美国, ISP: CloudFlare Inc., Date: None, Delay: -1 ms, Speed: 0.00 M/s, Resolution: None
Name: CCTV-4, URL: https://migu.188766.xyz/?migutoken=df09d4f0e0821293e7d28bbf2ff8514b&id=CCTV4&type=yy, From: subscribe, IPv_Type: ipv6, Location: 美国, ISP: CloudFlare Inc., Date: None, Delay: -1 ms, Speed: 0.00 M/s, Resolution: None
Name: CCTV-4, URL: https://migu.188766.xyz/?migutoken=7714ff62b50ac4d19d67cfbcc0ad60ef&id=CCTV4%E6%AC%A7%E6%B4%B2&type=yy, From: subscribe, IPv_Type: ipv6, Location: 美国, ISP: CloudFlare Inc., Date: None, Delay: -1 ms, Speed: 0.00 M/s, Resolution: None
Name: CCTV-4, URL: https://migu.188766.xyz/?migutoken=a88239f9a5bcea5a8ed1f25c4c7f7f45&id=CCTV4%E7%BE%8E%E6%B4%B2&type=yy, From: subscribe, IPv_Type: ipv6, Location: 美国, ISP: CloudFlare Inc., Date: None, Delay: -1 ms, Speed: 0.00 M/s, Resolution: None
Name: CCTV-4, URL: https://migu.188766.xyz/?migutoken=ab14b003e6ee61dae6baad7cbc6ee5dc&id=CCTV4&type=yy, From: subscribe, IPv_Type: ipv6, Location: 美国, ISP: CloudFlare Inc., Date: None, Delay: -1 ms, Speed: 0.00 M/s, Resolution: None
Name: CCTV-4, URL: https://migu.188766.xyz/?migutoken=6f87eafea71cb905f6428241ee08b8c5&id=CCTV4%E6%AC%A7%E6%B4%B2&type=yy, From: subscribe, IPv_Type: ipv6, Location: 美国, ISP: CloudFlare Inc., Date: None, Delay: -1 ms, Speed: 0.00 M/s, Resolution: None
Name: CCTV-4, URL: https://migu.188766.xyz/?migutoken=f5eabdcbfb2a23500ae9541712003a0a&id=CCTV4%E7%BE%8E%E6%B4%B2&type=yy, From: subscribe, IPv_Type: ipv6, Location: 美国, ISP: CloudFlare Inc., Date: None, Delay: -1 ms, Speed: 0.00 M/s, Resolution: None
Name: CCTV-4, URL: https://migu.188766.xyz/?migutoken=eaadf827c0f939ecaa23958d95338330&id=CCTV4&type=yy, From: subscribe, IPv_Type: ipv6, Location: 美国, ISP: CloudFlare Inc., Date: None, Delay: -1 ms, Speed: 0.00 M/s, Resolution: None
Name: CCTV-4, URL: https://migu.188766.xyz/?migutoken=b783f34cf7bf96b8c99d8282e5961fcf&id=CCTV4%E6%AC%A7%E6%B4%B2&type=yy, From: subscribe, IPv_Type: ipv6, Location: 美国, ISP: CloudFlare Inc., Date: None, Delay: -1 ms, Speed: 0.00 M/s, Resolution: None
Name: CCTV-4, URL: https://migu.188766.xyz/?migutoken=df6b1977b0d04761c3fe1ebde22a45c4&id=CCTV4%E7%BE%8E%E6%B4%B2&type=yy, From: subscribe, IPv_Type: ipv6, Location: 美国, ISP: CloudFlare Inc., Date: None, Delay: -1 ms, Speed: 0.00 M/s, Resolution: None
Name: CCTV-4, URL: https://migu.188766.xyz/?migutoken=7908ef7fdfb97d241e538fe6dca5025d&id=CCTV4&type=yy, From: subscribe, IPv_Type: ipv6, Location: 美国, ISP: CloudFlare Inc., Date: None, Delay: -1 ms, Speed: 0.00 M/s, Resolution: None
Name: CCTV-4, URL: https://migu.188766.xyz/?migutoken=455b7baaca0994618c531cded6a1e8ed&id=CCTV4%E6%AC%A7%E6%B4%B2&type=yy, From: subscribe, IPv_Type: ipv6, Location: 美国, ISP: CloudFlare Inc., Date: None, Delay: -1 ms, Speed: 0.00 M/s, Resolution: None
Name: CCTV-4, URL: https://migu.188766.xyz/?migutoken=5e28ced6d66bc3913a839909c72b3bfe&id=CCTV4%E7%BE%8E%E6%B4%B2&type=yy, From: subscribe, IPv_Type: ipv6, Location: 美国, ISP: CloudFlare Inc., Date: None, Delay: -1 ms, Speed: 0.00 M/s, Resolution: None
Name: CCTV-4, URL: https://migu.188766.xyz/?migutoken=9b2c857ef7941a805a6e95c74092ea18&id=CCTV4&type=yy, From: subscribe, IPv_Type: ipv6, Location: 美国, ISP: CloudFlare Inc., Date: None, Delay: -1 ms, Speed: 0.00 M/s, Resolution: None
Name: CCTV-4, URL: https://migu.188766.xyz/?migutoken=c7ecd4727e088e55b4216c28d0c466a5&id=CCTV4%E6%AC%A7%E6%B4%B2&type=yy, From: subscribe, IPv_Type: ipv6, Location: 美国, ISP: CloudFlare Inc., Date: None, Delay: -1 ms, Speed: 0.00 M/s, Resolution: None
Name: CCTV-4, URL: https://migu.188766.xyz/?migutoken=0db17c27a1eb59fc5259bcf35795af3d&id=CCTV4%E7%BE%8E%E6%B4%B2&type=yy, From: subscribe, IPv_Type: ipv6, Location: 美国, ISP: CloudFlare Inc., Date: None, Delay: -1 ms, Speed: 0.00 M/s, Resolution: None
Name: CCTV-4, URL: https://migu.188766.xyz/?migutoken=49f54bf73ec00a4f7c30e14e3de029f6&id=CCTV4&type=yy, From: subscribe, IPv_Type: ipv6, Location: 美国, ISP: CloudFlare Inc., Date: None, Delay: -1 ms, Speed: 0.00 M/s, Resolution: None
Name: CCTV-4, URL: https://migu.188766.xyz/?migutoken=ddef6717b0adfb914406f10a9e568414&id=CCTV4%E6%AC%A7%E6%B4%B2&type=yy, From: subscribe, IPv_Type: ipv6, Location: 美国, ISP: CloudFlare Inc., Date: None, Delay: -1 ms, Speed: 0.00 M/s, Resolution: None
Name: CCTV-4, URL: https://migu.188766.xyz/?migutoken=5bb0e68472082616fafcfcaa6088804e&id=CCTV4%E7%BE%8E%E6%B4%B2&type=yy, From: subscribe, IPv_Type: ipv6, Location: 美国, ISP: CloudFlare Inc., Date: None, Delay: -1 ms, Speed: 0.00 M/s, Resolution: None
Name: CCTV-4, URL: https://migu.188766.xyz/?migutoken=d6adfaa9e474e645eafb3c218b6db4a9&id=CCTV4&type=yy, From: subscribe, IPv_Type: ipv6, Location: 美国, ISP: CloudFlare Inc., Date: None, Delay: -1 ms, Speed: 0.00 M/s, Resolution: None
Name: CCTV-4, URL: https://migu.188766.xyz/?migutoken=9cb5130ea656a8c376910a4f0fcf0c6a&id=CCTV4%E6%AC%A7%E6%B4%B2&type=yy, From: subscribe, IPv_Type: ipv6, Location: 美国, ISP: CloudFlare Inc., Date: None, Delay: -1 ms, Speed: 0.00 M/s, Resolution: None
Name: CCTV-4, URL: https://migu.188766.xyz/?migutoken=e503a93e25820dedbb89ebeecdb7dd2e&id=CCTV4%E7%BE%8E%E6%B4%B2&type=yy, From: subscribe, IPv_Type: ipv6, Location: 美国, ISP: CloudFlare Inc., Date: None, Delay: -1 ms, Speed: 0.00 M/s, Resolution: None
Name: CCTV-4, URL: https://migu.188766.xyz/?migutoken=ad2b4abed75fc456ed0786e6ae7ca347&id=CCTV4&type=yy, From: subscribe, IPv_Type: ipv6, Location: 美国, ISP: CloudFlare Inc., Date: None, Delay: -1 ms, Speed: 0.00 M/s, Resolution: None
Name: CCTV-4, URL: https://migu.188766.xyz/?migutoken=cc2c3d62149bf89752cb4f45816f59f4&id=CCTV4%E6%AC%A7%E6%B4%B2&type=yy, From: subscribe, IPv_Type: ipv6, Location: 美国, ISP: CloudFlare Inc., Date: None, Delay: -1 ms, Speed: 0.00 M/s, Resolution: None
Name: CCTV-4, URL: https://migu.188766.xyz/?migutoken=be01dcce861a3c694b21fc2ff4ff0348&id=CCTV4%E7%BE%8E%E6%B4%B2&type=yy, From: subscribe, IPv_Type: ipv6, Location: 美国, ISP: CloudFlare Inc., Date: None, Delay: -1 ms, Speed: 0.00 M/s, Resolution: None
Name: CCTV-4, URL: https://migu.188766.xyz/?migutoken=f9f3add9589773ecbc8ebc616f676ff6&id=CCTV4&type=yy, From: subscribe, IPv_Type: ipv6, Location: 美国, ISP: CloudFlare Inc., Date: None, Delay: -1 ms, Speed: 0.00 M/s, Resolution: None
Name: CCTV-4, URL: https://migu.188766.xyz/?migutoken=e17a22b48afde8b65a91235347f6e165&id=CCTV4%E6%AC%A7%E6%B4%B2&type=yy, From: subscribe, IPv_Type: ipv6, Location: 美国, ISP: CloudFlare Inc., Date: None, Delay: -1 ms, Speed: 0.00 M/s, Resolution: None
Name: CCTV-4, URL: https://migu.188766.xyz/?migutoken=f72d55636d57e2a4804fe595d82146da&id=CCTV4%E7%BE%8E%E6%B4%B2&type=yy, From: subscribe, IPv_Type: ipv6, Location: 美国, ISP: CloudFlare Inc., Date: None, Delay: -1 ms, Speed: 0.00 M/s, Resolution: None
Name: CCTV-4, URL: https://migu.188766.xyz/?migutoken=09c41cb97894c700d9bd82a126c87aac&id=CCTV4&type=yy, From: subscribe, IPv_Type: ipv6, Location: 美国, ISP: CloudFlare Inc., Date: None, Delay: -1 ms, Speed: 0.00 M/s, Resolution: None
Name: CCTV-4, URL: https://migu.188766.xyz/?migutoken=425ec118bb8269be29f68d368bcb9ebc&id=CCTV4%E6%AC%A7%E6%B4%B2&type=yy, From: subscribe, IPv_Type: ipv6, Location: 美国, ISP: CloudFlare Inc., Date: None, Delay: -1 ms, Speed: 0.00 M/s, Resolution: None
Name: CCTV-4, URL: https://migu.188766.xyz/?migutoken=9ed58e53eaf14075a56063e0e31034ab&id=CCTV4%E7%BE%8E%E6%B4%B2&type=yy, From: subscribe, IPv_Type: ipv6, Location: 美国, ISP: CloudFlare Inc., Date: None, Delay: -1 ms, Speed: 0.00 M/s, Resolution: None
Name: CCTV-4, URL: https://migu.188766.xyz/?migutoken=4aaa2635fff9657752d20bd6c5a3059a&id=CCTV4&type=yy, From: subscribe, IPv_Type: ipv6, Location: 美国, ISP: CloudFlare Inc., Date: None, Delay: -1 ms, Speed: 0.00 M/s, Resolution: None
Name: CCTV-4, URL: https://migu.188766.xyz/?migutoken=8d7e92aa8b35ad3923f62394c5e2e8bb&id=CCTV4%E6%AC%A7%E6%B4%B2&type=yy, From: subscribe, IPv_Type: ipv6, Location: 美国, ISP: CloudFlare Inc., Date: None, Delay: -1 ms, Speed: 0.00 M/s, Resolution: None
Name: CCTV-4, URL: https://migu.188766.xyz/?migutoken=bc32077ab9e935751db2c1451616f5dd&id=CCTV4%E7%BE%8E%E6%B4%B2&type=yy, From: subscribe, IPv_Type: ipv6, Location: 美国, ISP: CloudFlare Inc., Date: None, Delay: -1 ms, Speed: 0.00 M/s, Resolution: None
Name: CCTV-4, URL: https://migu.188766.xyz/?migutoken=5908272487254e56162e7fd6acbf5dfe&id=CCTV4&type=yy, From: subscribe, IPv_Type: ipv6, Location: 美国, ISP: CloudFlare Inc., Date: None, Delay: -1 ms, Speed: 0.00 M/s, Resolution: None
Name: CCTV-4, URL: https://migu.188766.xyz/?migutoken=27ccf0650781e00f395445406ff0d1fa&id=CCTV4%E6%AC%A7%E6%B4%B2&type=yy, From: subscribe, IPv_Type: ipv6, Location: 美国, ISP: CloudFlare Inc., Date: None, Delay: -1 ms, Speed: 0.00 M/s, Resolution: None
Name: CCTV-4, URL: https://migu.188766.xyz/?migutoken=c68fada5437b03c197d3b54ba64fc5a3&id=CCTV4%E7%BE%8E%E6%B4%B2&type=yy, From: subscribe, IPv_Type: ipv6, Location: 美国, ISP: CloudFlare Inc., Date: None, Delay: -1 ms, Speed: 0.00 M/s, Resolution: None
Name: CCTV-4, URL: https://migu.188766.xyz/?migutoken=6c0790eabafd0efe43dd0d24cede77d5&id=CCTV4&type=yy, From: subscribe, IPv_Type: ipv6, Location: 美国, ISP: CloudFlare Inc., Date: None, Delay: -1 ms, Speed: 0.00 M/s, Resolution: None
Name: CCTV-4, URL: https://migu.188766.xyz/?migutoken=1b9396f5924163a51ca5c8b384275ed5&id=CCTV4%E6%AC%A7%E6%B4%B2&type=yy, From: subscribe, IPv_Type: ipv6, Location: 美国, ISP: CloudFlare Inc., Date: None, Delay: -1 ms, Speed: 0.00 M/s, Resolution: None
Name: CCTV-4, URL: https://migu.188766.xyz/?migutoken=b373bab034053cf3d03d88de69c7afe8&id=CCTV4%E7%BE%8E%E6%B4%B2&type=yy, From: subscribe, IPv_Type: ipv6, Location: 美国, ISP: CloudFlare Inc., Date: None, Delay: -1 ms, Speed: 0.00 M/s, Resolution: None
Name: CCTV-4, URL: https://migu.188766.xyz/?migutoken=4172952a88a1a9467a6a6541369c5f57&id=CCTV4&type=yy, From: subscribe, IPv_Type: ipv6, Location: 美国, ISP: CloudFlare Inc., Date: None, Delay: -1 ms, Speed: 0.00 M/s, Resolution: None
Name: CCTV-4, URL: https://migu.188766.xyz/?migutoken=0fb89b841ef3d1d0f4cd59065d5264df&id=CCTV4%E6%AC%A7%E6%B4%B2&type=yy, From: subscribe, IPv_Type: ipv6, Location: 美国, ISP: CloudFlare Inc., Date: None, Delay: -1 ms, Speed: 0.00 M/s, Resolution: None
Name: CCTV-4, URL: https://migu.188766.xyz/?migutoken=0de25eb3be861fafc6debb4d5bb72c79&id=CCTV4%E7%BE%8E%E6%B4%B2&type=yy, From: subscribe, IPv_Type: ipv6, Location: 美国, ISP: CloudFlare Inc., Date: None, Delay: -1 ms, Speed: 0.00 M/s, Resolution: None
Name: CCTV-4, URL: http://mgsp-zy2.live.miguvideo.com:8088/migu/kailu/cctv4hd265/51/20191230/index.m3u8?msisdn=e55e9ee71b42d2d7008a152c069625e3&mdspid=&spid=699004&netType=0&sid=5500346947&pid=2028597139&timestamp=20260215080203&Channel_ID=0116_2600034600-99000-201600010010028&ProgramID=631780421&ParentNodeID=-99&assertID=5500346947&client_ip=218.28.233.106&SecurityKey=20260215080203&promotionId=&mvid=5101064235&mcid=500020&playurlVersion=WX-A1-9.2.1-RELEASE&userid=&jmhm=&videocodec=h265&appCode=miguvideo_android&bean=mgspad&tid=android&conFee=0&encrypt=2f34d8e1de5f0773dfca75c771d9411c&sv=10004&ct=android, From: subscribe, IPv_Type: ipv6, Location: 中国, ISP: 中国电信, Date: None, Delay: -1 ms, Speed: 0.00 M/s, Resolution: None
Name: CCTV-4, URL: https://migu.188766.xyz/?migutoken=eee3a16562276b54589cb7b9892b02bc&id=CCTV4&type=yy, From: subscribe, IPv_Type: ipv6, Location: 美国, ISP: CloudFlare Inc., Date: None, Delay: -1 ms, Speed: 0.00 M/s, Resolution: None
Name: CCTV-4, URL: https://migu.188766.xyz/?migutoken=682e16e08633c0ee5b3da416e7c61503&id=CCTV4%E6%AC%A7%E6%B4%B2&type=yy, From: subscribe, IPv_Type: ipv6, Location: 美国, ISP: CloudFlare Inc., Date: None, Delay: -1 ms, Speed: 0.00 M/s, Resolution: None
Name: CCTV-4, URL: https://migu.188766.xyz/?migutoken=49628b2994374eaec5bfe42fc85dbb18&id=CCTV4%E7%BE%8E%E6%B4%B2&type=yy, From: subscribe, IPv_Type: ipv6, Location: 美国, ISP: CloudFlare Inc., Date: None, Delay: -1 ms, Speed: 0.00 M/s, Resolution: None
Name: CCTV-4, URL: http://mgsp-yx2.live.miguvideo.com:8088/migu/kailu/cctv4hd265/51/20191230/index.m3u8?msisdn=e55e9ee71b42d2d7008a152c069625e3&mdspid=&spid=699004&netType=0&sid=5500346947&pid=2028597139&timestamp=20260216080220&Channel_ID=0116_2600034600-99000-201600010010028&ProgramID=631780421&ParentNodeID=-99&assertID=5500346947&client_ip=218.28.233.106&SecurityKey=20260216080220&promotionId=&mvid=5101064235&mcid=500020&playurlVersion=WX-A1-9.2.1-RELEASE&userid=&jmhm=&videocodec=h265&appCode=miguvideo_android&bean=mgspad&tid=android&conFee=0&encrypt=3aeaadab9de49d392c86d9ad4d1934b9&sv=10004&ct=android, From: subscribe, IPv_Type: ipv6, Location: 中国, ISP: 中国电信, Date: None, Delay: -1 ms, Speed: 0.00 M/s, Resolution: None
Name: CCTV-4, URL: https://migu.188766.xyz/?migutoken=a881086c7e1c28f7acd4bf509fd2b191&id=CCTV4&type=yy, From: subscribe, IPv_Type: ipv6, Location: 美国, ISP: CloudFlare Inc., Date: None, Delay: -1 ms, Speed: 0.00 M/s, Resolution: None
Name: CCTV-4, URL: https://migu.188766.xyz/?migutoken=42e81c1c7bf5e70b06094e5d7fe5aa93&id=CCTV4%E6%AC%A7%E6%B4%B2&type=yy, From: subscribe, IPv_Type: ipv6, Location: 美国, ISP: CloudFlare Inc., Date: None, Delay: -1 ms, Speed: 0.00 M/s, Resolution: None
Name: CCTV-4, URL: https://migu.188766.xyz/?migutoken=7ae4e123a69dd9e76d154b9414e84009&id=CCTV4%E7%BE%8E%E6%B4%B2&type=yy, From: subscribe, IPv_Type: ipv6, Location: 美国, ISP: CloudFlare Inc., Date: None, Delay: -1 ms, Speed: 0.00 M/s, Resolution: None
Name: CCTV-4, URL: https://iptv.catvod.com/live.php?id=CCTV4K%E8%B6%85%E9%AB%98%E6%B8%85&line=1, From: subscribe, IPv_Type: ipv6, Location: 美国, ISP: CloudFlare Inc., Date: None, Delay: -1 ms, Speed: 0.00 M/s, Resolution: None
Name: CCTV-4, URL: https://iptv.catvod.com/live.php?id=CCTV4K%E8%B6%85%E9%AB%98%E6%B8%85&line=2, From: subscribe, IPv_Type: ipv6, Location: 美国, ISP: CloudFlare Inc., Date: None, Delay: -1 ms, Speed: 0.00 M/s, Resolution: None
Name: CCTV-4, URL: https://iptv.catvod.com/live.php?id=CCTV4K%E8%B6%85%E9%AB%98%E6%B8%85&line=3, From: subscribe, IPv_Type: ipv6, Location: 美国, ISP: CloudFlare Inc., Date: None, Delay: -1 ms, Speed: 0.00 M/s, Resolution: None
Name: CCTV-4, URL: https://iptv.catvod.com/live.php?id=CCTV4K%E8%B6%85%E9%AB%98%E6%B8%85&line=4, From: subscribe, IPv_Type: ipv6, Location: 美国, ISP: CloudFlare Inc., Date: None, Delay: -1 ms, Speed: 0.00 M/s, Resolution: None
Name: CCTV-4, URL: https://iptv.catvod.com/live.php?id=CCTV4K%E8%B6%85%E9%AB%98%E6%B8%85&line=5, From: subscribe, IPv_Type: ipv6, Location: 美国, ISP: CloudFlare Inc., Date: None, Delay: -1 ms, Speed: 0.00 M/s, Resolution: None
Name: CCTV-4, URL: https://iptv.catvod.com/live.php?id=CCTV4K%E8%B6%85%E9%AB%98%E6%B8%85&line=6, From: subscribe, IPv_Type: ipv6, Location: 美国, ISP: CloudFlare Inc., Date: None, Delay: -1 ms, Speed: 0.00 M/s, Resolution: None
Name: CCTV-4, URL: https://iptv.catvod.com/live.php?id=CCTV4K%E8%B6%85%E9%AB%98%E6%B8%85&line=7, From: subscribe, IPv_Type: ipv6, Location: 美国, ISP: CloudFlare Inc., Date: None, Delay: -1 ms, Speed: 0.00 M/s, Resolution: None
Name: CCTV-4, URL: http://mgsp-zy2.live.miguvideo.com:8088/migu/kailu/cctv4hd265/51/20191230/index.m3u8?msisdn=e55e9ee71b42d2d7008a152c069625e3&mdspid=&spid=699004&netType=0&sid=5500346947&pid=2028597139&timestamp=20260217084014&Channel_ID=0116_2600034600-99000-201600010010028&ProgramID=631780421&ParentNodeID=-99&assertID=5500346947&client_ip=218.28.233.106&SecurityKey=20260217084014&promotionId=&mvid=5101064235&mcid=500020&playurlVersion=WX-A1-9.2.1-RELEASE&userid=&jmhm=&videocodec=h265&appCode=miguvideo_android&bean=mgspad&tid=android&conFee=0&encrypt=ace5af40e3f7b2af1a189d8c3c827a8b&sv=10004&ct=android, From: subscribe, IPv_Type: ipv6, Location: 中国, ISP: 中国电信, Date: None, Delay: -1 ms, Speed: 0.00 M/s, Resolution: None
Name: CCTV-4, URL: https://migu.188766.xyz/?migutoken=7776b5dc0797917fe83242bfebab12f8&id=CCTV4&type=yy, From: subscribe, IPv_Type: ipv6, Location: 美国, ISP: CloudFlare Inc., Date: None, Delay: -1 ms, Speed: 0.00 M/s, Resolution: None
Name: CCTV-4, URL: https://migu.188766.xyz/?migutoken=dc40f44660e584cf2e6a859c044ce54d&id=CCTV4%E6%AC%A7%E6%B4%B2&type=yy, From: subscribe, IPv_Type: ipv6, Location: 美国, ISP: CloudFlare Inc., Date: None, Delay: -1 ms, Speed: 0.00 M/s, Resolution: None
Name: CCTV-4, URL: https://migu.188766.xyz/?migutoken=c34e961a7db5cff26cd5fffd2fab55a9&id=CCTV4%E7%BE%8E%E6%B4%B2&type=yy, From: subscribe, IPv_Type: ipv6, Location: 美国, ISP: CloudFlare Inc., Date: None, Delay: -1 ms, Speed: 0.00 M/s, Resolution: None
Name: CCTV-4, URL: http://38.75.136.137:98/gslb/dsdqbv/cctv4hd.m3u8?auth=test20251009, From: subscribe, IPv_Type: ipv4, Location: 美国-伊利诺伊州-库克, ISP: Cogent, Date: None, Delay: 3583 ms, Speed: 1.52 M/s, Resolution: 1920x1080
Name: CCTV-5, URL: http://php.jdshipin.com/TVOD/hljyd.php?id=3221226019, From: subscribe, IPv_Type: ipv6, Location: 美国, ISP: CloudFlare Inc., Date: None, Delay: 0.1 ms, Speed: inf M/s, Resolution: 1920x1080
Name: CCTV-5, URL: http://iptv.huuc.edu.cn/hls/cctv5hd.m3u8, From: subscribe, IPv_Type: ipv6, Location: 中国, ISP: 教育网, Date: None, Delay: 0.1 ms, Speed: inf M/s, Resolution: 1920x1080
Name: CCTV-5, URL: https://www.freetv.top/migu/641886683.m3u8?migutoken=3e5c01f93922de8d1c940fe15bb47349b27e8f7a2e624dde1a83dff3b2a80f58b7624151a3a4d00488edee34f202818557340903382fae02bb754084eb942bd50e59061df36fab62fb5b908903, From: subscribe, IPv_Type: ipv6, Location: 美国-加利福尼亚州-圣克拉拉, ISP: DigitalOcean, Date: None, Delay: 0.1 ms, Speed: inf M/s, Resolution: 1920x1080
Name: CCTV-5, URL: http://[2409:8087:1a01:df::4077]/ottrrs.hl.chinamobile.com/PLTV/88888888/224/3221226019/index.m3u8, From: subscribe, IPv_Type: ipv6, Location: 中国, ISP: 中国移动, Date: None, Delay: -1 ms, Speed: 0.00 M/s, Resolution: None
Name: CCTV-5, URL: https://smart.pendy.dpdns.org/Smart.php?id=cctv5, From: subscribe, IPv_Type: ipv6, Location: 美国, ISP: CloudFlare Inc., Date: None, Delay: 0.1 ms, Speed: inf M/s, Resolution: 1920x1080
Name: CCTV-5, URL: http://[2409:8087:1a01:df::4077]:80/ottrrs.hl.chinamobile.com/TVOD/88888888/224/3221226019/index.m3u8, From: subscribe, IPv_Type: ipv6, Location: 中国, ISP: 中国移动, Date: None, Delay: -1 ms, Speed: 0.00 M/s, Resolution: None
Name: CCTV-5, URL: https://ldcctvwbcdks.v.kcdnvip.com/ldcctvwbcd/cdrmldcctv5plus_1/index.m3u8?b=200-2100, From: subscribe, IPv_Type: ipv6, Location: 中国, ISP: 中国电信, Date: None, Delay: 0.1 ms, Speed: inf M/s, Resolution: 1920x1080
Name: CCTV-5, URL: http://[2409:8087:1a01:df::4077]:80/ottrrs.hl.chinamobile.com/yinhe/88888888/224/3221226019/index.m3u8, From: subscribe, IPv_Type: ipv6, Location: 中国, ISP: 中国移动, Date: None, Delay: -1 ms, Speed: 0.00 M/s, Resolution: None
Name: CCTV-5, URL: http://[2409:8087:1a01:df::4077]:80/ottrrs.hl.chinamobile.com/PLTV/88888888/224/3221226019/index.m3u8, From: subscribe, IPv_Type: ipv6, Location: 中国, ISP: 中国移动, Date: None, Delay: -1 ms, Speed: 0.00 M/s, Resolution: None
Name: CCTV-5, URL: http://[2409:8087:1a01:df::4077]/ottrrs.hl.chinamobile.com/PLTV/88888888/8/3221226019/index.m3u8, From: subscribe, IPv_Type: ipv6, Location: 中国, ISP: 中国移动, Date: None, Delay: 0.1 ms, Speed: inf M/s, Resolution: 1920x1080
Name: CCTV-5, URL: http://[2409:8087:1a0a:df::404b]/ottrrs.hl.chinamobile.com/TVOD/88888888/224/3221226019/index.m3u8, From: subscribe, IPv_Type: ipv6, Location: 中国, ISP: 中国移动, Date: None, Delay: 0.1 ms, Speed: inf M/s, Resolution: 1920x1080
Name: CCTV-5, URL: https://www.freetv.top/migu/641886683.m3u8?migutoken=e81b62c9a59cfc35924052cd6081bd5635e726604b5e1a12a9ebf352c74951d3d9d3e6c6c1bfed528a9287e0b6c873ef6bc6c1d7651f14bc1687a58a136bb5a647b6bebed7cd999f07302554e2, From: subscribe, IPv_Type: ipv6, Location: 美国-加利福尼亚州-圣克拉拉, ISP: DigitalOcean, Date: None, Delay: 0.1 ms, Speed: inf M/s, Resolution: 1920x1080
Name: CCTV-5, URL: https://www.freetv.top/migu/641886683.m3u8?migutoken=b9a1e6cdadb5b8fc55cd05842ff680e9431a4d403454162995bd1139d26f292521c72615e8117abc8d74479b46c5736b1db94eab7f190d661693f5f67f407d9aa7785ca59ef24515a844393c4e, From: subscribe, IPv_Type: ipv6, Location: 美国-加利福尼亚州-圣克拉拉, ISP: DigitalOcean, Date: None, Delay: 0.1 ms, Speed: inf M/s, Resolution: 1920x1080
Name: CCTV-5, URL: https://www.freetv.top/migu/641886683.m3u8?migutoken=76643d97dedd9d3c8f942bccc253faeb22def73d3881bd632c23f126dbad7d21d9d9bd6e6e6a1b304806d9329d9aa09b7f511c452d571d618644122578b3e4981e7c99aec8a1b987a41d01276d, From: subscribe, IPv_Type: ipv6, Location: 美国-加利福尼亚州-圣克拉拉, ISP: DigitalOcean, Date: None, Delay: 0.1 ms, Speed: inf M/s, Resolution: 1920x1080
Name: CCTV-5, URL: https://www.freetv.top/migu/641886683.m3u8?migutoken=6e3c4a6fba0be5e4060d1c8abab920c2a8ee3308ee2e5a373bad466d9c1c0c3815b96ff56d6b8aab1f7440fc34813d288efe932e05cf0594d7b1a4eaa542a95508f64bbc8423a4e814954a0913, From: subscribe, IPv_Type: ipv6, Location: 美国-加利福尼亚州-圣克拉拉, ISP: DigitalOcean, Date: None, Delay: 0.1 ms, Speed: inf M/s, Resolution: 1920x1080
Name: CCTV-5, URL: https://www.freetv.top/migu/641886683.m3u8?migutoken=2394bc3ac567cd8270631b1f612f28f996719523d72453a2d116e0f33d6e35016d1954f50d7ae0eae4743d3557d85b85dc048a8c45ac3d96c528fce533ceeb7febaa06283ebe688a04fa57379a, From: subscribe, IPv_Type: ipv6, Location: 美国-加利福尼亚州-圣克拉拉, ISP: DigitalOcean, Date: None, Delay: 0.1 ms, Speed: inf M/s, Resolution: 1920x1080
Name: CCTV-5, URL: https://www.freetv.top/migu/641886683.m3u8?migutoken=07b0c4931b9605a1f5d919c04b761491cc8441c89de4ef653300b0fca459d6285df7d91ed33cd27d0d9f37734d8857e83c5b8fa379272c30c6fa2e0af7f64aba625f148d2e4fad1d65a839e723, From: subscribe, IPv_Type: ipv6, Location: 美国-加利福尼亚州-圣克拉拉, ISP: DigitalOcean, Date: None, Delay: 0.1 ms, Speed: inf M/s, Resolution: 1920x1080
Name: CCTV-5, URL: https://www.freetv.top/migu/641886683.m3u8?migutoken=f4028150ccebb24672bb134ff9263dc2fa555f760bd7f0624f98a260402d38ab91417925cf800517a7c1b877a15425e85b65b6a16be7fe88d145c2cb2d42af684846c5a89a5c22eb739e0e52cf, From: subscribe, IPv_Type: ipv6, Location: 美国-加利福尼亚州-圣克拉拉, ISP: DigitalOcean, Date: None, Delay: 0.1 ms, Speed: inf M/s, Resolution: 1920x1080
Name: CCTV-5, URL: https://www.freetv.top/migu/641886683.m3u8?migutoken=5e1f646f194fe505d91d562e427139a8cc1907bd48dbf0388a09a0a57428cb16498ab48b116a9fe1e0d3ef6b41b7157fda1e479f019ed20c5e1f164191b09d3d0e81f1d62352a2b14387f833e5, From: subscribe, IPv_Type: ipv6, Location: 美国-加利福尼亚州-圣克拉拉, ISP: DigitalOcean, Date: None, Delay: 0.1 ms, Speed: inf M/s, Resolution: 1920x1080
Name: CCTV-5, URL: https://www.freetv.top/migu/641886683.m3u8?migutoken=2bece701b98f5c84ec8d9ea06069bd63dad2f968685a0779662a836d3b8378d260f903a5c31c63829fa75e4e249929827442d37f115a4dce2e072de50dfce8d01528143fc8d22033301a6b4432, From: subscribe, IPv_Type: ipv6, Location: 美国-加利福尼亚州-圣克拉拉, ISP: DigitalOcean, Date: None, Delay: 0.1 ms, Speed: inf M/s, Resolution: 1920x1080
Name: CCTV-5, URL: http://www.freetv.top/migu/641886683.m3u8?migutoken=cea30189b17e30fb3b4876609eb6e3128f840f8ab5db6f9643403213dc9980613938be69b13fe0290d2c44f0052b78d90c669a2f92e28951f92da861b7cba070b55ec1b4fe1a92a2c133c43c4c, From: subscribe, IPv_Type: ipv6, Location: 美国-加利福尼亚州-圣克拉拉, ISP: DigitalOcean, Date: None, Delay: 0.1 ms, Speed: inf M/s, Resolution: 1920x1080
Name: CCTV-5, URL: https://www.freetv.top/migu/641886683.m3u8?migutoken=13cc5084dacec107984b1a7783716f0b4d6205d02eda857fd393403d7db53274097bd692c96c6659920f5a71a931792d21535bdc3cfcfc05b2cf171f006a834f370f0e50d3727a799c636657c8, From: subscribe, IPv_Type: ipv6, Location: 美国-加利福尼亚州-圣克拉拉, ISP: DigitalOcean, Date: None, Delay: 0.1 ms, Speed: inf M/s, Resolution: 1920x1080
Name: CCTV-5, URL: http://yc.myds.me:35455/gaoma/cctv5.m3u8, From: subscribe, IPv_Type: ipv6, Location: 中国, ISP: 中国电信, Date: None, Delay: 0.1 ms, Speed: inf M/s, Resolution: 1920x1080
Name: CCTV-5, URL: http://nas.suntao.online:35455/itv/1000000005000265005.m3u8?cdn=ystenlive, From: subscribe, IPv_Type: ipv6, Location: 中国, ISP: 中国联通, Date: None, Delay: 0.1 ms, Speed: inf M/s, Resolution: 1920x1080
Name: CCTV-5, URL: http://iptv.cdn.ha.chinamobile.com/PLTV/88888888/224/3221227323/index.m3u8, From: subscribe, IPv_Type: ipv6, Location: 中国, ISP: 中国移动, Date: None, Delay: 0.1 ms, Speed: inf M/s, Resolution: 1920x1080
Name: CCTV-5, URL: http://lu.wqwqwq.sbs/itv/1000000005000265005.m3u8?cdn=ystenlive, From: subscribe, IPv_Type: ipv6, Location: 美国, ISP: CloudFlare Inc., Date: None, Delay: 0.1 ms, Speed: inf M/s, Resolution: 1920x1080
Name: CCTV-5, URL: http://[2409:8087:4c0a:22:1::11]:6410/170000001115/UmaiCHAN63872908d48f9/index.m3u8?AuthInfo=9kOOdBn7MFF%2F2bWjKgahUSBx06ZL9Bo6JOM%2BSTjxZRK254G1jtietGzDaHvFNRtjXOvFnbf%2BTao33JqYlfMYYn2z3agOn9gvNMT9KmBaR9o, From: subscribe, IPv_Type: ipv6, Location: 中国, ISP: 中国移动, Date: None, Delay: 0.1 ms, Speed: inf M/s, Resolution: 1920x1080
Name: CCTV-5, URL: http://[2409:8087:5e01:34::21]:6610/ZTE_CMS/00000001000000060000000000000461/index.m3u8?IAS, From: subscribe, IPv_Type: ipv6, Location: 中国, ISP: 中国移动, Date: None, Delay: 0.1 ms, Speed: inf M/s, Resolution: 1920x1080
Name: CCTV-5, URL: http://[2409:8087:5e01:34::20]:6610/ZTE_CMS/00000001000000060000000000000461/index.m3u8?IAS, From: subscribe, IPv_Type: ipv6, Location: 中国, ISP: 中国移动, Date: None, Delay: 0.1 ms, Speed: inf M/s, Resolution: 1920x1080
Name: CCTV-5, URL: https://www.freetv.top/migu/641886683.m3u8?migutoken=5f46d328a6ba4b17e3c54dd4c9542e6761b3b2b498ff12429b0664996d9561fcb2fbb67556b110f56102b207c8cd9feb8c0fbe2cbbadf8e18bc3fe6fc78ee06a9cb59dfc8ba532ebef77d7cf2a, From: subscribe, IPv_Type: ipv6, Location: 美国-加利福尼亚州-圣克拉拉, ISP: DigitalOcean, Date: None, Delay: 0.1 ms, Speed: inf M/s, Resolution: 1920x1080
Name: CCTV-5, URL: https://www.freetv.top/migu/641886683.m3u8?migutoken=5419f38d020fc6c0f4160940012d9c60af8160fe26d1afc244d3171a5fb0eca4a95711596173fa41db6d1c1e8e14ed17b4612f21192afa5f3e8867b00bd25545464e545fd9abf66d5acdfe1313, From: subscribe, IPv_Type: ipv6, Location: 美国-加利福尼亚州-圣克拉拉, ISP: DigitalOcean, Date: None, Delay: 0.1 ms, Speed: inf M/s, Resolution: 1920x1080
Name: CCTV-5, URL: https://stream1.freetv.fun/ipv6-cctv-5-12.m3u8, From: subscribe, IPv_Type: ipv6, Location: 美国, ISP: CloudFlare Inc., Date: None, Delay: 0.1 ms, Speed: inf M/s, Resolution: 1920x1080
Name: CCTV-5, URL: http://zteres.sn.chinamobile.com:6060/000000001000/5000000004000008885/1.m3u8?channel-id=bestzb&Contentid=5000000004000008885&livemode=1&stbId=3, From: subscribe, IPv_Type: ipv6, Location: 中国, ISP: 中国移动, Date: None, Delay: 0.1 ms, Speed: inf M/s, Resolution: 1920x1080
Name: CCTV-5, URL: http://zteres.sn.chinamobile.com:6060/000000001000/5000000010000016619/1.m3u8?channel-id=bestzb&Contentid=5000000010000016619&livemode=1&stbId=3, From: subscribe, IPv_Type: ipv6, Location: 中国, ISP: 中国移动, Date: None, Delay: 0.1 ms, Speed: inf M/s, Resolution: 1920x1080
Name: CCTV-5, URL: http://[2409:8087:2001:20:2800:0:df6e:eb21]:80/PLTV/1/224/3221230976/1.m3u8, From: subscribe, IPv_Type: ipv6, Location: 中国, ISP: 中国移动, Date: None, Delay: 0.1 ms, Speed: inf M/s, Resolution: 1920x1080
Name: CCTV-5, URL: http://[2409:8087:5e00:24::1f]:6060/ZTE_CMS/00000001000000060000000000000376/index.m3u8, From: subscribe, IPv_Type: ipv6, Location: 中国, ISP: 中国移动, Date: None, Delay: 0.1 ms, Speed: inf M/s, Resolution: 1920x1080
Name: CCTV-5, URL: http://[2409:8087:5e01:34::22]:6610/ZTE_CMS/00000001000000060000000000000461/index.m3u8?IAS, From: subscribe, IPv_Type: ipv6, Location: 中国, ISP: 中国移动, Date: None, Delay: 0.1 ms, Speed: inf M/s, Resolution: 1920x1080
Name: CCTV-5, URL: https://live.goodiptv.club/api/cqyx.php?id=cctv5HD, From: subscribe, IPv_Type: ipv6, Location: 美国, ISP: CloudFlare Inc., Date: None, Delay: 0.1 ms, Speed: inf M/s, Resolution: 1920x1080
Name: CCTV-5, URL: http://[2409:8087:74f0:22::4]:6410/270000001111/1110000305/index.m3u8, From: subscribe, IPv_Type: ipv6, Location: 中国, ISP: 中国移动, Date: None, Delay: 0.1 ms, Speed: inf M/s, Resolution: 1920x1080
Name: CCTV-5, URL: http://[2409:8087:1a01:df::7005]/ottrrs.hl.chinamobile.com/PLTV/88888888/224/3221226019/index.m3u8, From: subscribe, IPv_Type: ipv6, Location: 中国, ISP: 中国移动, Date: None, Delay: 0.1 ms, Speed: inf M/s, Resolution: 1920x1080
Name: CCTV-5, URL: http://[2409:8087:3869:8021:1001::e5]:6610/PLTV/88888910/224/3221225633/index.m3u8, From: subscribe, IPv_Type: ipv6, Location: 中国, ISP: 中国移动, Date: None, Delay: 0.1 ms, Speed: inf M/s, Resolution: 1920x1080
Name: CCTV-5, URL: http://[2409:8087:8:21::18]:6610/otttv.bj.chinamobile.com/PLTV/88888888/224/3221226469/1.m3u8, From: subscribe, IPv_Type: ipv6, Location: 中国, ISP: 中国移动, Date: None, Delay: -1 ms, Speed: 0.00 M/s, Resolution: None
Name: CCTV-5, URL: http://[2409:8087:8:21::18]:6610/otttv.bj.chinamobile.com/PLTV/88888888/224/3221226894/1.m3u8, From: subscribe, IPv_Type: ipv6, Location: 中国, ISP: 中国移动, Date: None, Delay: -1 ms, Speed: 0.00 M/s, Resolution: None
Name: CCTV-5, URL: http://rrs01.hw.gmcc.net:8088/PLTV/81/224/3221226731/1.m3u8, From: subscribe, IPv_Type: ipv6, Location: 中国, ISP: 中国移动, Date: None, Delay: -1 ms, Speed: 0.00 M/s, Resolution: None
Name: CCTV-5, URL: http://k.061899.xyz/m.php?id=cctv5, From: subscribe, IPv_Type: ipv6, Location: 新加坡, ISP: Aceville Pte.Ltd., Date: None, Delay: -1 ms, Speed: 0.00 M/s, Resolution: None
Name: CCTV-5, URL: http://[2409:8087:1a15:10d1::39]/ottrrs.hl.chinamobile.com/PLTV/88888888/224/3221226019/index.m3u8, From: subscribe, IPv_Type: ipv6, Location: 中国, ISP: 中国移动, Date: None, Delay: -1 ms, Speed: 0.00 M/s, Resolution: None
Name: CCTV-5, URL: http://[2409:8087:1a15:10d1::34]/ottrrs.hl.chinamobile.com/PLTV/88888888/224/3221226019/index.m3u8, From: subscribe, IPv_Type: ipv6, Location: 中国, ISP: 中国移动, Date: None, Delay: -1 ms, Speed: 0.00 M/s, Resolution: None
Name: CCTV-5, URL: http://[2409:8087:5e00:24::1e]:6060/200000001898/460000089800010139/1.m3u8, From: subscribe, IPv_Type: ipv6, Location: 中国, ISP: 中国移动, Date: None, Delay: -1 ms, Speed: 0.00 M/s, Resolution: None
Name: CCTV-5, URL: http://[2409:8087:5e08:25::16]:6610/200000001898/460000089800010139/1.m3u8, From: subscribe, IPv_Type: ipv6, Location: 中国, ISP: 中国移动, Date: None, Delay: -1 ms, Speed: 0.00 M/s, Resolution: None
Name: CCTV-5, URL: https://migu.188766.xyz/?migutoken=5bee22cdc4417142983b6456e3d3948b&id=CCTV5&pp=1, From: subscribe, IPv_Type: ipv6, Location: 美国, ISP: CloudFlare Inc., Date: None, Delay: -1 ms, Speed: 0.00 M/s, Resolution: None
Name: CCTV-5, URL: https://mgtv.ottiptv.cc/migu/641886683.m3u8?migutoken=105533d9e150febd9afc8a38ff5ff74681604e105790d2f63a1b602fdcad270a56185c8023e22cd81c2dc4c1608e70f80e776552cfe7de78ba9631124adf6394a2084634a354fae51c75e880a8, From: subscribe, IPv_Type: ipv6, Location: 美国-新泽西州-巴赛克, ISP: DigitalOcean, Date: None, Delay: -1 ms, Speed: 0.00 M/s, Resolution: None
Name: CCTV-5, URL: https://cc06.tv12.xyz/5.m3u8, From: subscribe, IPv_Type: ipv6, Location: 美国, ISP: CloudFlare Inc., Date: None, Delay: -1 ms, Speed: 0.00 M/s, Resolution: None
Name: CCTV-5, URL: http://gslbmgsplive.miguvideo.com/wd_r2/cctv/cctv5hdnew/1200/index.m3u8?msisdn=202509190801300e6e790f0a2d4510ba2b2e6da9e1a38d&mdspid=&spid=699004&netType=0&sid=5500516171&pid=2028597139&timestamp=20250919080130&Channel_ID=0116_2600000900-99000-201600010010027&ProgramID=641886683&ParentNodeID=-99&assertID=5500516171&client_ip=106.13.250.88&SecurityKey=20250919080130&promotionId=&mvid=5102048712&mcid=500020&playurlVersion=WX-A1-8.9.1-RELEASE&userid=&jmhm=&videocodec=h264&bean=mgspad&tid=android&conFee=0&puData=8690949243aab07ef70427d59fde4d8f&ddCalcu=f886ed91401e90d4f99254d37a2a4b0077fe, From: subscribe, IPv_Type: ipv6, Location: 中国, ISP: 中国移动, Date: None, Delay: -1 ms, Speed: 0.00 M/s, Resolution: None
Name: CCTV-5, URL: https://jzb.wwkejishe.top/?id=582, From: subscribe, IPv_Type: ipv6, Location: 美国, ISP: CloudFlare Inc., Date: None, Delay: -1 ms, Speed: 0.00 M/s, Resolution: None
Name: CCTV-5, URL: https://migu.188766.xyz/?migutoken=13eb00818f68192838941c59392f6228&id=CCTV5p&type=yy, From: subscribe, IPv_Type: ipv6, Location: 美国, ISP: CloudFlare Inc., Date: None, Delay: -1 ms, Speed: 0.00 M/s, Resolution: None
Name: CCTV-5, URL: https://hls-gateway.vpstv.net/streams/476885.m3u8, From: subscribe, IPv_Type: ipv6, Location: 美国, ISP: CloudFlare Inc., Date: None, Delay: -1 ms, Speed: 0.00 M/s, Resolution: None
Name: CCTV-5, URL: https://live.chinacert.cftest5.cn/mg/?id=641886683, From: subscribe, IPv_Type: ipv6, Location: 中国, ISP: 中国移动, Date: None, Delay: -1 ms, Speed: 0.00 M/s, Resolution: None
Name: CCTV-5, URL: https://migu.188766.xyz/?migutoken=8e76d1658873121fd98b08417623f303&id=CCTV5&type=yy, From: subscribe, IPv_Type: ipv6, Location: 美国, ISP: CloudFlare Inc., Date: None, Delay: -1 ms, Speed: 0.00 M/s, Resolution: None
Name: CCTV-5, URL: https://migu.188766.xyz/?migutoken=298c0fd69069713d1584695c868a8ce4&id=CCTV5p&type=yy, From: subscribe, IPv_Type: ipv6, Location: 美国, ISP: CloudFlare Inc., Date: None, Delay: -1 ms, Speed: 0.00 M/s, Resolution: None
Name: CCTV-5, URL: https://iptv.catvod.com/live.php?id=CCTV-5%20%E4%BD%93%E8%82%B2, From: subscribe, IPv_Type: ipv6, Location: 美国, ISP: CloudFlare Inc., Date: None, Delay: -1 ms, Speed: 0.00 M/s, Resolution: None
Name: CCTV-5, URL: http://[2409:8087:8:21::18]:6610/otttv.bj.chinamobile.com/PLTV/88888888/224/3221226469/1.m3u8?, From: subscribe, IPv_Type: ipv6, Location: 中国, ISP: 中国移动, Date: None, Delay: -1 ms, Speed: 0.00 M/s, Resolution: None
Name: CCTV-5, URL: https://migu.188766.xyz/?migutoken=3b2c76613c7513b3a42402118820aaee&id=CCTV5&type=yy, From: subscribe, IPv_Type: ipv6, Location: 美国, ISP: CloudFlare Inc., Date: None, Delay: -1 ms, Speed: 0.00 M/s, Resolution: None
Name: CCTV-5, URL: https://migu.188766.xyz/?migutoken=3be1173040caccae97feff3eca15045e&id=CCTV5p&type=yy, From: subscribe, IPv_Type: ipv6, Location: 美国, ISP: CloudFlare Inc., Date: None, Delay: -1 ms, Speed: 0.00 M/s, Resolution: None
Name: CCTV-5, URL: https://zby.130519.xyz/PLTV/11/224/3221226146/index.m3u8, From: subscribe, IPv_Type: ipv6, Location: 美国, ISP: CloudFlare Inc., Date: None, Delay: -1 ms, Speed: 0.00 M/s, Resolution: None
Name: CCTV-5, URL: https://migu.188766.xyz/?migutoken=519b1f4895d621af0a2144ff4e6d08ea&id=CCTV5&type=yy, From: subscribe, IPv_Type: ipv6, Location: 美国, ISP: CloudFlare Inc., Date: None, Delay: -1 ms, Speed: 0.00 M/s, Resolution: None
Name: CCTV-5, URL: https://migu.188766.xyz/?migutoken=2fe96e036a05aaea16173bcb07976dc5&id=CCTV5p&type=yy, From: subscribe, IPv_Type: ipv6, Location: 美国, ISP: CloudFlare Inc., Date: None, Delay: -1 ms, Speed: 0.00 M/s, Resolution: None
Name: CCTV-5, URL: https://migu.188766.xyz/?migutoken=8735bb91f80b5d2de61664c2b6f1df09&id=CCTV5&type=yy, From: subscribe, IPv_Type: ipv6, Location: 美国, ISP: CloudFlare Inc., Date: None, Delay: -1 ms, Speed: 0.00 M/s, Resolution: None
Name: CCTV-5, URL: https://migu.188766.xyz/?migutoken=b97139e55fcf2db55431faae3d159107&id=CCTV5p&type=yy, From: subscribe, IPv_Type: ipv6, Location: 美国, ISP: CloudFlare Inc., Date: None, Delay: -1 ms, Speed: 0.00 M/s, Resolution: None
Name: CCTV-5, URL: https://migu.188766.xyz/?migutoken=5e70944023f546496f9cddfefd934a93&id=CCTV5&type=yy, From: subscribe, IPv_Type: ipv6, Location: 美国, ISP: CloudFlare Inc., Date: None, Delay: -1 ms, Speed: 0.00 M/s, Resolution: None
Name: CCTV-5, URL: https://migu.188766.xyz/?migutoken=38cb109099352c8457787a7035c843fe&id=CCTV5p&type=yy, From: subscribe, IPv_Type: ipv6, Location: 美国, ISP: CloudFlare Inc., Date: None, Delay: -1 ms, Speed: 0.00 M/s, Resolution: None
Name: CCTV-5, URL: https://migu.188766.xyz/?migutoken=9f2a574798af69ac8b2f418e17305eb7&id=CCTV5&type=yy, From: subscribe, IPv_Type: ipv6, Location: 美国, ISP: CloudFlare Inc., Date: None, Delay: -1 ms, Speed: 0.00 M/s, Resolution: None
Name: CCTV-5, URL: https://migu.188766.xyz/?migutoken=c371490d8a0aa84c61ef1bfa18c5d7e0&id=CCTV5p&type=yy, From: subscribe, IPv_Type: ipv6, Location: 美国, ISP: CloudFlare Inc., Date: None, Delay: -1 ms, Speed: 0.00 M/s, Resolution: None
Name: CCTV-5, URL: https://migu.188766.xyz/?migutoken=760c41a232c2083f3eba37337ac0f8b9&id=CCTV5&type=yy, From: subscribe, IPv_Type: ipv6, Location: 美国, ISP: CloudFlare Inc., Date: None, Delay: -1 ms, Speed: 0.00 M/s, Resolution: None
Name: CCTV-5, URL: https://migu.188766.xyz/?migutoken=9c657fb4873955581d3d74041bed323e&id=CCTV5p&type=yy, From: subscribe, IPv_Type: ipv6, Location: 美国, ISP: CloudFlare Inc., Date: None, Delay: -1 ms, Speed: 0.00 M/s, Resolution: None
Name: CCTV-5, URL: https://iptv.catvod.com/live.php?id=CCTV5plus, From: subscribe, IPv_Type: ipv6, Location: 美国, ISP: CloudFlare Inc., Date: None, Delay: -1 ms, Speed: 0.00 M/s, Resolution: None
Name: CCTV-5, URL: https://migu.188766.xyz/?migutoken=14980bcc43174c61fb883d90820eb8b1&id=CCTV5&type=yy, From: subscribe, IPv_Type: ipv6, Location: 美国, ISP: CloudFlare Inc., Date: None, Delay: -1 ms, Speed: 0.00 M/s, Resolution: None
Name: CCTV-5, URL: https://migu.188766.xyz/?migutoken=6312bf752faccbec6183f50d76342551&id=CCTV5p&type=yy, From: subscribe, IPv_Type: ipv6, Location: 美国, ISP: CloudFlare Inc., Date: None, Delay: -1 ms, Speed: 0.00 M/s, Resolution: None
Name: CCTV-5, URL: https://iptv.catvod.com/live.php?id=CCTV5, From: subscribe, IPv_Type: ipv6, Location: 美国, ISP: CloudFlare Inc., Date: None, Delay: -1 ms, Speed: 0.00 M/s, Resolution: None
Name: CCTV-5, URL: https://migu.188766.xyz/?migutoken=d11ac68e53b0492fb76f87c53207059a&id=CCTV5&type=yy, From: subscribe, IPv_Type: ipv6, Location: 美国, ISP: CloudFlare Inc., Date: None, Delay: -1 ms, Speed: 0.00 M/s, Resolution: None
Name: CCTV-5, URL: https://migu.188766.xyz/?migutoken=3ffa8a3d7048dbdf1605b8509592cf60&id=CCTV5p&type=yy, From: subscribe, IPv_Type: ipv6, Location: 美国, ISP: CloudFlare Inc., Date: None, Delay: -1 ms, Speed: 0.00 M/s, Resolution: None
Name: CCTV-5, URL: https://iptv.catvod.com/live.php?id=CCTV-5, From: subscribe, IPv_Type: ipv6, Location: 美国, ISP: CloudFlare Inc., Date: None, Delay: -1 ms, Speed: 0.00 M/s, Resolution: None
Name: CCTV-5, URL: https://migu.188766.xyz/?migutoken=8be5e3b352c9274aca06562da4895bf6&id=CCTV5&type=yy, From: subscribe, IPv_Type: ipv6, Location: 美国, ISP: CloudFlare Inc., Date: None, Delay: -1 ms, Speed: 0.00 M/s, Resolution: None
Name: CCTV-5, URL: https://migu.188766.xyz/?migutoken=eb0d5db745a47edc3d459973b4e926e7&id=CCTV5p&type=yy, From: subscribe, IPv_Type: ipv6, Location: 美国, ISP: CloudFlare Inc., Date: None, Delay: -1 ms, Speed: 0.00 M/s, Resolution: None
Name: CCTV-5, URL: https://migu.188766.xyz/?migutoken=e6af31b10dd7c627f8585381b5885997&id=CCTV5&type=yy, From: subscribe, IPv_Type: ipv6, Location: 美国, ISP: CloudFlare Inc., Date: None, Delay: -1 ms, Speed: 0.00 M/s, Resolution: None
Name: CCTV-5, URL: https://migu.188766.xyz/?migutoken=8be4dc0f3d31195d3c5aca2e0528c06d&id=CCTV5p&type=yy, From: subscribe, IPv_Type: ipv6, Location: 美国, ISP: CloudFlare Inc., Date: None, Delay: -1 ms, Speed: 0.00 M/s, Resolution: None
Name: CCTV-5, URL: https://migu.188766.xyz/?migutoken=dfe7248ebc315b0c5cfe5f923960efcb&id=CCTV5&type=yy, From: subscribe, IPv_Type: ipv6, Location: 美国, ISP: CloudFlare Inc., Date: None, Delay: -1 ms, Speed: 0.00 M/s, Resolution: None
Name: CCTV-5, URL: https://migu.188766.xyz/?migutoken=1f1f1145e44385d95dd950c223f7cad0&id=CCTV5p&type=yy, From: subscribe, IPv_Type: ipv6, Location: 美国, ISP: CloudFlare Inc., Date: None, Delay: -1 ms, Speed: 0.00 M/s, Resolution: None
Name: CCTV-5, URL: https://migu.188766.xyz/?migutoken=8fefd35de4afa9501a775e6fca1e0c9f&id=CCTV5&type=yy, From: subscribe, IPv_Type: ipv6, Location: 美国, ISP: CloudFlare Inc., Date: None, Delay: -1 ms, Speed: 0.00 M/s, Resolution: None
Name: CCTV-5, URL: https://migu.188766.xyz/?migutoken=6728c5747317cc3d5aa01d3421ea062a&id=CCTV5p&type=yy, From: subscribe, IPv_Type: ipv6, Location: 美国, ISP: CloudFlare Inc., Date: None, Delay: -1 ms, Speed: 0.00 M/s, Resolution: None
Name: CCTV-5, URL: http://gslbmgsplive.miguvideo.com/wd_r2/cctv/cctv5hdnew/600/index.m3u8?msisdn=20251212080208e35f4a6f6de0441fa09fdea32d467ce1&mdspid=&spid=699004&netType=0&sid=5500516171&pid=2028597139&timestamp=20251212080208&Channel_ID=0116_2600037000-99000-200300220100002&ProgramID=641886683&ParentNodeID=-99&assertID=5500516171&client_ip=218.28.233.106&SecurityKey=20251212080208&promotionId=&mvid=5102048712&mcid=500020&playurlVersion=ZQ-A1-8.12.1-RELEASE&userid=&jmhm=&videocodec=h264&appCode=miguvideo_android&bean=mgspad&tid=android&conFee=0&puData=2f5934af380ab1c4b67d51a3adab6ea2&ddCalcu=22afve5a69wb3aa4daaf33a8105adb716cb4&sv=10004&ct=android, From: subscribe, IPv_Type: ipv6, Location: 中国, ISP: 中国移动, Date: None, Delay: -1 ms, Speed: 0.00 M/s, Resolution: None
Name: CCTV-5, URL: https://migu.188766.xyz/?migutoken=956b74698450fd0f9d3cedae07700bba&id=CCTV5&type=yy, From: subscribe, IPv_Type: ipv6, Location: 美国, ISP: CloudFlare Inc., Date: None, Delay: -1 ms, Speed: 0.00 M/s, Resolution: None
Name: CCTV-5, URL: https://migu.188766.xyz/?migutoken=113d1bc1010a3a1792cc8897fbc356c2&id=CCTV5p&type=yy, From: subscribe, IPv_Type: ipv6, Location: 美国, ISP: CloudFlare Inc., Date: None, Delay: -1 ms, Speed: 0.00 M/s, Resolution: None
Name: CCTV-5, URL: https://migu.188766.xyz/?migutoken=d8662ffffa59240b9787c0e672c9563b&id=CCTV5&type=yy, From: subscribe, IPv_Type: ipv6, Location: 美国, ISP: CloudFlare Inc., Date: None, Delay: -1 ms, Speed: 0.00 M/s, Resolution: None
Name: CCTV-5, URL: https://migu.188766.xyz/?migutoken=8ed3b1ea98505f68ce7cf92c3df4f215&id=CCTV5p&type=yy, From: subscribe, IPv_Type: ipv6, Location: 美国, ISP: CloudFlare Inc., Date: None, Delay: -1 ms, Speed: 0.00 M/s, Resolution: None
Name: CCTV-5, URL: https://migu.188766.xyz/?migutoken=72685da0cfba813102446e8a2a065d11&id=CCTV5&type=yy, From: subscribe, IPv_Type: ipv6, Location: 美国, ISP: CloudFlare Inc., Date: None, Delay: -1 ms, Speed: 0.00 M/s, Resolution: None
Name: CCTV-5, URL: https://migu.188766.xyz/?migutoken=3196a9958cd677c67e2be9c49a12f687&id=CCTV5p&type=yy, From: subscribe, IPv_Type: ipv6, Location: 美国, ISP: CloudFlare Inc., Date: None, Delay: -1 ms, Speed: 0.00 M/s, Resolution: None
Name: CCTV-5, URL: https://migu.188766.xyz/?migutoken=4a8dd9f1b204562c1ef7d0ae49c40c82&id=CCTV5&type=yy, From: subscribe, IPv_Type: ipv6, Location: 美国, ISP: CloudFlare Inc., Date: None, Delay: -1 ms, Speed: 0.00 M/s, Resolution: None
Name: CCTV-5, URL: https://migu.188766.xyz/?migutoken=96034b1f3f8418f635c33df82b1fe2b9&id=CCTV5p&type=yy, From: subscribe, IPv_Type: ipv6, Location: 美国, ISP: CloudFlare Inc., Date: None, Delay: -1 ms, Speed: 0.00 M/s, Resolution: None
Name: CCTV-5, URL: https://iptv.catvod.com/live.php?id=CCTV-5plus, From: subscribe, IPv_Type: ipv6, Location: 美国, ISP: CloudFlare Inc., Date: None, Delay: -1 ms, Speed: 0.00 M/s, Resolution: None
Name: CCTV-5, URL: https://migu.188766.xyz/?migutoken=c2bf14baaf88be58731575e750ba5320&id=CCTV5&type=yy, From: subscribe, IPv_Type: ipv6, Location: 美国, ISP: CloudFlare Inc., Date: None, Delay: -1 ms, Speed: 0.00 M/s, Resolution: None
Name: CCTV-5, URL: https://migu.188766.xyz/?migutoken=e01cdebf0326b12ce2dd078061c2d62a&id=CCTV5p&type=yy, From: subscribe, IPv_Type: ipv6, Location: 美国, ISP: CloudFlare Inc., Date: None, Delay: -1 ms, Speed: 0.00 M/s, Resolution: None
Name: CCTV-5, URL: https://migu.188766.xyz/?migutoken=e21d766fd3d70e02a26d4f11994c3977&id=CCTV5&type=yy, From: subscribe, IPv_Type: ipv6, Location: 美国, ISP: CloudFlare Inc., Date: None, Delay: -1 ms, Speed: 0.00 M/s, Resolution: None
Name: CCTV-5, URL: https://migu.188766.xyz/?migutoken=f9e4ac1aafd434520f07f3a9d5eadb20&id=CCTV5p&type=yy, From: subscribe, IPv_Type: ipv6, Location: 美国, ISP: CloudFlare Inc., Date: None, Delay: -1 ms, Speed: 0.00 M/s, Resolution: None
Name: CCTV-5, URL: https://migu.188766.xyz/?migutoken=c7e586cf305a6e8dbcf7942c981007d6&id=CCTV5&type=yy, From: subscribe, IPv_Type: ipv6, Location: 美国, ISP: CloudFlare Inc., Date: None, Delay: -1 ms, Speed: 0.00 M/s, Resolution: None
Name: CCTV-5, URL: https://migu.188766.xyz/?migutoken=01e979cb80cf6cb13e0050d25a406ca1&id=CCTV5p&type=yy, From: subscribe, IPv_Type: ipv6, Location: 美国, ISP: CloudFlare Inc., Date: None, Delay: -1 ms, Speed: 0.00 M/s, Resolution: None
Name: CCTV-5, URL: https://migu.188766.xyz/?migutoken=2ffa09cb078a6b2a73ce9c59c942d713&id=CCTV5&type=yy, From: subscribe, IPv_Type: ipv6, Location: 美国, ISP: CloudFlare Inc., Date: None, Delay: -1 ms, Speed: 0.00 M/s, Resolution: None
Name: CCTV-5, URL: https://migu.188766.xyz/?migutoken=0313805798d95dd1f210198858e0a662&id=CCTV5p&type=yy, From: subscribe, IPv_Type: ipv6, Location: 美国, ISP: CloudFlare Inc., Date: None, Delay: -1 ms, Speed: 0.00 M/s, Resolution: None
Name: CCTV-5, URL: https://migu.188766.xyz/?migutoken=90c6c30caabd2ffb89405cf2a3fdcac5&id=CCTV5&type=yy, From: subscribe, IPv_Type: ipv6, Location: 美国, ISP: CloudFlare Inc., Date: None, Delay: -1 ms, Speed: 0.00 M/s, Resolution: None
Name: CCTV-5, URL: https://migu.188766.xyz/?migutoken=fa4702ef64435bbb4720ff3e24eb206e&id=CCTV5p&type=yy, From: subscribe, IPv_Type: ipv6, Location: 美国, ISP: CloudFlare Inc., Date: None, Delay: -1 ms, Speed: 0.00 M/s, Resolution: None
Name: CCTV-5, URL: https://migu.188766.xyz/?migutoken=822121822274613eb1e51d5c9d427452&id=CCTV5&type=yy, From: subscribe, IPv_Type: ipv6, Location: 美国, ISP: CloudFlare Inc., Date: None, Delay: -1 ms, Speed: 0.00 M/s, Resolution: None
Name: CCTV-5, URL: https://migu.188766.xyz/?migutoken=dcd0cb2d7e71d9b7c787549e96edfb01&id=CCTV5p&type=yy, From: subscribe, IPv_Type: ipv6, Location: 美国, ISP: CloudFlare Inc., Date: None, Delay: -1 ms, Speed: 0.00 M/s, Resolution: None
Name: CCTV-5, URL: https://migu.188766.xyz/?migutoken=3ca4c7c86076eecc26c1ee0c8f3044f0&id=CCTV5&type=yy, From: subscribe, IPv_Type: ipv6, Location: 美国, ISP: CloudFlare Inc., Date: None, Delay: -1 ms, Speed: 0.00 M/s, Resolution: None
Name: CCTV-5, URL: https://migu.188766.xyz/?migutoken=e9af0236866ebdb8e86dbb5081b5d4e8&id=CCTV5p&type=yy, From: subscribe, IPv_Type: ipv6, Location: 美国, ISP: CloudFlare Inc., Date: None, Delay: -1 ms, Speed: 0.00 M/s, Resolution: None
Name: CCTV-5, URL: https://migu.188766.xyz/?migutoken=e81bfc1129aa49af56c1a7e1f8810266&id=CCTV5&type=yy, From: subscribe, IPv_Type: ipv6, Location: 美国, ISP: CloudFlare Inc., Date: None, Delay: -1 ms, Speed: 0.00 M/s, Resolution: None
Name: CCTV-5, URL: https://migu.188766.xyz/?migutoken=ee1a1f0d7fd09a784b3f7fa78942884b&id=CCTV5p&type=yy, From: subscribe, IPv_Type: ipv6, Location: 美国, ISP: CloudFlare Inc., Date: None, Delay: -1 ms, Speed: 0.00 M/s, Resolution: None
Name: CCTV-5, URL: https://migu.188766.xyz/?migutoken=e45ef9e248325298eeaa19ff57301a94&id=CCTV5&type=yy, From: subscribe, IPv_Type: ipv6, Location: 美国, ISP: CloudFlare Inc., Date: None, Delay: -1 ms, Speed: 0.00 M/s, Resolution: None
Name: CCTV-5, URL: https://migu.188766.xyz/?migutoken=4cb8ba0277fed5e59d7bbf6992ec0c00&id=CCTV5p&type=yy, From: subscribe, IPv_Type: ipv6, Location: 美国, ISP: CloudFlare Inc., Date: None, Delay: -1 ms, Speed: 0.00 M/s, Resolution: None
Name: CCTV-5, URL: https://migu.188766.xyz/?migutoken=3f3af04787056da1a6b1863120a95171&id=CCTV5&type=yy, From: subscribe, IPv_Type: ipv6, Location: 美国, ISP: CloudFlare Inc., Date: None, Delay: -1 ms, Speed: 0.00 M/s, Resolution: None
Name: CCTV-5, URL: https://migu.188766.xyz/?migutoken=bbf3aa23ecdd29ac5a1fb66e31edb6bc&id=CCTV5p&type=yy, From: subscribe, IPv_Type: ipv6, Location: 美国, ISP: CloudFlare Inc., Date: None, Delay: -1 ms, Speed: 0.00 M/s, Resolution: None
Name: CCTV-5, URL: https://migu.188766.xyz/?migutoken=d571113f2b9daa02ca501bc2bba37c24&id=CCTV5&type=yy, From: subscribe, IPv_Type: ipv6, Location: 美国, ISP: CloudFlare Inc., Date: None, Delay: -1 ms, Speed: 0.00 M/s, Resolution: None
Name: CCTV-5, URL: https://migu.188766.xyz/?migutoken=4a169c212039ec372ac031a550589930&id=CCTV5p&type=yy, From: subscribe, IPv_Type: ipv6, Location: 美国, ISP: CloudFlare Inc., Date: None, Delay: -1 ms, Speed: 0.00 M/s, Resolution: None
Name: CCTV-5, URL: https://migu.188766.xyz/?migutoken=320878979ac25ea16b8bf841b9e8c408&id=CCTV5&type=yy, From: subscribe, IPv_Type: ipv6, Location: 美国, ISP: CloudFlare Inc., Date: None, Delay: -1 ms, Speed: 0.00 M/s, Resolution: None
Name: CCTV-5, URL: https://migu.188766.xyz/?migutoken=2cc22d3d6cbb518bda1fa0511b52a38e&id=CCTV5p&type=yy, From: subscribe, IPv_Type: ipv6, Location: 美国, ISP: CloudFlare Inc., Date: None, Delay: -1 ms, Speed: 0.00 M/s, Resolution: None
Name: CCTV-5, URL: https://migu.188766.xyz/?migutoken=6da9dd3c7d37210f738039f7b8434453&id=CCTV5&type=yy, From: subscribe, IPv_Type: ipv6, Location: 美国, ISP: CloudFlare Inc., Date: None, Delay: -1 ms, Speed: 0.00 M/s, Resolution: None
Name: CCTV-5, URL: https://migu.188766.xyz/?migutoken=e0e465fd676646c4e33a92a77e7f7e81&id=CCTV5p&type=yy, From: subscribe, IPv_Type: ipv6, Location: 美国, ISP: CloudFlare Inc., Date: None, Delay: -1 ms, Speed: 0.00 M/s, Resolution: None
Name: CCTV-5, URL: https://migu.188766.xyz/?migutoken=015dac1ba88c65f57a7a9d1c8b707372&id=CCTV5&type=yy, From: subscribe, IPv_Type: ipv6, Location: 美国, ISP: CloudFlare Inc., Date: None, Delay: -1 ms, Speed: 0.00 M/s, Resolution: None
Name: CCTV-5, URL: https://migu.188766.xyz/?migutoken=5594c13771eda0047e0b8d0c0921bc69&id=CCTV5p&type=yy, From: subscribe, IPv_Type: ipv6, Location: 美国, ISP: CloudFlare Inc., Date: None, Delay: -1 ms, Speed: 0.00 M/s, Resolution: None
Name: CCTV-5, URL: https://migu.188766.xyz/?migutoken=0b3886af850071a8162f53ed77831b88&id=CCTV5&type=yy, From: subscribe, IPv_Type: ipv6, Location: 美国, ISP: CloudFlare Inc., Date: None, Delay: -1 ms, Speed: 0.00 M/s, Resolution: None
Name: CCTV-5, URL: https://migu.188766.xyz/?migutoken=67736b223a5b665d69afb10857ac5363&id=CCTV5p&type=yy, From: subscribe, IPv_Type: ipv6, Location: 美国, ISP: CloudFlare Inc., Date: None, Delay: -1 ms, Speed: 0.00 M/s, Resolution: None
Name: CCTV-5, URL: https://migu.188766.xyz/?migutoken=48bbd30016633cbcf423647047d90a4f&id=CCTV5&type=yy, From: subscribe, IPv_Type: ipv6, Location: 美国, ISP: CloudFlare Inc., Date: None, Delay: -1 ms, Speed: 0.00 M/s, Resolution: None
Name: CCTV-5, URL: https://migu.188766.xyz/?migutoken=a3824db7270042308673fa905895aece&id=CCTV5p&type=yy, From: subscribe, IPv_Type: ipv6, Location: 美国, ISP: CloudFlare Inc., Date: None, Delay: -1 ms, Speed: 0.00 M/s, Resolution: None
Name: CCTV-5, URL: https://migu.188766.xyz/?migutoken=36ff4fc38592b4ab3ea98562490a613d&id=CCTV5&type=yy, From: subscribe, IPv_Type: ipv6, Location: 美国, ISP: CloudFlare Inc., Date: None, Delay: -1 ms, Speed: 0.00 M/s, Resolution: None
Name: CCTV-5, URL: https://migu.188766.xyz/?migutoken=4d76e7eded549f1bb07c6bcd7aeaa56f&id=CCTV5p&type=yy, From: subscribe, IPv_Type: ipv6, Location: 美国, ISP: CloudFlare Inc., Date: None, Delay: -1 ms, Speed: 0.00 M/s, Resolution: None
Name: CCTV-5, URL: https://migu.188766.xyz/?migutoken=b3bde64f5b6efe8d0ad02e65e09785ae&id=CCTV5&type=yy, From: subscribe, IPv_Type: ipv6, Location: 美国, ISP: CloudFlare Inc., Date: None, Delay: -1 ms, Speed: 0.00 M/s, Resolution: None
Name: CCTV-5, URL: https://migu.188766.xyz/?migutoken=b28b2625ab79f3f568ba8673127a2913&id=CCTV5p&type=yy, From: subscribe, IPv_Type: ipv6, Location: 美国, ISP: CloudFlare Inc., Date: None, Delay: -1 ms, Speed: 0.00 M/s, Resolution: None
Name: CCTV-5, URL: https://migu.188766.xyz/?migutoken=0ef31531d347dfb6e1d0c26d4217578e&id=CCTV5&type=yy, From: subscribe, IPv_Type: ipv6, Location: 美国, ISP: CloudFlare Inc., Date: None, Delay: -1 ms, Speed: 0.00 M/s, Resolution: None
Name: CCTV-5, URL: https://migu.188766.xyz/?migutoken=cff335bae78b3d8e8e188fa0d603821e&id=CCTV5p&type=yy, From: subscribe, IPv_Type: ipv6, Location: 美国, ISP: CloudFlare Inc., Date: None, Delay: -1 ms, Speed: 0.00 M/s, Resolution: None
Name: CCTV-5, URL: https://migu.188766.xyz/?migutoken=763b4e6a2dc36a2fc9bce9561156de93&id=CCTV5&type=yy, From: subscribe, IPv_Type: ipv6, Location: 美国, ISP: CloudFlare Inc., Date: None, Delay: -1 ms, Speed: 0.00 M/s, Resolution: None
Name: CCTV-5, URL: https://migu.188766.xyz/?migutoken=106f338e986b8dc33591373ac654068a&id=CCTV5p&type=yy, From: subscribe, IPv_Type: ipv6, Location: 美国, ISP: CloudFlare Inc., Date: None, Delay: -1 ms, Speed: 0.00 M/s, Resolution: None
Name: CCTV-5, URL: https://migu.188766.xyz/?migutoken=07490da5f2a06be9036792be8bb76ef9&id=CCTV5&type=yy, From: subscribe, IPv_Type: ipv6, Location: 美国, ISP: CloudFlare Inc., Date: None, Delay: -1 ms, Speed: 0.00 M/s, Resolution: None
Name: CCTV-5, URL: https://migu.188766.xyz/?migutoken=6cffffbb4b3d117bf9b00656a87e55dc&id=CCTV5p&type=yy, From: subscribe, IPv_Type: ipv6, Location: 美国, ISP: CloudFlare Inc., Date: None, Delay: -1 ms, Speed: 0.00 M/s, Resolution: None
Name: CCTV-5, URL: https://migu.188766.xyz/?migutoken=69eaca09f1e6b2b2797e4a4c2fe34233&id=CCTV5&type=yy, From: subscribe, IPv_Type: ipv6, Location: 美国, ISP: CloudFlare Inc., Date: None, Delay: -1 ms, Speed: 0.00 M/s, Resolution: None
Name: CCTV-5, URL: https://migu.188766.xyz/?migutoken=04f4dfedad9497278a0786dd87f38311&id=CCTV5p&type=yy, From: subscribe, IPv_Type: ipv6, Location: 美国, ISP: CloudFlare Inc., Date: None, Delay: -1 ms, Speed: 0.00 M/s, Resolution: None
Name: CCTV-5, URL: https://migu.188766.xyz/?migutoken=c42551c689288d1c6f6a9e95a5d9d387&id=CCTV5&type=yy, From: subscribe, IPv_Type: ipv6, Location: 美国, ISP: CloudFlare Inc., Date: None, Delay: -1 ms, Speed: 0.00 M/s, Resolution: None
Name: CCTV-5, URL: https://migu.188766.xyz/?migutoken=22a1935beff8df1352b3b47bd548c04f&id=CCTV5p&type=yy, From: subscribe, IPv_Type: ipv6, Location: 美国, ISP: CloudFlare Inc., Date: None, Delay: -1 ms, Speed: 0.00 M/s, Resolution: None
Name: CCTV-5, URL: http://tvgslb.hn.chinamobile.com:8089/180000001002/00000001000000000099000000197689/main.m3u8?stbid=, From: subscribe, IPv_Type: ipv6, Location: 中国, ISP: 中国移动, Date: None, Delay: -1 ms, Speed: 0.00 M/s, Resolution: None
Name: CCTV-5, URL: http://tvgslb.hn.chinamobile.com:8089/180000001002/00000001000000000008000000047456/main.m3u8?stbid=, From: subscribe, IPv_Type: ipv6, Location: 中国, ISP: 中国移动, Date: None, Delay: -1 ms, Speed: 0.00 M/s, Resolution: None
Name: CCTV-5, URL: http://hwottcdn.ln.chinamobile.com/PLTV/11/224/3221227218/index.m3u8, From: subscribe, IPv_Type: ipv6, Location: 中国, ISP: 中国移动, Date: None, Delay: -1 ms, Speed: 0.00 M/s, Resolution: None
Name: CCTV-5, URL: http://ott.mobaibox.com/PLTV/3/224/3221228502/index.m3u8, From: subscribe, IPv_Type: ipv6, Location: 中国, ISP: 中国移动, Date: None, Delay: -1 ms, Speed: 0.00 M/s, Resolution: None
Name: CCTV-5, URL: http://hwltc.tv.cdn.zj.chinamobile.com/PLTV/88888888/224/3221236444/index.m3u8, From: subscribe, IPv_Type: ipv6, Location: 中国, ISP: 中国移动, Date: None, Delay: -1 ms, Speed: 0.00 M/s, Resolution: None
Name: CCTV-5, URL: http://hwottcdn.ln.chinamobile.com/PLTV/11/224/3221227293/index.m3u8, From: subscribe, IPv_Type: ipv6, Location: 中国, ISP: 中国移动, Date: None, Delay: -1 ms, Speed: 0.00 M/s, Resolution: None
Name: CCTV-5, URL: http://hwottcdn.ln.chinamobile.com/PLTV/11/224/3221227338/index.m3u8, From: subscribe, IPv_Type: ipv6, Location: 中国, ISP: 中国移动, Date: None, Delay: -1 ms, Speed: 0.00 M/s, Resolution: None
Name: CCTV-5, URL: http://hwottcdn.ln.chinamobile.com/PLTV/11/224/3221226200/index.m3u8, From: subscribe, IPv_Type: ipv6, Location: 中国, ISP: 中国移动, Date: None, Delay: -1 ms, Speed: 0.00 M/s, Resolution: None
Name: CCTV-5, URL: http://k.061899.xyz/k.php?id=cctv5, From: subscribe, IPv_Type: ipv6, Location: 新加坡, ISP: Aceville Pte.Ltd., Date: None, Delay: -1 ms, Speed: 0.00 M/s, Resolution: None
Name: CCTV-5, URL: http://tvgslb.hn.chinamobile.com:8089/180000001002/00000000000000020000000000182561/main.m3u8?stbid=, From: subscribe, IPv_Type: ipv6, Location: 中国, ISP: 中国移动, Date: None, Delay: -1 ms, Speed: 0.00 M/s, Resolution: None
Name: CCTV-5, URL: http://ott.mobaibox.com/PLTV/3/224/3221228176/index.m3u8, From: subscribe, IPv_Type: ipv6, Location: 中国, ISP: 中国移动, Date: None, Delay: -1 ms, Speed: 0.00 M/s, Resolution: None
Name: CCTV-5, URL: http://k.061899.xyz/k.php?id=cctv5p, From: subscribe, IPv_Type: ipv6, Location: 新加坡, ISP: Aceville Pte.Ltd., Date: None, Delay: -1 ms, Speed: 0.00 M/s, Resolution: None
Name: CCTV-5, URL: http://hwottcdn.ln.chinamobile.com/PLTV/11/224/3221226910/index.m3u8, From: subscribe, IPv_Type: ipv6, Location: 中国, ISP: 中国移动, Date: None, Delay: -1 ms, Speed: 0.00 M/s, Resolution: None
Name: CCTV-5, URL: http://rrs01.hw.gmcc.net:8088/PLTV/81/224/3221226711/1.m3u8, From: subscribe, IPv_Type: ipv6, Location: 中国, ISP: 中国移动, Date: None, Delay: -1 ms, Speed: 0.00 M/s, Resolution: None
Name: CCTV-5, URL: http://hwltc.tv.cdn.zj.chinamobile.com/PLTV/88888888/224/3221236306/index.m3u8, From: subscribe, IPv_Type: ipv6, Location: 中国, ISP: 中国移动, Date: None, Delay: -1 ms, Speed: 0.00 M/s, Resolution: None
Name: CCTV-5, URL: http://tvgslb.hn.chinamobile.com:8089/180000001002/00000001000000000008000000047442/main.m3u8?stbid=, From: subscribe, IPv_Type: ipv6, Location: 中国, ISP: 中国移动, Date: None, Delay: -1 ms, Speed: 0.00 M/s, Resolution: None
Name: CCTV-5, URL: http://hwottcdn.ln.chinamobile.com/PLTV/11/224/3221227236/index.m3u8, From: subscribe, IPv_Type: ipv6, Location: 中国, ISP: 中国移动, Date: None, Delay: -1 ms, Speed: 0.00 M/s, Resolution: None
Name: CCTV-5, URL: http://hwottcdn.ln.chinamobile.com/PLTV/11/224/3221226745/index.m3u8, From: subscribe, IPv_Type: ipv6, Location: 中国, ISP: 中国移动, Date: None, Delay: -1 ms, Speed: 0.00 M/s, Resolution: None
Name: CCTV-5, URL: http://hwottcdn.ln.chinamobile.com/PLTV/11/224/3221226198/index.m3u8, From: subscribe, IPv_Type: ipv6, Location: 中国, ISP: 中国移动, Date: None, Delay: -1 ms, Speed: 0.00 M/s, Resolution: None
Name: CCTV-5, URL: https://migu.188766.xyz/?migutoken=cef9d26a1aeb0e6f5282a07f1a2bdaa6&id=CCTV5&type=yy, From: subscribe, IPv_Type: ipv6, Location: 美国, ISP: CloudFlare Inc., Date: None, Delay: -1 ms, Speed: 0.00 M/s, Resolution: None
Name: CCTV-5, URL: https://migu.188766.xyz/?migutoken=4aa339bd9b06016a10fea48423167f67&id=CCTV5p&type=yy, From: subscribe, IPv_Type: ipv6, Location: 美国, ISP: CloudFlare Inc., Date: None, Delay: -1 ms, Speed: 0.00 M/s, Resolution: None
Name: CCTV-5, URL: https://migu.188766.xyz/?migutoken=c8e0133967a0e288f7032f0e27300aa3&id=CCTV5&type=yy, From: subscribe, IPv_Type: ipv6, Location: 美国, ISP: CloudFlare Inc., Date: None, Delay: -1 ms, Speed: 0.00 M/s, Resolution: None
Name: CCTV-5, URL: https://migu.188766.xyz/?migutoken=2e433173463e31485c5182c461feb0ea&id=CCTV5p&type=yy, From: subscribe, IPv_Type: ipv6, Location: 美国, ISP: CloudFlare Inc., Date: None, Delay: -1 ms, Speed: 0.00 M/s, Resolution: None
Name: CCTV-5, URL: https://migu.188766.xyz/?migutoken=f9b995f0f53da3d4333bd647b37d20b6&id=CCTV5&type=yy, From: subscribe, IPv_Type: ipv6, Location: 美国, ISP: CloudFlare Inc., Date: None, Delay: -1 ms, Speed: 0.00 M/s, Resolution: None
Name: CCTV-5, URL: https://migu.188766.xyz/?migutoken=d21e9fd89e94b33e00649c1c360fd768&id=CCTV5p&type=yy, From: subscribe, IPv_Type: ipv6, Location: 美国, ISP: CloudFlare Inc., Date: None, Delay: -1 ms, Speed: 0.00 M/s, Resolution: None
Name: CCTV-5, URL: https://migu.188766.xyz/?migutoken=19d7756686bee8bab550504b3a8e998b&id=CCTV5&type=yy, From: subscribe, IPv_Type: ipv6, Location: 美国, ISP: CloudFlare Inc., Date: None, Delay: -1 ms, Speed: 0.00 M/s, Resolution: None
Name: CCTV-5, URL: https://migu.188766.xyz/?migutoken=297fb9c57607a408e6f367a87d1f63c4&id=CCTV5p&type=yy, From: subscribe, IPv_Type: ipv6, Location: 美国, ISP: CloudFlare Inc., Date: None, Delay: -1 ms, Speed: 0.00 M/s, Resolution: None
Name: CCTV-5, URL: https://migu.188766.xyz/?migutoken=7764b3003bb40318de3e079067665117&id=CCTV5&type=yy, From: subscribe, IPv_Type: ipv6, Location: 美国, ISP: CloudFlare Inc., Date: None, Delay: -1 ms, Speed: 0.00 M/s, Resolution: None
Name: CCTV-5, URL: https://migu.188766.xyz/?migutoken=eb8b7df54981b8d912718f5547ad2f94&id=CCTV5p&type=yy, From: subscribe, IPv_Type: ipv6, Location: 美国, ISP: CloudFlare Inc., Date: None, Delay: -1 ms, Speed: 0.00 M/s, Resolution: None
Name: CCTV-5, URL: https://migu.188766.xyz/?migutoken=3803480da7c3ee6e07115f4bb5827c0d&id=CCTV5&type=yy, From: subscribe, IPv_Type: ipv6, Location: 美国, ISP: CloudFlare Inc., Date: None, Delay: -1 ms, Speed: 0.00 M/s, Resolution: None
Name: CCTV-5, URL: https://migu.188766.xyz/?migutoken=c83b4f41efe4ebc2e7b4db08353cc545&id=CCTV5p&type=yy, From: subscribe, IPv_Type: ipv6, Location: 美国, ISP: CloudFlare Inc., Date: None, Delay: -1 ms, Speed: 0.00 M/s, Resolution: None
Name: CCTV-5, URL: https://migu.188766.xyz/?migutoken=e5ff77b01fe36e30113bc7f056fd7f0f&id=CCTV5&type=yy, From: subscribe, IPv_Type: ipv6, Location: 美国, ISP: CloudFlare Inc., Date: None, Delay: -1 ms, Speed: 0.00 M/s, Resolution: None
Name: CCTV-5, URL: https://migu.188766.xyz/?migutoken=2fdfe9117943b926c3d966185451467f&id=CCTV5p&type=yy, From: subscribe, IPv_Type: ipv6, Location: 美国, ISP: CloudFlare Inc., Date: None, Delay: -1 ms, Speed: 0.00 M/s, Resolution: None
Name: CCTV-5, URL: https://migu.188766.xyz/?migutoken=03ff350b76e6317104b6bbef670b1c76&id=CCTV5&type=yy, From: subscribe, IPv_Type: ipv6, Location: 美国, ISP: CloudFlare Inc., Date: None, Delay: -1 ms, Speed: 0.00 M/s, Resolution: None
Name: CCTV-5, URL: https://migu.188766.xyz/?migutoken=dab091165f850acdcef51e426ddd1616&id=CCTV5p&type=yy, From: subscribe, IPv_Type: ipv6, Location: 美国, ISP: CloudFlare Inc., Date: None, Delay: -1 ms, Speed: 0.00 M/s, Resolution: None
Name: CCTV-5, URL: https://migu.188766.xyz/?migutoken=b516ab91fe28836fe97fc9a221ac53c7&id=CCTV5&type=yy, From: subscribe, IPv_Type: ipv6, Location: 美国, ISP: CloudFlare Inc., Date: None, Delay: -1 ms, Speed: 0.00 M/s, Resolution: None
Name: CCTV-5, URL: https://migu.188766.xyz/?migutoken=8c6fab8a444d0721a2c30e15636d3a16&id=CCTV5p&type=yy, From: subscribe, IPv_Type: ipv6, Location: 美国, ISP: CloudFlare Inc., Date: None, Delay: -1 ms, Speed: 0.00 M/s, Resolution: None
Name: CCTV-5, URL: https://migu.188766.xyz/?migutoken=369a4b02b1b7adabd26d90a0d159cb3d&id=CCTV5&type=yy, From: subscribe, IPv_Type: ipv6, Location: 美国, ISP: CloudFlare Inc., Date: None, Delay: -1 ms, Speed: 0.00 M/s, Resolution: None
Name: CCTV-5, URL: https://migu.188766.xyz/?migutoken=987e453e95282556939c105e785ad7bb&id=CCTV5p&type=yy, From: subscribe, IPv_Type: ipv6, Location: 美国, ISP: CloudFlare Inc., Date: None, Delay: -1 ms, Speed: 0.00 M/s, Resolution: None
Name: CCTV-5, URL: https://migu.188766.xyz/?migutoken=88eed20cb8892f742cec5cb4d96762f3&id=CCTV5&type=yy, From: subscribe, IPv_Type: ipv6, Location: 美国, ISP: CloudFlare Inc., Date: None, Delay: -1 ms, Speed: 0.00 M/s, Resolution: None
Name: CCTV-5, URL: https://migu.188766.xyz/?migutoken=ae8a85e6f17b1383f9ad1a973489ad09&id=CCTV5p&type=yy, From: subscribe, IPv_Type: ipv6, Location: 美国, ISP: CloudFlare Inc., Date: None, Delay: -1 ms, Speed: 0.00 M/s, Resolution: None
Name: CCTV-5, URL: https://migu.188766.xyz/?migutoken=48216643b534e08c848e8f53e84bde38&id=CCTV5&type=yy, From: subscribe, IPv_Type: ipv6, Location: 美国, ISP: CloudFlare Inc., Date: None, Delay: -1 ms, Speed: 0.00 M/s, Resolution: None
Name: CCTV-5, URL: https://migu.188766.xyz/?migutoken=c336b1fa58440ae96671f4728b7ffd10&id=CCTV5p&type=yy, From: subscribe, IPv_Type: ipv6, Location: 美国, ISP: CloudFlare Inc., Date: None, Delay: -1 ms, Speed: 0.00 M/s, Resolution: None
Name: CCTV-5, URL: https://migu.188766.xyz/?migutoken=32f6ca1f9f07f951159844d7ab974c05&id=CCTV5&type=yy, From: subscribe, IPv_Type: ipv6, Location: 美国, ISP: CloudFlare Inc., Date: None, Delay: -1 ms, Speed: 0.00 M/s, Resolution: None
Name: CCTV-5, URL: https://migu.188766.xyz/?migutoken=f141fea1aa022499c48610385499ef18&id=CCTV5p&type=yy, From: subscribe, IPv_Type: ipv6, Location: 美国, ISP: CloudFlare Inc., Date: None, Delay: -1 ms, Speed: 0.00 M/s, Resolution: None
Name: CCTV-5, URL: https://migu.188766.xyz/?migutoken=32b88473afb290068b01bc9975125fae&id=CCTV5&type=yy, From: subscribe, IPv_Type: ipv6, Location: 美国, ISP: CloudFlare Inc., Date: None, Delay: -1 ms, Speed: 0.00 M/s, Resolution: None
Name: CCTV-5, URL: https://migu.188766.xyz/?migutoken=c8465a94d50f7573c61c620b877fd8e5&id=CCTV5p&type=yy, From: subscribe, IPv_Type: ipv6, Location: 美国, ISP: CloudFlare Inc., Date: None, Delay: -1 ms, Speed: 0.00 M/s, Resolution: None
Name: CCTV-5, URL: https://migu.188766.xyz/?migutoken=6b4ba1e3a4778853bbc99fbe3789dc72&id=CCTV5&type=yy, From: subscribe, IPv_Type: ipv6, Location: 美国, ISP: CloudFlare Inc., Date: None, Delay: -1 ms, Speed: 0.00 M/s, Resolution: None
Name: CCTV-5, URL: https://migu.188766.xyz/?migutoken=0a93b0f8c10c8c3d4114daf993d3a1f5&id=CCTV5p&type=yy, From: subscribe, IPv_Type: ipv6, Location: 美国, ISP: CloudFlare Inc., Date: None, Delay: -1 ms, Speed: 0.00 M/s, Resolution: None
Name: CCTV-5, URL: https://migu.188766.xyz/?migutoken=fee6315fb0316e1801b7a0eef7023969&id=CCTV5&type=yy, From: subscribe, IPv_Type: ipv6, Location: 美国, ISP: CloudFlare Inc., Date: None, Delay: -1 ms, Speed: 0.00 M/s, Resolution: None
Name: CCTV-5, URL: https://migu.188766.xyz/?migutoken=c6490b08f9affbb813f1711b77cbc4dd&id=CCTV5p&type=yy, From: subscribe, IPv_Type: ipv6, Location: 美国, ISP: CloudFlare Inc., Date: None, Delay: -1 ms, Speed: 0.00 M/s, Resolution: None
Name: CCTV-5, URL: https://migu.188766.xyz/?migutoken=ede1b0c965a5f97adc964f0223ae6b6e&id=CCTV5&type=yy, From: subscribe, IPv_Type: ipv6, Location: 美国, ISP: CloudFlare Inc., Date: None, Delay: -1 ms, Speed: 0.00 M/s, Resolution: None
Name: CCTV-5, URL: https://migu.188766.xyz/?migutoken=ca413694463edd2c32eb8d573be875ba&id=CCTV5p&type=yy, From: subscribe, IPv_Type: ipv6, Location: 美国, ISP: CloudFlare Inc., Date: None, Delay: -1 ms, Speed: 0.00 M/s, Resolution: None
Name: CCTV-5, URL: https://migu.188766.xyz/?migutoken=d8c329c4aed3dd5273a0adac4ba75255&id=CCTV5&type=yy, From: subscribe, IPv_Type: ipv6, Location: 美国, ISP: CloudFlare Inc., Date: None, Delay: -1 ms, Speed: 0.00 M/s, Resolution: None
Name: CCTV-5, URL: https://migu.188766.xyz/?migutoken=aa335dcfa7cad4b0ad8c2acb10912f00&id=CCTV5p&type=yy, From: subscribe, IPv_Type: ipv6, Location: 美国, ISP: CloudFlare Inc., Date: None, Delay: -1 ms, Speed: 0.00 M/s, Resolution: None
Name: CCTV-5, URL: https://migu.188766.xyz/?migutoken=b9b5bb587a7b44ff1e768a796bdc59ba&id=CCTV5&type=yy, From: subscribe, IPv_Type: ipv6, Location: 美国, ISP: CloudFlare Inc., Date: None, Delay: -1 ms, Speed: 0.00 M/s, Resolution: None
Name: CCTV-5, URL: https://migu.188766.xyz/?migutoken=bd32b0dceeb03177dd68725aee07528e&id=CCTV5p&type=yy, From: subscribe, IPv_Type: ipv6, Location: 美国, ISP: CloudFlare Inc., Date: None, Delay: -1 ms, Speed: 0.00 M/s, Resolution: None
Name: CCTV-5, URL: https://migu.188766.xyz/?migutoken=451a79e92cedcd8a871f9da4f9db2969&id=CCTV5&type=yy, From: subscribe, IPv_Type: ipv6, Location: 美国, ISP: CloudFlare Inc., Date: None, Delay: -1 ms, Speed: 0.00 M/s, Resolution: None
Name: CCTV-5, URL: https://migu.188766.xyz/?migutoken=a50d81da4f69fbca92cdff939da802c5&id=CCTV5p&type=yy, From: subscribe, IPv_Type: ipv6, Location: 美国, ISP: CloudFlare Inc., Date: None, Delay: -1 ms, Speed: 0.00 M/s, Resolution: None
Name: CCTV-5, URL: http://[2409:8087:8:21::18]:6610/otttv.bj.chinamobile.com/PLTV/88888888/224/3221226894/1.m3u8?, From: subscribe, IPv_Type: ipv6, Location: 中国, ISP: 中国移动, Date: None, Delay: -1 ms, Speed: 0.00 M/s, Resolution: None
Name: CCTV-5, URL: https://migu.188766.xyz/?migutoken=9d85fd3ca5821392d370952a0361345b&id=CCTV5&type=yy, From: subscribe, IPv_Type: ipv6, Location: 美国, ISP: CloudFlare Inc., Date: None, Delay: -1 ms, Speed: 0.00 M/s, Resolution: None
Name: CCTV-5, URL: https://migu.188766.xyz/?migutoken=fb6bb5b353871a4e18776a001d6485c1&id=CCTV5p&type=yy, From: subscribe, IPv_Type: ipv6, Location: 美国, ISP: CloudFlare Inc., Date: None, Delay: -1 ms, Speed: 0.00 M/s, Resolution: None
Name: CCTV-5, URL: https://migu.188766.xyz/?migutoken=943a47fc8b488bd858f9cfd0da9263a1&id=CCTV5&type=yy, From: subscribe, IPv_Type: ipv6, Location: 美国, ISP: CloudFlare Inc., Date: None, Delay: -1 ms, Speed: 0.00 M/s, Resolution: None
Name: CCTV-5, URL: https://migu.188766.xyz/?migutoken=b5ebac95be9230dbbd0691d00641430e&id=CCTV5p&type=yy, From: subscribe, IPv_Type: ipv6, Location: 美国, ISP: CloudFlare Inc., Date: None, Delay: -1 ms, Speed: 0.00 M/s, Resolution: None
Name: CCTV-5, URL: https://live.catvod.com/live.php?id=cctv5, From: subscribe, IPv_Type: ipv6, Location: 美国, ISP: CloudFlare Inc., Date: None, Delay: -1 ms, Speed: 0.00 M/s, Resolution: None
Name: CCTV-5, URL: https://live.catvod.com/live.php?id=cctv5plus, From: subscribe, IPv_Type: ipv6, Location: 美国, ISP: CloudFlare Inc., Date: None, Delay: -1 ms, Speed: 0.00 M/s, Resolution: None
Name: CCTV-5, URL: https://migu.188766.xyz/?migutoken=b92e6feb53e41001185396ede12af650&id=CCTV5&type=yy, From: subscribe, IPv_Type: ipv6, Location: 美国, ISP: CloudFlare Inc., Date: None, Delay: -1 ms, Speed: 0.00 M/s, Resolution: None
Name: CCTV-5, URL: https://migu.188766.xyz/?migutoken=aa802757b29486fa08bb2fe647b958b1&id=CCTV5p&type=yy, From: subscribe, IPv_Type: ipv6, Location: 美国, ISP: CloudFlare Inc., Date: None, Delay: -1 ms, Speed: 0.00 M/s, Resolution: None
Name: CCTV-5, URL: https://migu.188766.xyz/?migutoken=ec05fd9d09fd561f3550df7c6b9e3ca6&id=CCTV5&type=yy, From: subscribe, IPv_Type: ipv6, Location: 美国, ISP: CloudFlare Inc., Date: None, Delay: -1 ms, Speed: 0.00 M/s, Resolution: None
Name: CCTV-5, URL: https://migu.188766.xyz/?migutoken=74f6008b4d0b78b286b61599bb8eb0bb&id=CCTV5p&type=yy, From: subscribe, IPv_Type: ipv6, Location: 美国, ISP: CloudFlare Inc., Date: None, Delay: -1 ms, Speed: 0.00 M/s, Resolution: None
Name: CCTV-5, URL: https://migu.188766.xyz/?migutoken=42d5a8c1c2c1bfe6cfd8ddefc7a38592&id=CCTV5&type=yy, From: subscribe, IPv_Type: ipv6, Location: 美国, ISP: CloudFlare Inc., Date: None, Delay: -1 ms, Speed: 0.00 M/s, Resolution: None
Name: CCTV-5, URL: https://migu.188766.xyz/?migutoken=39526322ea4e5b30ef12474cb7055e4f&id=CCTV5p&type=yy, From: subscribe, IPv_Type: ipv6, Location: 美国, ISP: CloudFlare Inc., Date: None, Delay: -1 ms, Speed: 0.00 M/s, Resolution: None
Name: CCTV-5, URL: https://migu.188766.xyz/?migutoken=403fb2379eb7eb22d63954d56233dc70&id=CCTV5&type=yy, From: subscribe, IPv_Type: ipv6, Location: 美国, ISP: CloudFlare Inc., Date: None, Delay: -1 ms, Speed: 0.00 M/s, Resolution: None
Name: CCTV-5, URL: https://migu.188766.xyz/?migutoken=86a59176b74c4a9cf2edb6c9e6fe8552&id=CCTV5p&type=yy, From: subscribe, IPv_Type: ipv6, Location: 美国, ISP: CloudFlare Inc., Date: None, Delay: -1 ms, Speed: 0.00 M/s, Resolution: None
Name: CCTV-5, URL: https://migu.188766.xyz/?migutoken=1e71740a700dad87cbc47d03353a4076&id=CCTV5&type=yy, From: subscribe, IPv_Type: ipv6, Location: 美国, ISP: CloudFlare Inc., Date: None, Delay: -1 ms, Speed: 0.00 M/s, Resolution: None
Name: CCTV-5, URL: https://migu.188766.xyz/?migutoken=8a0512e7896ceb5e06bcb15250268322&id=CCTV5p&type=yy, From: subscribe, IPv_Type: ipv6, Location: 美国, ISP: CloudFlare Inc., Date: None, Delay: -1 ms, Speed: 0.00 M/s, Resolution: None
Name: CCTV-5, URL: https://migu.188766.xyz/?migutoken=f2ef914c73aa922f34acf852216e2da6&id=CCTV5&type=yy, From: subscribe, IPv_Type: ipv6, Location: 美国, ISP: CloudFlare Inc., Date: None, Delay: -1 ms, Speed: 0.00 M/s, Resolution: None
Name: CCTV-5, URL: https://migu.188766.xyz/?migutoken=23803a19884163e41538f5da32997480&id=CCTV5p&type=yy, From: subscribe, IPv_Type: ipv6, Location: 美国, ISP: CloudFlare Inc., Date: None, Delay: -1 ms, Speed: 0.00 M/s, Resolution: None
Name: CCTV-5, URL: https://migu.188766.xyz/?migutoken=8dfed6342ec48218ce7c73fd9162c521&id=CCTV5&type=yy, From: subscribe, IPv_Type: ipv6, Location: 美国, ISP: CloudFlare Inc., Date: None, Delay: -1 ms, Speed: 0.00 M/s, Resolution: None
Name: CCTV-5, URL: https://migu.188766.xyz/?migutoken=9245d04f11b8422c79f6d70c8dd02f8b&id=CCTV5p&type=yy, From: subscribe, IPv_Type: ipv6, Location: 美国, ISP: CloudFlare Inc., Date: None, Delay: -1 ms, Speed: 0.00 M/s, Resolution: None
Name: CCTV-5, URL: https://migu.188766.xyz/?migutoken=cff77ade7aec5b041fff529d4df5a3f0&id=CCTV5&type=yy, From: subscribe, IPv_Type: ipv6, Location: 美国, ISP: CloudFlare Inc., Date: None, Delay: -1 ms, Speed: 0.00 M/s, Resolution: None
Name: CCTV-5, URL: https://migu.188766.xyz/?migutoken=422642f12dc2f073794b982e028764db&id=CCTV5p&type=yy, From: subscribe, IPv_Type: ipv6, Location: 美国, ISP: CloudFlare Inc., Date: None, Delay: -1 ms, Speed: 0.00 M/s, Resolution: None
Name: CCTV-5, URL: https://migu.188766.xyz/?migutoken=3b887d4ae12bfc15d254b2922de19f6b&id=CCTV5&type=yy, From: subscribe, IPv_Type: ipv6, Location: 美国, ISP: CloudFlare Inc., Date: None, Delay: -1 ms, Speed: 0.00 M/s, Resolution: None
Name: CCTV-5, URL: https://migu.188766.xyz/?migutoken=0e6a5c06e4eb3d619bb52107e99ceb4e&id=CCTV5p&type=yy, From: subscribe, IPv_Type: ipv6, Location: 美国, ISP: CloudFlare Inc., Date: None, Delay: -1 ms, Speed: 0.00 M/s, Resolution: None
Name: CCTV-5, URL: https://migu.188766.xyz/?migutoken=50b50b64a5f543567289abe42700f8c9&id=CCTV5&type=yy, From: subscribe, IPv_Type: ipv6, Location: 美国, ISP: CloudFlare Inc., Date: None, Delay: -1 ms, Speed: 0.00 M/s, Resolution: None
Name: CCTV-5, URL: https://migu.188766.xyz/?migutoken=22e7641df7397077903cebbf7822f269&id=CCTV5p&type=yy, From: subscribe, IPv_Type: ipv6, Location: 美国, ISP: CloudFlare Inc., Date: None, Delay: -1 ms, Speed: 0.00 M/s, Resolution: None
Name: CCTV-5, URL: https://migu.188766.xyz/?migutoken=cdff10d6beb5a92bd1b9eddefe9c4703&id=CCTV5&type=yy, From: subscribe, IPv_Type: ipv6, Location: 美国, ISP: CloudFlare Inc., Date: None, Delay: -1 ms, Speed: 0.00 M/s, Resolution: None
Name: CCTV-5, URL: https://migu.188766.xyz/?migutoken=2e5e4b649496d6e0d5b3aa2282d181a2&id=CCTV5p&type=yy, From: subscribe, IPv_Type: ipv6, Location: 美国, ISP: CloudFlare Inc., Date: None, Delay: -1 ms, Speed: 0.00 M/s, Resolution: None
Name: CCTV-5, URL: https://migu.188766.xyz/?migutoken=6a6a819ec0599e0889ba065ba9272001&id=CCTV5&type=yy, From: subscribe, IPv_Type: ipv6, Location: 美国, ISP: CloudFlare Inc., Date: None, Delay: -1 ms, Speed: 0.00 M/s, Resolution: None
Name: CCTV-5, URL: https://migu.188766.xyz/?migutoken=a459f33c2d2c9b09431aaeb8f300a480&id=CCTV5p&type=yy, From: subscribe, IPv_Type: ipv6, Location: 美国, ISP: CloudFlare Inc., Date: None, Delay: -1 ms, Speed: 0.00 M/s, Resolution: None
Name: CCTV-5, URL: https://migu.188766.xyz/?migutoken=cae4c297f7fe8ba9ef7b739b34bcd58d&id=CCTV5&type=yy, From: subscribe, IPv_Type: ipv6, Location: 美国, ISP: CloudFlare Inc., Date: None, Delay: -1 ms, Speed: 0.00 M/s, Resolution: None
Name: CCTV-5, URL: https://migu.188766.xyz/?migutoken=0594bc462e540e726d3fdf3aa47ec6ab&id=CCTV5p&type=yy, From: subscribe, IPv_Type: ipv6, Location: 美国, ISP: CloudFlare Inc., Date: None, Delay: -1 ms, Speed: 0.00 M/s, Resolution: None
Name: CCTV-5, URL: https://migu.188766.xyz/?migutoken=67abfc001b11ad7472632fde87178b9c&id=CCTV5&type=yy, From: subscribe, IPv_Type: ipv6, Location: 美国, ISP: CloudFlare Inc., Date: None, Delay: -1 ms, Speed: 0.00 M/s, Resolution: None
Name: CCTV-5, URL: https://migu.188766.xyz/?migutoken=73b769be6d67b8b67201ec34bfc33c65&id=CCTV5p&type=yy, From: subscribe, IPv_Type: ipv6, Location: 美国, ISP: CloudFlare Inc., Date: None, Delay: -1 ms, Speed: 0.00 M/s, Resolution: None
Name: CCTV-5, URL: https://migu.188766.xyz/?migutoken=1353381b68d5a9d75c8894b7eb33595c&id=CCTV5&type=yy, From: subscribe, IPv_Type: ipv6, Location: 美国, ISP: CloudFlare Inc., Date: None, Delay: -1 ms, Speed: 0.00 M/s, Resolution: None
Name: CCTV-5, URL: https://migu.188766.xyz/?migutoken=60d46675f60747566a9b705f88ec85b3&id=CCTV5p&type=yy, From: subscribe, IPv_Type: ipv6, Location: 美国, ISP: CloudFlare Inc., Date: None, Delay: -1 ms, Speed: 0.00 M/s, Resolution: None
Name: CCTV-5, URL: https://migu.188766.xyz/?migutoken=f2eac6ceca6e92badcf616418be197ea&id=CCTV5&type=yy, From: subscribe, IPv_Type: ipv6, Location: 美国, ISP: CloudFlare Inc., Date: None, Delay: -1 ms, Speed: 0.00 M/s, Resolution: None
Name: CCTV-5, URL: https://migu.188766.xyz/?migutoken=b6abef0af417363da4f3cd17e498d3f7&id=CCTV5p&type=yy, From: subscribe, IPv_Type: ipv6, Location: 美国, ISP: CloudFlare Inc., Date: None, Delay: -1 ms, Speed: 0.00 M/s, Resolution: None
Name: CCTV-5, URL: http://mgsp-yx2.live.miguvideo.com:8088/migu/kailu/cctv5hd265/51/20191230/index.m3u8?msisdn=e55e9ee71b42d2d7008a152c069625e3&mdspid=&spid=699004&netType=0&sid=5500516171&pid=2028597139&timestamp=20260215080203&Channel_ID=0116_2600034600-99000-201600010010028&ProgramID=641886683&ParentNodeID=-99&assertID=5500516171&client_ip=218.28.233.106&SecurityKey=20260215080203&promotionId=&mvid=5102048712&mcid=500020&playurlVersion=WX-A1-9.2.1-RELEASE&userid=&jmhm=&videocodec=h265&appCode=miguvideo_android&bean=mgspad&tid=android&conFee=0&encrypt=802e927eb8b7fc80b895d079be04b957&sv=10004&ct=android, From: subscribe, IPv_Type: ipv6, Location: 中国, ISP: 中国电信, Date: None, Delay: -1 ms, Speed: 0.00 M/s, Resolution: None
Name: CCTV-5, URL: https://migu.188766.xyz/?migutoken=c719a9e1d8254d75b2322e0b1986d9df&id=CCTV5&type=yy, From: subscribe, IPv_Type: ipv6, Location: 美国, ISP: CloudFlare Inc., Date: None, Delay: -1 ms, Speed: 0.00 M/s, Resolution: None
Name: CCTV-5, URL: https://migu.188766.xyz/?migutoken=0058b64b2d01861574f42a1ace191007&id=CCTV5p&type=yy, From: subscribe, IPv_Type: ipv6, Location: 美国, ISP: CloudFlare Inc., Date: None, Delay: -1 ms, Speed: 0.00 M/s, Resolution: None
Name: CCTV-5, URL: https://migu.188766.xyz/?migutoken=d48a3fea37be69ec885639a81dbb061a&id=CCTV5&type=yy, From: subscribe, IPv_Type: ipv6, Location: 美国, ISP: CloudFlare Inc., Date: None, Delay: -1 ms, Speed: 0.00 M/s, Resolution: None
Name: CCTV-5, URL: https://migu.188766.xyz/?migutoken=c3e201f8234bdc5058d47b7a890e74a5&id=CCTV5p&type=yy, From: subscribe, IPv_Type: ipv6, Location: 美国, ISP: CloudFlare Inc., Date: None, Delay: -1 ms, Speed: 0.00 M/s, Resolution: None
Name: CCTV-5, URL: http://mgsp-tx2.live.miguvideo.com:8088/migu/kailu/cctv5hd265/51/20191230/index.m3u8?msisdn=e55e9ee71b42d2d7008a152c069625e3&mdspid=&spid=699004&netType=0&sid=5500516171&pid=2028597139&timestamp=20260217084014&Channel_ID=0116_2600034600-99000-201600010010028&ProgramID=641886683&ParentNodeID=-99&assertID=5500516171&client_ip=218.28.233.106&SecurityKey=20260217084014&promotionId=&mvid=5102048712&mcid=500020&playurlVersion=WX-A1-9.2.1-RELEASE&userid=&jmhm=&videocodec=h265&appCode=miguvideo_android&bean=mgspad&tid=android&conFee=0&encrypt=215da25e6e2c9779b528c1c43e481b98&sv=10004&ct=android, From: subscribe, IPv_Type: ipv6, Location: 中国, ISP: 中国联通, Date: None, Delay: -1 ms, Speed: 0.00 M/s, Resolution: None
Name: CCTV-5, URL: https://migu.188766.xyz/?migutoken=dcf3e2dcb581b1bdb098bbc8adc69299&id=CCTV5&type=yy, From: subscribe, IPv_Type: ipv6, Location: 美国, ISP: CloudFlare Inc., Date: None, Delay: -1 ms, Speed: 0.00 M/s, Resolution: None
Name: CCTV-5, URL: https://migu.188766.xyz/?migutoken=6d886c0f15d0bf9538a83bac01fdf117&id=CCTV5p&type=yy, From: subscribe, IPv_Type: ipv6, Location: 美国, ISP: CloudFlare Inc., Date: None, Delay: -1 ms, Speed: 0.00 M/s, Resolution: None
Name: CCTV-5, URL: https://iptv.catvod.com/live.php?id=CCTV5&line=13, From: subscribe, IPv_Type: ipv4, Location: 美国-加利福尼亚州-洛杉矶, ISP: IT7网络, Date: None, Delay: 53 ms, Speed: 22.12 M/s, Resolution: 1920x1080
Name: CCTV-5, URL: https://iptv.catvod.com/live.php?id=CCTV5&line=14, From: subscribe, IPv_Type: ipv4, Location: 美国-加利福尼亚州-洛杉矶, ISP: IT7网络, Date: None, Delay: 75 ms, Speed: 14.20 M/s, Resolution: 1920x1080
Name: CCTV-5, URL: https://iptv.catvod.com/live.php?id=CCTV5&line=15, From: subscribe, IPv_Type: ipv4, Location: 美国-加利福尼亚州-洛杉矶, ISP: IT7网络, Date: None, Delay: 78 ms, Speed: 13.82 M/s, Resolution: 1920x1080
Name: CCTV-5, URL: http://38.75.136.137:98/gslb/dsdqbv/cctv5hd.m3u8?auth=test20251009, From: subscribe, IPv_Type: ipv4, Location: 美国-伊利诺伊州-库克, ISP: Cogent, Date: None, Delay: 738 ms, Speed: 6.31 M/s, Resolution: 1920x1080
Name: CCTV-5, URL: http://38.75.136.137:98/gslb/dsdqbv/cctv5p.m3u8?auth=test20251009, From: subscribe, IPv_Type: ipv4, Location: 美国-伊利诺伊州-库克, ISP: Cogent, Date: None, Delay: 2403 ms, Speed: 1.55 M/s, Resolution: 1920x1080
Name: CCTV-5+, URL: http://php.jdshipin.com/TVOD/hljyd.php?id=3221225603, From: subscribe, IPv_Type: ipv6, Location: 美国, ISP: CloudFlare Inc., Date: None, Delay: 0.1 ms, Speed: inf M/s, Resolution: 1920x1080
Name: CCTV-5+, URL: https://www.freetv.top/migu/641886773.m3u8?migutoken=03a1b82e35e58cd89a95034ecb29e77e50493397000ec2b1e4d1ce59af01e6420d6dbc068c8230ec03be3a35a20eed8714e0959e3570a08713a7a2e8d86085eabf8f1aa85744c80c38343988b2, From: subscribe, IPv_Type: ipv6, Location: 美国-加利福尼亚州-圣克拉拉, ISP: DigitalOcean, Date: None, Delay: 0.1 ms, Speed: inf M/s, Resolution: 1920x1080
Name: CCTV-5+, URL: http://[2409:8087:1a01:df::4077]/ottrrs.hl.chinamobile.com/PLTV/88888888/8/3221225603/index.m3u8, From: subscribe, IPv_Type: ipv6, Location: 中国, ISP: 中国移动, Date: None, Delay: 0.1 ms, Speed: inf M/s, Resolution: 1920x1080
Name: CCTV-5+, URL: https://smart.pendy.dpdns.org/Smart.php?id=cctv5plus, From: subscribe, IPv_Type: ipv6, Location: 美国, ISP: CloudFlare Inc., Date: None, Delay: 0.1 ms, Speed: inf M/s, Resolution: 1920x1080
Name: CCTV-5+, URL: http://[2409:8087:1a01:df::4077]/ottrrs.hl.chinamobile.com/PLTV/88888888/224/3221225603/index.m3u8, From: subscribe, IPv_Type: ipv6, Location: 中国, ISP: 中国移动, Date: None, Delay: 0.1 ms, Speed: inf M/s, Resolution: 1920x1080
Name: CCTV-5+, URL: http://[2409:8087:1a0a:df::404b]/ottrrs.hl.chinamobile.com/TVOD/88888888/224/3221225603/index.m3u8, From: subscribe, IPv_Type: ipv6, Location: 中国, ISP: 中国移动, Date: None, Delay: 0.1 ms, Speed: inf M/s, Resolution: 1920x1080
Name: CCTV-5+, URL: http://[2409:8087:1a01:df::4077]:80/ottrrs.hl.chinamobile.com/PLTV/88888888/8/3221225603/index.m3u8, From: subscribe, IPv_Type: ipv6, Location: 中国, ISP: 中国移动, Date: None, Delay: 0.1 ms, Speed: inf M/s, Resolution: 1920x1080
Name: CCTV-5+, URL: http://[2409:8087:1a01:df::4077]:80/ottrrs.hl.chinamobile.com/PLTV/88888888/224/3221225603/index.m3u8, From: subscribe, IPv_Type: ipv6, Location: 中国, ISP: 中国移动, Date: None, Delay: 0.1 ms, Speed: inf M/s, Resolution: 1920x1080
Name: CCTV-5+, URL: http://[2409:8087:1a01:df::4077]/ottrrs.hl.chinamobile.com/yinhe/88888888/224/3221225603/index.m3u8, From: subscribe, IPv_Type: ipv6, Location: 中国, ISP: 中国移动, Date: None, Delay: 0.1 ms, Speed: inf M/s, Resolution: 1920x1080
Name: CCTV-5+, URL: http://[2409:8087:8:21::18]:6610/otttv.bj.chinamobile.com/PLTV/88888888/224/3221226349/1.m3u8, From: subscribe, IPv_Type: ipv6, Location: 中国, ISP: 中国移动, Date: None, Delay: 0.1 ms, Speed: inf M/s, Resolution: 1920x1080
Name: CCTV-5+, URL: http://iptv.cdn.ha.chinamobile.com/PLTV/88888888/224/3221227348/index.m3u8, From: subscribe, IPv_Type: ipv6, Location: 中国, ISP: 中国移动, Date: None, Delay: 0.1 ms, Speed: inf M/s, Resolution: 1920x1080
Name: CCTV-5+, URL: https://www.freetv.top/migu/641886773.m3u8?migutoken=d7396c05a877872a7519b5df4582a7a4bdf13c82d09889e561f50d0035f006d199741b00d465e4e41b0f706bccfe3420f5d427961e7698ad2a8b8d82d9d320a827310f6c8a7d1c8f203c91b392, From: subscribe, IPv_Type: ipv6, Location: 美国-加利福尼亚州-圣克拉拉, ISP: DigitalOcean, Date: None, Delay: 0.1 ms, Speed: inf M/s, Resolution: 1920x1080
Name: CCTV-5+, URL: https://www.freetv.top/migu/641886773.m3u8?migutoken=408252ae4ee84d4533a52e87dc35e108f3557992d0837a3c98af9093fccdb78373328e743136467868d2125b1fa35c3f4d576327db5e3ec96ec3108e28e950fb462f2dc81da44be8ae43ebe0ce, From: subscribe, IPv_Type: ipv6, Location: 美国-加利福尼亚州-圣克拉拉, ISP: DigitalOcean, Date: None, Delay: 0.1 ms, Speed: inf M/s, Resolution: 1920x1080
Name: CCTV-5+, URL: http://yc.myds.me:35455/gaoma/cctv5p.m3u8, From: subscribe, IPv_Type: ipv6, Location: 中国, ISP: 中国电信, Date: None, Delay: 0.1 ms, Speed: inf M/s, Resolution: 1920x1080
Name: CCTV-5+, URL: http://nas.suntao.online:35455/itv/6000000001000015875.m3u8?cdn=wasusyt, From: subscribe, IPv_Type: ipv6, Location: 中国, ISP: 中国联通, Date: None, Delay: 0.1 ms, Speed: inf M/s, Resolution: 1920x1080
Name: CCTV-5+, URL: http://hwrr.jx.chinamobile.com:8080/PLTV/88888888/224/3221225649/index.m3u8, From: subscribe, IPv_Type: ipv6, Location: 中国, ISP: 中国移动, Date: None, Delay: 0.1 ms, Speed: inf M/s, Resolution: 1920x1080
Name: CCTV-5+, URL: http://hwrr.jx.chinamobile.com:8080/PLTV/88888888/224/3221225706/index.m3u8, From: subscribe, IPv_Type: ipv6, Location: 中国, ISP: 中国移动, Date: None, Delay: 0.1 ms, Speed: inf M/s, Resolution: 1920x1080
Name: CCTV-5+, URL: https://stream1.freetv.fun/88ee08d5c5e75e963f46cba8142888798dde687981709eda707a0b192da8ad4d.ctv, From: subscribe, IPv_Type: ipv6, Location: 美国, ISP: CloudFlare Inc., Date: None, Delay: 0.1 ms, Speed: inf M/s, Resolution: 1920x1080
Name: CCTV-5+, URL: http://lu.wqwqwq.sbs/itv/1000000005000265016.m3u8?cdn=ystenlive, From: subscribe, IPv_Type: ipv6, Location: 美国, ISP: CloudFlare Inc., Date: None, Delay: 0.1 ms, Speed: inf M/s, Resolution: 1920x1080
Name: CCTV-5+, URL: https://www.freetv.top/migu/641886773.m3u8?migutoken=d57fee211897159700add52df7fa3cc7a33c8a36badab30689bd7e02d578ef2c5a1f2dfec5736538ddf6531be37ece2b758f850641e3bdbf9d62e9df98d925e5a8986dc9134dbcea7e2157891f, From: subscribe, IPv_Type: ipv6, Location: 美国-加利福尼亚州-圣克拉拉, ISP: DigitalOcean, Date: None, Delay: 0.1 ms, Speed: inf M/s, Resolution: 1920x1080
Name: CCTV-5+, URL: https://www.freetv.top/migu/641886773.m3u8?migutoken=a79abb65a17f5be7da5d3ec37960d15f3a6b164cf4540fb85ca8f60c68726c5c84ee3e9356f5c9515215acf25f71251776bf3e39fc89015d04e7a8ecb61ac182200548094f6aa8d0fdcb89d528, From: subscribe, IPv_Type: ipv6, Location: 美国-加利福尼亚州-圣克拉拉, ISP: DigitalOcean, Date: None, Delay: 0.1 ms, Speed: inf M/s, Resolution: 1920x1080
Name: CCTV-5+, URL: https://www.freetv.top/migu/641886773.m3u8?migutoken=4f1a9fcd002d1813b494eddd61778e103dbe130f4abb409e9032be9917dfd1871014d622a729fd6ffc4e1c376330de3f42c3691e2b49d12f7eb77bdf1887e67a9e6ad438d269a4408f0b3c6bcb, From: subscribe, IPv_Type: ipv6, Location: 美国-加利福尼亚州-圣克拉拉, ISP: DigitalOcean, Date: None, Delay: 0.1 ms, Speed: inf M/s, Resolution: 1920x1080
Name: CCTV-5+, URL: https://www.freetv.top/migu/641886773.m3u8?migutoken=8bdd5fb612b1814bc05e5d5a3587038b63a57118a3711f5deef616dae26551e2cf590ae33184188b9a54b1b09b28b53140036f0044b69a6e185a0a45ae997cbd63632ab73031fd27cc6a35e3a1, From: subscribe, IPv_Type: ipv6, Location: 美国-加利福尼亚州-圣克拉拉, ISP: DigitalOcean, Date: None, Delay: 0.1 ms, Speed: inf M/s, Resolution: 1920x1080
Name: CCTV-5+, URL: http://www.freetv.top/migu/641886773.m3u8?migutoken=752524a725f1fe3e2f8566518e97cd59f827e367318341fa56132b91af956b4e1cd85f255dd26352c1e9611c76770d0ba4afaf07d71eb65ec9859b3d8239dd7806fb2b21c9410b3e062eab2fcc, From: subscribe, IPv_Type: ipv6, Location: 美国-加利福尼亚州-圣克拉拉, ISP: DigitalOcean, Date: None, Delay: 0.1 ms, Speed: inf M/s, Resolution: 1920x1080
Name: CCTV-5+, URL: http://[2409:8087:5e01:34::22]:6610/ZTE_CMS/00000001000000060000000000000132/index.m3u8?IAS, From: subscribe, IPv_Type: ipv6, Location: 中国, ISP: 中国移动, Date: None, Delay: 0.1 ms, Speed: inf M/s, Resolution: 1920x1080
Name: CCTV-5+, URL: http://[2409:8087:5e01:34::23]:6610/ZTE_CMS/00000001000000060000000000000132/index.m3u8?IAS, From: subscribe, IPv_Type: ipv6, Location: 中国, ISP: 中国移动, Date: None, Delay: 0.1 ms, Speed: inf M/s, Resolution: 1920x1080
Name: CCTV-5+, URL: https://www.freetv.top/migu/641886773.m3u8?migutoken=04826a9d5cfc1d3166ded238eb3806d3454207482687b55dbe79a6feb6b4c046e0698d1e7b284da304040eae0ba7b6e833ace3e48213d98981589f226722524cddab32a63d58c1c4e60a091000, From: subscribe, IPv_Type: ipv6, Location: 美国-加利福尼亚州-圣克拉拉, ISP: DigitalOcean, Date: None, Delay: 0.1 ms, Speed: inf M/s, Resolution: 1920x1080
Name: CCTV-5+, URL: https://www.freetv.top/migu/641886773.m3u8?migutoken=90ec1fec9d68b81a57600447989d07f36991aa61b8c4326b157e808a9708936512eae4c6777deb137597da627c6aeda1c609f4dd009d434672c6798fba04c925fe43bcecf3fa6847f848e962a8, From: subscribe, IPv_Type: ipv6, Location: 美国-加利福尼亚州-圣克拉拉, ISP: DigitalOcean, Date: None, Delay: 0.1 ms, Speed: inf M/s, Resolution: 1920x1080
Name: CCTV-5+, URL: https://www.freetv.top/migu/641886773.m3u8?migutoken=d79923540b82c440681df5ec1922b77d612bf548b5e32ff4626a92ddf4935a6d91268da66b6f205ad0ad05a3e8f3df71e61d2f93679ac0c9ce72edcb607da33c0dedc1b5f60835ba726e273f9b, From: subscribe, IPv_Type: ipv6, Location: 美国-加利福尼亚州-圣克拉拉, ISP: DigitalOcean, Date: None, Delay: 0.1 ms, Speed: inf M/s, Resolution: 1920x1080
Name: CCTV-5+, URL: https://www.freetv.top/migu/641886773.m3u8?migutoken=21c23fcaff7e7a82aa520fc15813e6896ca424dc252d40d750cae121ec1d821b7ee9f67e7e361a2299c83415fc12c810f27816d6433288b01f7f637cd82c2a8b07e616a7d1042eccab80bbec3d, From: subscribe, IPv_Type: ipv6, Location: 美国-加利福尼亚州-圣克拉拉, ISP: DigitalOcean, Date: None, Delay: 0.1 ms, Speed: inf M/s, Resolution: 1920x1080
Name: CCTV-5+, URL: https://www.freetv.top/migu/641886773.m3u8?migutoken=2725923dc731f340aa761620c3dc1841866d2a5734af94919f920321144434ccb32107fea453a21d739f1acbd6dc1df1c659dfc3ed4f15502642b270cfa4c2716fe012c9b9686f4c1ca82c3cc8, From: subscribe, IPv_Type: ipv6, Location: 美国-加利福尼亚州-圣克拉拉, ISP: DigitalOcean, Date: None, Delay: 0.1 ms, Speed: inf M/s, Resolution: 1920x1080
Name: CCTV-5+, URL: http://zteres.sn.chinamobile.com:6060/000000001000/5000000011000031127/1.m3u8?channel-id=bestzb&Contentid=5000000011000031127&livemode=1&stbId=3, From: subscribe, IPv_Type: ipv6, Location: 中国, ISP: 中国移动, Date: None, Delay: 0.1 ms, Speed: inf M/s, Resolution: 1920x1080
Name: CCTV-5+, URL: http://[2409:8087:5e00:24::1f]:6060/ZTE_CMS/00000001000000060000000000000132/index.m3u8, From: subscribe, IPv_Type: ipv6, Location: 中国, ISP: 中国移动, Date: None, Delay: 0.1 ms, Speed: inf M/s, Resolution: 1920x1080
Name: CCTV-5+, URL: http://[2409:8087:5e01:34::23]:6610/ZTE_CMS/00000001000000060000000000000461/index.m3u8?IAS, From: subscribe, IPv_Type: ipv6, Location: 中国, ISP: 中国移动, Date: None, Delay: 0.1 ms, Speed: inf M/s, Resolution: 1920x1080
Name: CCTV-5+, URL: http://[2409:8087:5e01:34::20]:6610/ZTE_CMS/00000001000000060000000000000132/index.m3u8?IAS, From: subscribe, IPv_Type: ipv6, Location: 中国, ISP: 中国移动, Date: None, Delay: 0.1 ms, Speed: inf M/s, Resolution: 1920x1080
Name: CCTV-5+, URL: http://[2409:8087:5e01:34::21]:6610/ZTE_CMS/00000001000000060000000000000132/index.m3u8?IAS, From: subscribe, IPv_Type: ipv6, Location: 中国, ISP: 中国移动, Date: None, Delay: 0.1 ms, Speed: inf M/s, Resolution: 1920x1080
Name: CCTV-5+, URL: https://live.goodiptv.club/api/cqyx.php?id=cctv5SportHD, From: subscribe, IPv_Type: ipv6, Location: 美国, ISP: CloudFlare Inc., Date: None, Delay: 0.1 ms, Speed: inf M/s, Resolution: 1920x1080
Name: CCTV-5+, URL: http://[2409:8087:74f0:22::4]:6410/270000001111/1110000306/index.m3u8, From: subscribe, IPv_Type: ipv6, Location: 中国, ISP: 中国移动, Date: None, Delay: 0.1 ms, Speed: inf M/s, Resolution: 1920x1080
Name: CCTV-5+, URL: http://[2409:8087:74f0:22::4]:6410/270000001128/9900000506/index.m3u8, From: subscribe, IPv_Type: ipv6, Location: 中国, ISP: 中国移动, Date: None, Delay: 0.1 ms, Speed: inf M/s, Resolution: 1920x1080
Name: CCTV-5+, URL: http://[2409:8087:74f0:22::4]:6410/270000001128/9900000507/index.m3u8, From: subscribe, IPv_Type: ipv6, Location: 中国, ISP: 中国移动, Date: None, Delay: 0.1 ms, Speed: inf M/s, Resolution: 1920x1080
Name: CCTV-5+, URL: http://[2409:8087:1a01:df::7005]/ottrrs.hl.chinamobile.com/PLTV/88888888/224/3221225603/index.m3u8, From: subscribe, IPv_Type: ipv6, Location: 中国, ISP: 中国移动, Date: None, Delay: 0.1 ms, Speed: inf M/s, Resolution: 1920x1080
Name: CCTV-5+, URL: http://[2409:8087:3869:8021:1001::e5]:6610/PLTV/88888910/224/3221225706/index.m3u8, From: subscribe, IPv_Type: ipv6, Location: 中国, ISP: 中国移动, Date: None, Delay: -1 ms, Speed: 0.00 M/s, Resolution: None
Name: CCTV-5+, URL: http://rrs01.hw.gmcc.net:8088/PLTV/81/224/3221226711/1.m3u8, From: subscribe, IPv_Type: ipv6, Location: 中国, ISP: 中国移动, Date: None, Delay: -1 ms, Speed: 0.00 M/s, Resolution: None
Name: CCTV-5+, URL: http://[2409:8087:8:21::18]:6610/otttv.bj.chinamobile.com/PLTV/88888888/224/3221226894/1.m3u8, From: subscribe, IPv_Type: ipv6, Location: 中国, ISP: 中国移动, Date: None, Delay: -1 ms, Speed: 0.00 M/s, Resolution: None
Name: CCTV-5+, URL: https://hls-gateway.vpstv.net/streams/476888.m3u8, From: subscribe, IPv_Type: ipv6, Location: 美国, ISP: CloudFlare Inc., Date: None, Delay: -1 ms, Speed: 0.00 M/s, Resolution: None
Name: CCTV-5+, URL: http://k.061899.xyz/m.php?id=cctv5p, From: subscribe, IPv_Type: ipv6, Location: 新加坡, ISP: Aceville Pte.Ltd., Date: None, Delay: -1 ms, Speed: 0.00 M/s, Resolution: None
Name: CCTV-5+, URL: http://[2409:8087:1a15:10d1::37]/ottrrs.hl.chinamobile.com/PLTV/88888888/224/3221225603/index.m3u8, From: subscribe, IPv_Type: ipv6, Location: 中国, ISP: 中国移动, Date: None, Delay: -1 ms, Speed: 0.00 M/s, Resolution: None
Name: CCTV-5+, URL: http://[2409:8087:1a15:10d1::34]/ottrrs.hl.chinamobile.com/PLTV/88888888/224/3221225603/index.m3u8, From: subscribe, IPv_Type: ipv6, Location: 中国, ISP: 中国移动, Date: None, Delay: -1 ms, Speed: 0.00 M/s, Resolution: None
Name: CCTV-5+, URL: http://[2409:8087:5e00:24::1e]:6060/200000001898/460000089800010044/1.m3u8, From: subscribe, IPv_Type: ipv6, Location: 中国, ISP: 中国移动, Date: None, Delay: -1 ms, Speed: 0.00 M/s, Resolution: None
Name: CCTV-5+, URL: http://[2409:8087:5e08:25::16]:6610/200000001898/460000089800010044/1.m3u8, From: subscribe, IPv_Type: ipv6, Location: 中国, ISP: 中国移动, Date: None, Delay: -1 ms, Speed: 0.00 M/s, Resolution: None
Name: CCTV-5+, URL: https://migu.188766.xyz/?migutoken=28a852d7ffcb5f5b43b1d944afd198eb&id=CCTV5p&pp=1, From: subscribe, IPv_Type: ipv6, Location: 美国, ISP: CloudFlare Inc., Date: None, Delay: -1 ms, Speed: 0.00 M/s, Resolution: None
Name: CCTV-5+, URL: https://cc06.tv12.xyz/6.m3u8, From: subscribe, IPv_Type: ipv6, Location: 美国, ISP: CloudFlare Inc., Date: None, Delay: -1 ms, Speed: 0.00 M/s, Resolution: None
Name: CCTV-5+, URL: http://gslbmgsplive.miguvideo.com/wd_r2/cctv/cctv5plusnew/1200/index.m3u8?msisdn=2025091908013016602bc1fded440dae12651c818c35c0&mdspid=&spid=699004&netType=0&sid=5500516288&pid=2028597139&timestamp=20250919080130&Channel_ID=0116_2600000900-99000-201600010010027&ProgramID=641886773&ParentNodeID=-99&assertID=5500516288&client_ip=106.13.250.88&SecurityKey=20250919080130&promotionId=&mvid=5102048803&mcid=500020&playurlVersion=WX-A1-8.9.1-RELEASE&userid=&jmhm=&videocodec=h264&bean=mgspad&tid=android&conFee=0&puData=e093ba36dafef5dc266edba4113554e5&ddCalcu=5ee0e4915315b03a13164daabfdeef656d2c, From: subscribe, IPv_Type: ipv6, Location: 中国, ISP: 中国移动, Date: None, Delay: -1 ms, Speed: 0.00 M/s, Resolution: None
Name: CCTV-5+, URL: https://jzb.wwkejishe.top/?id=583, From: subscribe, IPv_Type: ipv6, Location: 美国, ISP: CloudFlare Inc., Date: None, Delay: -1 ms, Speed: 0.00 M/s, Resolution: None
Name: CCTV-5+, URL: https://live.chinacert.cftest5.cn/mg/?id=641886773, From: subscribe, IPv_Type: ipv6, Location: 中国, ISP: 中国移动, Date: None, Delay: -1 ms, Speed: 0.00 M/s, Resolution: None
Name: CCTV-5+, URL: http://[2409:8087:8:21::18]:6610/otttv.bj.chinamobile.com/PLTV/88888888/224/3221226894/1.m3u8?, From: subscribe, IPv_Type: ipv6, Location: 中国, ISP: 中国移动, Date: None, Delay: -1 ms, Speed: 0.00 M/s, Resolution: None
Name: CCTV-5+, URL: http://gslbmgsplive.miguvideo.com/wd_r2/cctv/cctv5plusnew/600/index.m3u8?msisdn=20251208080209fcc12d88c3c3495abb25480201e076bc&mdspid=&spid=699004&netType=0&sid=5500516288&pid=2028597139&timestamp=20251208080209&Channel_ID=0116_2600037000-99000-200300220100002&ProgramID=641886773&ParentNodeID=-99&assertID=5500516288&client_ip=218.28.233.106&SecurityKey=20251208080209&promotionId=&mvid=5102048803&mcid=500020&playurlVersion=WX-A1-8.11.2-RELEASE&userid=&jmhm=&videocodec=h264&appCode=miguvideo_android&bean=mgspad&tid=android&conFee=0&puData=b247d0a62e991a660b6a76a541f9a0a1&ddCalcu=1ba2v04aa7x9daf01a4652ae6979a16ab606&sv=10004&ct=android, From: subscribe, IPv_Type: ipv6, Location: 中国, ISP: 中国移动, Date: None, Delay: -1 ms, Speed: 0.00 M/s, Resolution: None
Name: CCTV-5+, URL: http://gslbmgsplive.miguvideo.com/wd_r2/cctv/cctv5plusnew/600/index.m3u8?msisdn=20251209080245b83bfb68effd4156a76c6979134631db&mdspid=&spid=699004&netType=0&sid=5500516288&pid=2028597139&timestamp=20251209080245&Channel_ID=0116_2600037000-99000-200300220100002&ProgramID=641886773&ParentNodeID=-99&assertID=5500516288&client_ip=218.28.233.106&SecurityKey=20251209080245&promotionId=&mvid=5102048803&mcid=500020&playurlVersion=WX-A1-8.11.2-RELEASE&userid=&jmhm=&videocodec=h264&appCode=miguvideo_android&bean=mgspad&tid=android&conFee=0&puData=9c58b308f9885d20c84ce048dab1f21d&ddCalcu=d91cv25af8x1bab3a0d88f4908e8c54d82c0&sv=10004&ct=android, From: subscribe, IPv_Type: ipv6, Location: 中国, ISP: 中国移动, Date: None, Delay: -1 ms, Speed: 0.00 M/s, Resolution: None
Name: CCTV-5+, URL: http://gslbmgsplive.miguvideo.com/wd_r2/cctv/cctv5plusnew/600/index.m3u8?msisdn=202512100802092db4e48774ea4705b0cf08a986af5815&mdspid=&spid=699004&netType=0&sid=5500516288&pid=2028597139&timestamp=20251210080209&Channel_ID=0116_2600037000-99000-200300220100002&ProgramID=641886773&ParentNodeID=-99&assertID=5500516288&client_ip=218.28.233.106&SecurityKey=20251210080209&promotionId=&mvid=5102048803&mcid=500020&playurlVersion=WX-A1-8.11.2-RELEASE&userid=&jmhm=&videocodec=h264&appCode=miguvideo_android&bean=mgspad&tid=android&conFee=0&puData=9c2b04b5c1e5cad2bf51d1d933c6a106&ddCalcu=690cv12aabx60ac43b359cd11ed51c5afdb2&sv=10004&ct=android, From: subscribe, IPv_Type: ipv6, Location: 中国, ISP: 中国移动, Date: None, Delay: -1 ms, Speed: 0.00 M/s, Resolution: None
Name: CCTV-5+, URL: http://gslbmgsplive.miguvideo.com/wd_r2/cctv/cctv5plusnew/600/index.m3u8?msisdn=202512120802094b21aa98491846cd9f2b73231b2220b9&mdspid=&spid=699004&netType=0&sid=5500516288&pid=2028597139&timestamp=20251212080209&Channel_ID=0116_2600037000-99000-200300220100002&ProgramID=641886773&ParentNodeID=-99&assertID=5500516288&client_ip=218.28.233.106&SecurityKey=20251212080209&promotionId=&mvid=5102048803&mcid=500020&playurlVersion=ZQ-A1-8.12.1-RELEASE&userid=&jmhm=&videocodec=h264&appCode=miguvideo_android&bean=mgspad&tid=android&conFee=0&puData=726242f95ff6a8f752d006f6d8e57b96&ddCalcu=6792vb6a72x54ae28fd965ff6f060ad82f57&sv=10004&ct=android, From: subscribe, IPv_Type: ipv6, Location: 中国, ISP: 中国移动, Date: None, Delay: -1 ms, Speed: 0.00 M/s, Resolution: None
Name: CCTV-5+, URL: https://t.freetv.fun/live/cctv5-plus.php, From: subscribe, IPv_Type: ipv6, Location: 美国, ISP: CloudFlare Inc., Date: None, Delay: -1 ms, Speed: 0.00 M/s, Resolution: None
Name: CCTV-6, URL: http://php.jdshipin.com/TVOD/hljyd.php?id=3221226010, From: subscribe, IPv_Type: ipv6, Location: 美国, ISP: CloudFlare Inc., Date: None, Delay: 0.1 ms, Speed: inf M/s, Resolution: 1920x1080
Name: CCTV-6, URL: http://iptv.huuc.edu.cn/hls/cctv6hd.m3u8, From: subscribe, IPv_Type: ipv6, Location: 中国, ISP: 教育网, Date: None, Delay: 0.1 ms, Speed: inf M/s, Resolution: 1920x1080
Name: CCTV-6, URL: http://[2409:8087:1a01:df::4077]/ottrrs.hl.chinamobile.com/PLTV/88888888/224/3221226010/index.m3u8, From: subscribe, IPv_Type: ipv6, Location: 中国, ISP: 中国移动, Date: None, Delay: -1 ms, Speed: 0.00 M/s, Resolution: None
Name: CCTV-6, URL: https://smart.pendy.dpdns.org/Smart.php?id=cctv6, From: subscribe, IPv_Type: ipv6, Location: 美国, ISP: CloudFlare Inc., Date: None, Delay: 0.1 ms, Speed: inf M/s, Resolution: 1920x1080
Name: CCTV-6, URL: http://[2409:8087:1a01:df::4077]:80/ottrrs.hl.chinamobile.com/TVOD/88888888/224/3221226010/index.m3u8, From: subscribe, IPv_Type: ipv6, Location: 中国, ISP: 中国移动, Date: None, Delay: -1 ms, Speed: 0.00 M/s, Resolution: None
Name: CCTV-6, URL: http://[2409:8087:1a01:df::4077]/ottrrs.hl.chinamobile.com/PLTV/88888888/224/3221226010/1.m3u8?icpid=88888888&from=1&hms_devid=1012&vqe=3, From: subscribe, IPv_Type: ipv6, Location: 中国, ISP: 中国移动, Date: None, Delay: -1 ms, Speed: 0.00 M/s, Resolution: None
Name: CCTV-6, URL: http://[2409:8087:1a01:df::4077]/ottrrs.hl.chinamobile.com/PLTV/88888888/8/3221226010/index.m3u8, From: subscribe, IPv_Type: ipv6, Location: 中国, ISP: 中国移动, Date: None, Delay: 0.1 ms, Speed: inf M/s, Resolution: 1920x1080
Name: CCTV-6, URL: http://[2409:8087:1a01:df::4077]/ottrrs.hl.chinamobile.com/yinhe/88888888/224/3221226010/index.m3u8, From: subscribe, IPv_Type: ipv6, Location: 中国, ISP: 中国移动, Date: None, Delay: 0.1 ms, Speed: inf M/s, Resolution: 1920x1080
Name: CCTV-6, URL: http://[2409:8087:1a01:df::4077]:80/ottrrs.hl.chinamobile.com/PLTV/88888888/8/3221226010/index.m3u8, From: subscribe, IPv_Type: ipv6, Location: 中国, ISP: 中国移动, Date: None, Delay: 0.1 ms, Speed: inf M/s, Resolution: 1920x1080
Name: CCTV-6, URL: http://[2409:8087:1a01:df::4077]:80/ottrrs.hl.chinamobile.com/yinhe/88888888/224/3221226010/index.m3u8, From: subscribe, IPv_Type: ipv6, Location: 中国, ISP: 中国移动, Date: None, Delay: -1 ms, Speed: 0.00 M/s, Resolution: None
Name: CCTV-6, URL: http://[2409:8087:1a0a:df::404b]/ottrrs.hl.chinamobile.com/TVOD/88888888/224/3221226010/index.m3u8, From: subscribe, IPv_Type: ipv6, Location: 中国, ISP: 中国移动, Date: None, Delay: 0.1 ms, Speed: inf M/s, Resolution: 1920x1080
Name: CCTV-6, URL: https://www.freetv.top/migu/624878396.m3u8?migutoken=ee6c3d925888b2938ca61a2c94d84986ff15ec0fedd3e1e35bcf4ffada20fbeead007033b33efc350632bb959d9bee9da36bac91ec304513f63032fb12e8f570416fc533ede1c4ef94197eb07c, From: subscribe, IPv_Type: ipv6, Location: 美国-加利福尼亚州-圣克拉拉, ISP: DigitalOcean, Date: None, Delay: 0.1 ms, Speed: inf M/s, Resolution: 1920x1080
Name: CCTV-6, URL: http://www.freetv.top/migu/624878396.m3u8?migutoken=3adcad950884d4ecc6c6967edee9c162189a1e09480eb5c29b369864aeedaed43c3f951d7eb6c32d86baac49792aacb3264b8f074e746477064fd7b1f172f00a9d84373825617d4366e8c54f0c, From: subscribe, IPv_Type: ipv6, Location: 美国-加利福尼亚州-圣克拉拉, ISP: DigitalOcean, Date: None, Delay: 0.1 ms, Speed: inf M/s, Resolution: 1920x1080
Name: CCTV-6, URL: http://yc.myds.me:35455/itv/6000000001000004574.m3u8?cdn=wasusyt, From: subscribe, IPv_Type: ipv6, Location: 中国, ISP: 中国电信, Date: None, Delay: 0.1 ms, Speed: inf M/s, Resolution: 1920x1080
Name: CCTV-6, URL: http://nas.suntao.online:35455/itv/1000000005000265006.m3u8?cdn=ystenlive, From: subscribe, IPv_Type: ipv6, Location: 中国, ISP: 中国联通, Date: None, Delay: 0.1 ms, Speed: inf M/s, Resolution: 1920x1080
Name: CCTV-6, URL: http://iptv.cdn.ha.chinamobile.com/PLTV/88888888/224/3221227325/index.m3u8, From: subscribe, IPv_Type: ipv6, Location: 中国, ISP: 中国移动, Date: None, Delay: 0.1 ms, Speed: inf M/s, Resolution: 1920x1080
Name: CCTV-6, URL: http://cdn.jdshipin.com:8880/ysp.php?id=cctv6, From: subscribe, IPv_Type: ipv6, Location: 美国, ISP: CloudFlare Inc., Date: None, Delay: 0.1 ms, Speed: inf M/s, Resolution: 1920x1080
Name: CCTV-6, URL: http://mobilelive-ds.ysp.cctv.cn/ysp/2013693901.m3u8, From: subscribe, IPv_Type: ipv6, Location: 新加坡, ISP: Aceville Pte.Ltd., Date: None, Delay: 0.1 ms, Speed: inf M/s, Resolution: 1920x1080
Name: CCTV-6, URL: https://stream1.freetv.fun/ddcd1023e7e15e10db88f6b0be83bb173849e91feb74fedb6972e4ba257c50d2.ctv, From: subscribe, IPv_Type: ipv6, Location: 美国, ISP: CloudFlare Inc., Date: None, Delay: 0.1 ms, Speed: inf M/s, Resolution: 1920x1080
Name: CCTV-6, URL: http://lu.wqwqwq.sbs/itv/1000000005000265006.m3u8?cdn=ystenlive, From: subscribe, IPv_Type: ipv6, Location: 美国, ISP: CloudFlare Inc., Date: None, Delay: 0.1 ms, Speed: inf M/s, Resolution: 1920x1080
Name: CCTV-6, URL: http://[2409:8087:5e00:24::1e]:6060/200000001898/460000089800010214/1.m3u8, From: subscribe, IPv_Type: ipv6, Location: 中国, ISP: 中国移动, Date: None, Delay: 0.1 ms, Speed: inf M/s, Resolution: 1920x1080
Name: CCTV-6, URL: http://dbiptv.sn.chinamobile.com/PLTV/88888890/224/3221226393/index.m3u8, From: subscribe, IPv_Type: ipv6, Location: 中国, ISP: 中国移动, Date: None, Delay: 0.1 ms, Speed: inf M/s, Resolution: 1920x1080
Name: CCTV-6, URL: https://www.freetv.top/migu/624878396.m3u8?migutoken=f106dfcfc577d00f7608ecfa1821ef5b850d5b0ae6ffd298d5cc766a7cee810ffb2ca762f0418626189b61920434ab05bf1d3c6162b881b7741491f346dec817038b0f5e60acdc289cda4b0066, From: subscribe, IPv_Type: ipv6, Location: 美国-加利福尼亚州-圣克拉拉, ISP: DigitalOcean, Date: None, Delay: 0.1 ms, Speed: inf M/s, Resolution: 1920x1080
Name: CCTV-6, URL: https://www.freetv.top/migu/624878396.m3u8?migutoken=280d56b37be81134b0c93f6d98009c732d89773dde0fe57536c5fd22070225a1ea90f8e9a57aba816bc16c695344e9e2579ade462746354c67f0756ba7e2f6d781d626fe43d2b35893ba7a4cdb, From: subscribe, IPv_Type: ipv6, Location: 美国-加利福尼亚州-圣克拉拉, ISP: DigitalOcean, Date: None, Delay: 0.1 ms, Speed: inf M/s, Resolution: 1920x1080
Name: CCTV-6, URL: https://www.freetv.top/migu/624878396.m3u8?migutoken=54dddb5c566f353dd0b8e15cc87cb72d1e728394118dba6dc979a2017b3773f1a3fe3e3911285abda886083a7730f7a40557e4442eca5a14dea6bc8c9158aac949ac95a16c61fdc9b7673bc3a5, From: subscribe, IPv_Type: ipv6, Location: 美国-加利福尼亚州-圣克拉拉, ISP: DigitalOcean, Date: None, Delay: 0.1 ms, Speed: inf M/s, Resolution: 1920x1080
Name: CCTV-6, URL: https://www.freetv.top/migu/624878396.m3u8?migutoken=cf8aa2ae484a26a284790c996f43ed3d911dfba0ee5662ecc4c55b38098e9337cf10f0ac3894a85627dcfe0492addd1d07ff6e3aa6f467d0a2f30f53c4d0ce2a4686f74d46c050c0e010f46a65, From: subscribe, IPv_Type: ipv6, Location: 美国-加利福尼亚州-圣克拉拉, ISP: DigitalOcean, Date: None, Delay: 0.1 ms, Speed: inf M/s, Resolution: 1920x1080
Name: CCTV-6, URL: https://www.freetv.top/migu/624878396.m3u8?migutoken=62041d20d3c5ab1363a336c30747d7b00d6f970a1f7c9ccafcdeb162f4b0699991e7ba314783d67cb75e376a53e97196434000e0b828510251239944c4391f00b3b73d86f2bc177b5d5afca34a, From: subscribe, IPv_Type: ipv6, Location: 美国-加利福尼亚州-圣克拉拉, ISP: DigitalOcean, Date: None, Delay: 0.1 ms, Speed: inf M/s, Resolution: 1920x1080
Name: CCTV-6, URL: https://www.freetv.top/migu/624878396.m3u8?migutoken=8e4f91b7950497f8570c74e50003b7fa23f6565c16a6b361ff855d3a969ddf7ea3826b04d20d76b6eeb472f0cb8b86284614a835429165709ec8c3055f8e9a7879e9594a4309b5d50f59f8a535, From: subscribe, IPv_Type: ipv6, Location: 美国-加利福尼亚州-圣克拉拉, ISP: DigitalOcean, Date: None, Delay: 0.1 ms, Speed: inf M/s, Resolution: 1920x1080
Name: CCTV-6, URL: https://www.freetv.top/migu/624878396.m3u8?migutoken=680307806d82b89a0fb49996b2ac29f029f4acaa517daa479e0e7b48de1925cbaf5d59d33296ab91d331a8f6d9427efbd62c58c14828357513663ce40c85b2fcfc05583339543a10f4a02d75d0, From: subscribe, IPv_Type: ipv6, Location: 美国-加利福尼亚州-圣克拉拉, ISP: DigitalOcean, Date: None, Delay: 0.1 ms, Speed: inf M/s, Resolution: 1920x1080
Name: CCTV-6, URL: https://www.freetv.top/migu/624878396.m3u8?migutoken=fad6ba45166658ac148a6a597b94823f91673302510000cce2a906c7a6634ee620570956e2746b8b2cf59ae5370dd0f1ff919edf280e875ab76365c094c9960948ebc38ca05218b8effb809ba5, From: subscribe, IPv_Type: ipv6, Location: 美国-加利福尼亚州-圣克拉拉, ISP: DigitalOcean, Date: None, Delay: 0.1 ms, Speed: inf M/s, Resolution: 1920x1080
Name: CCTV-6, URL: https://www.freetv.top/migu/624878396.m3u8?migutoken=38a08d31f79563a15b6c38307b16c1f1fd2715f58a1bff21d307adaa6597fb3ea267812ba6ac28a74fa0648f0a2003c0d93e137f0257353bff9dedc7eff0cc871a38e97a269bf9ab6e14a4171d, From: subscribe, IPv_Type: ipv6, Location: 美国-加利福尼亚州-圣克拉拉, ISP: DigitalOcean, Date: None, Delay: 0.1 ms, Speed: inf M/s, Resolution: 1920x1080
Name: CCTV-6, URL: https://www.freetv.top/migu/624878396.m3u8?migutoken=6b67cbdfb1839f227832346707fcbe0f8de95d5df4faa3a63d5243e5f4ca0f52e79f041476a989915ac41a009e4c8f405f58040a4d4ec74bde4c945654300a3c41c00f4d67ef3708cb107ba9e9, From: subscribe, IPv_Type: ipv6, Location: 美国-加利福尼亚州-圣克拉拉, ISP: DigitalOcean, Date: None, Delay: 0.1 ms, Speed: inf M/s, Resolution: 1920x1080
Name: CCTV-6, URL: https://epg.pw/stream/c2a78d34141bd7ad12b19b2ab7f3f60f2b8a4c3bdd5c573889aad5bc3b331fe1.m3u8, From: subscribe, IPv_Type: ipv6, Location: 美国, ISP: CloudFlare Inc., Date: None, Delay: 0.1 ms, Speed: inf M/s, Resolution: 1920x1080
Name: CCTV-6, URL: http://zteres.sn.chinamobile.com:6060/000000001000/5000000004000008886/1.m3u8?channel-id=bestzb&Contentid=5000000004000008886&livemode=1&stbId=3, From: subscribe, IPv_Type: ipv6, Location: 中国, ISP: 中国移动, Date: None, Delay: 0.1 ms, Speed: inf M/s, Resolution: 1920x1080
Name: CCTV-6, URL: http://zteres.sn.chinamobile.com:6060/000000001000/5000000010000018433/1.m3u8?channel-id=bestzb&Contentid=5000000010000018433&livemode=1&stbId=3, From: subscribe, IPv_Type: ipv6, Location: 中国, ISP: 中国移动, Date: None, Delay: 0.1 ms, Speed: inf M/s, Resolution: 1920x1080
Name: CCTV-6, URL: http://[2409:8087:4c0a:22:1::11]:6410/170000001115/UmaiCHAN638728804b1f9/index.m3u8?AuthInfo=9kOOdBn7MFF%2F2bWjKgahUdDh4EPdDnvGlSBkYaxFdazJhFQmuq4XUiks9ZrIlJN%2BknLs8H%2BSxcDXy%2BTesEc8Q0KCN89MjYoj85Sol1kbKI4, From: subscribe, IPv_Type: ipv6, Location: 中国, ISP: 中国移动, Date: None, Delay: 0.1 ms, Speed: inf M/s, Resolution: 1920x1080
Name: CCTV-6, URL: http://[2409:8087:5e00:24::1f]:6060/ZTE_CMS/00000001000000060000000000000379/index.m3u8, From: subscribe, IPv_Type: ipv6, Location: 中国, ISP: 中国移动, Date: None, Delay: 0.1 ms, Speed: inf M/s, Resolution: 1920x1080
Name: CCTV-6, URL: http://[2409:8087:74f0:22::4]:6410/270000001111/1110000307/index.m3u8, From: subscribe, IPv_Type: ipv6, Location: 中国, ISP: 中国移动, Date: None, Delay: 0.1 ms, Speed: inf M/s, Resolution: 1920x1080
Name: CCTV-6, URL: http://[2409:8087:1a01:df::7005]/ottrrs.hl.chinamobile.com/PLTV/88888888/224/3221226010/index.m3u8, From: subscribe, IPv_Type: ipv6, Location: 中国, ISP: 中国移动, Date: None, Delay: 0.1 ms, Speed: inf M/s, Resolution: 1920x1080
Name: CCTV-6, URL: http://[2409:8087:3869:8021:1001::e5]:6610/PLTV/88888910/224/3221225632/index.m3u8, From: subscribe, IPv_Type: ipv6, Location: 中国, ISP: 中国移动, Date: None, Delay: -1 ms, Speed: 0.00 M/s, Resolution: None
Name: CCTV-6, URL: http://[2409:8087:8:21::18]:6610/otttv.bj.chinamobile.com/PLTV/88888888/224/3221226468/1.m3u8, From: subscribe, IPv_Type: ipv6, Location: 中国, ISP: 中国移动, Date: None, Delay: -1 ms, Speed: 0.00 M/s, Resolution: None
Name: CCTV-6, URL: http://rrs01.hw.gmcc.net:8088/PLTV/81/224/3221226699/1.m3u8, From: subscribe, IPv_Type: ipv6, Location: 中国, ISP: 中国移动, Date: None, Delay: -1 ms, Speed: 0.00 M/s, Resolution: None
Name: CCTV-6, URL: https://migu.188766.xyz/?migutoken=6818dd0cb7452ab9cba884dc087f5f3e&id=CCTV6&pp=1, From: subscribe, IPv_Type: ipv6, Location: 美国, ISP: CloudFlare Inc., Date: None, Delay: -1 ms, Speed: 0.00 M/s, Resolution: None
Name: CCTV-6, URL: http://k.061899.xyz/m.php?id=cctv6, From: subscribe, IPv_Type: ipv6, Location: 新加坡, ISP: Aceville Pte.Ltd., Date: None, Delay: -1 ms, Speed: 0.00 M/s, Resolution: None
Name: CCTV-6, URL: http://[2409:8087:1a15:10d1::34]/ottrrs.hl.chinamobile.com/PLTV/88888888/224/3221226010/index.m3u8, From: subscribe, IPv_Type: ipv6, Location: 中国, ISP: 中国移动, Date: None, Delay: -1 ms, Speed: 0.00 M/s, Resolution: None
Name: CCTV-6, URL: http://[2409:8087:1a15:10d1::39]/ottrrs.hl.chinamobile.com/PLTV/88888888/224/3221226010/index.m3u8, From: subscribe, IPv_Type: ipv6, Location: 中国, ISP: 中国移动, Date: None, Delay: -1 ms, Speed: 0.00 M/s, Resolution: None
Name: CCTV-6, URL: http://[2409:8087:5e08:25::16]:6610/200000001898/460000089800010214/1.m3u8, From: subscribe, IPv_Type: ipv6, Location: 中国, ISP: 中国移动, Date: None, Delay: -1 ms, Speed: 0.00 M/s, Resolution: None
Name: CCTV-6, URL: https://cc06.tv12.xyz/7.m3u8, From: subscribe, IPv_Type: ipv6, Location: 美国, ISP: CloudFlare Inc., Date: None, Delay: -1 ms, Speed: 0.00 M/s, Resolution: None
Name: CCTV-6, URL: http://gslbmgsplive.miguvideo.com/wd_r2/2018/ocn/cctv6hd/2000/index.m3u8?msisdn=20250919080130480f21cf32fc4fe5898e4491d39bc17c&mdspid=&spid=699004&netType=0&sid=5500212872&pid=2028597139&timestamp=20250919080130&Channel_ID=0116_2600000900-99000-201600010010027&ProgramID=624878396&ParentNodeID=-99&assertID=5500212872&client_ip=106.13.250.88&SecurityKey=20250919080130&promotionId=&mvid=5100001694&mcid=500020&playurlVersion=WX-A1-8.9.1-RELEASE&userid=&jmhm=&videocodec=h264&bean=mgspad&tid=android&conFee=0&puData=fe9871c95ea720eb4f8017d0367431ac&ddCalcu=cfaee191384470716c3905de7a170280fe4b, From: subscribe, IPv_Type: ipv6, Location: 中国, ISP: 中国移动, Date: None, Delay: -1 ms, Speed: 0.00 M/s, Resolution: None
Name: CCTV-6, URL: http://zjzcf.synology.me:35455/bptv/10000100000000050000000003870749.m3u8, From: subscribe, IPv_Type: ipv6, Location: 中国, ISP: 中国移动, Date: None, Delay: -1 ms, Speed: 0.00 M/s, Resolution: None
Name: CCTV-6, URL: https://jzb.wwkejishe.top/?id=584, From: subscribe, IPv_Type: ipv6, Location: 美国, ISP: CloudFlare Inc., Date: None, Delay: -1 ms, Speed: 0.00 M/s, Resolution: None
Name: CCTV-6, URL: https://migu.188766.xyz/?migutoken=591b447e2803bcc40397939b8264de27&id=CCTV6&type=yy, From: subscribe, IPv_Type: ipv6, Location: 美国, ISP: CloudFlare Inc., Date: None, Delay: -1 ms, Speed: 0.00 M/s, Resolution: None
Name: CCTV-6, URL: https://hls-gateway.vpstv.net/streams/476890.m3u8, From: subscribe, IPv_Type: ipv6, Location: 美国, ISP: CloudFlare Inc., Date: None, Delay: -1 ms, Speed: 0.00 M/s, Resolution: None
Name: CCTV-6, URL: https://live.chinacert.cftest5.cn/mg/?id=624878396, From: subscribe, IPv_Type: ipv6, Location: 中国, ISP: 中国移动, Date: None, Delay: -1 ms, Speed: 0.00 M/s, Resolution: None
Name: CCTV-6, URL: https://migu.188766.xyz/?migutoken=7ef3a22af98f75d3602c1bcb11a09eb8&id=CCTV6&type=yy, From: subscribe, IPv_Type: ipv6, Location: 美国, ISP: CloudFlare Inc., Date: None, Delay: -1 ms, Speed: 0.00 M/s, Resolution: None
Name: CCTV-6, URL: https://iptv.catvod.com/live.php?id=CCTV-6%20%E7%94%B5%E5%BD%B1, From: subscribe, IPv_Type: ipv6, Location: 美国, ISP: CloudFlare Inc., Date: None, Delay: -1 ms, Speed: 0.00 M/s, Resolution: None
Name: CCTV-6, URL: http://[2409:8087:8:21::18]:6610/otttv.bj.chinamobile.com/PLTV/88888888/224/3221226468/1.m3u8?, From: subscribe, IPv_Type: ipv6, Location: 中国, ISP: 中国移动, Date: None, Delay: -1 ms, Speed: 0.00 M/s, Resolution: None
Name: CCTV-6, URL: https://migu.188766.xyz/?migutoken=105fe7c6feeebbaee4f96a2e06ae189b&id=CCTV6&type=yy, From: subscribe, IPv_Type: ipv6, Location: 美国, ISP: CloudFlare Inc., Date: None, Delay: -1 ms, Speed: 0.00 M/s, Resolution: None
Name: CCTV-6, URL: https://migu.188766.xyz/?migutoken=7ecd75b8ff7abc27d31d41215bf9b5c9&id=CCTV6&type=yy, From: subscribe, IPv_Type: ipv6, Location: 美国, ISP: CloudFlare Inc., Date: None, Delay: -1 ms, Speed: 0.00 M/s, Resolution: None
Name: CCTV-6, URL: https://migu.188766.xyz/?migutoken=8693d28c11bb8e20cbf7f1d2bd4c7ad3&id=CCTV6&type=yy, From: subscribe, IPv_Type: ipv6, Location: 美国, ISP: CloudFlare Inc., Date: None, Delay: -1 ms, Speed: 0.00 M/s, Resolution: None
Name: CCTV-6, URL: https://migu.188766.xyz/?migutoken=ec31b7d43c43af98574c47ee3424edd1&id=CCTV6&type=yy, From: subscribe, IPv_Type: ipv6, Location: 美国, ISP: CloudFlare Inc., Date: None, Delay: -1 ms, Speed: 0.00 M/s, Resolution: None
Name: CCTV-6, URL: https://migu.188766.xyz/?migutoken=43e4e6a67ba158c782af133c43fe2454&id=CCTV6&type=yy, From: subscribe, IPv_Type: ipv6, Location: 美国, ISP: CloudFlare Inc., Date: None, Delay: -1 ms, Speed: 0.00 M/s, Resolution: None
Name: CCTV-6, URL: https://migu.188766.xyz/?migutoken=9660fcb8f29c8e6279d41f4f28fa7777&id=CCTV6&type=yy, From: subscribe, IPv_Type: ipv6, Location: 美国, ISP: CloudFlare Inc., Date: None, Delay: -1 ms, Speed: 0.00 M/s, Resolution: None
Name: CCTV-6, URL: https://migu.188766.xyz/?migutoken=f7389266bb0065fba82c903f99b09f37&id=CCTV6&type=yy, From: subscribe, IPv_Type: ipv6, Location: 美国, ISP: CloudFlare Inc., Date: None, Delay: -1 ms, Speed: 0.00 M/s, Resolution: None
Name: CCTV-6, URL: https://iptv.catvod.com/live.php?id=CCTV6, From: subscribe, IPv_Type: ipv6, Location: 美国, ISP: CloudFlare Inc., Date: None, Delay: -1 ms, Speed: 0.00 M/s, Resolution: None
Name: CCTV-6, URL: https://migu.188766.xyz/?migutoken=d86962969811baa90a9f5a82a5686e71&id=CCTV6&type=yy, From: subscribe, IPv_Type: ipv6, Location: 美国, ISP: CloudFlare Inc., Date: None, Delay: -1 ms, Speed: 0.00 M/s, Resolution: None
Name: CCTV-6, URL: https://iptv.catvod.com/live.php?id=CCTV-6, From: subscribe, IPv_Type: ipv6, Location: 美国, ISP: CloudFlare Inc., Date: None, Delay: -1 ms, Speed: 0.00 M/s, Resolution: None
Name: CCTV-6, URL: https://migu.188766.xyz/?migutoken=7095abbf145009a5afd8d6225f86fde0&id=CCTV6&type=yy, From: subscribe, IPv_Type: ipv6, Location: 美国, ISP: CloudFlare Inc., Date: None, Delay: -1 ms, Speed: 0.00 M/s, Resolution: None
Name: CCTV-6, URL: https://migu.188766.xyz/?migutoken=85fe2ecae52edbff7447c62609632ddf&id=CCTV6&type=yy, From: subscribe, IPv_Type: ipv6, Location: 美国, ISP: CloudFlare Inc., Date: None, Delay: -1 ms, Speed: 0.00 M/s, Resolution: None
Name: CCTV-6, URL: https://migu.188766.xyz/?migutoken=92b40cda76b6ca215fd91a0d6a5d4b34&id=CCTV6&type=yy, From: subscribe, IPv_Type: ipv6, Location: 美国, ISP: CloudFlare Inc., Date: None, Delay: -1 ms, Speed: 0.00 M/s, Resolution: None
Name: CCTV-6, URL: https://migu.188766.xyz/?migutoken=383879f7b6df2c09df85c3d1bf9e3d5b&id=CCTV6&type=yy, From: subscribe, IPv_Type: ipv6, Location: 美国, ISP: CloudFlare Inc., Date: None, Delay: -1 ms, Speed: 0.00 M/s, Resolution: None
Name: CCTV-6, URL: http://gslbmgsplive.miguvideo.com/wd_r2/2018/ocn/cctv6hd/1000/index.m3u8?msisdn=202512120802106a79fc99e8c34974aa7631430e56b4d0&mdspid=&spid=699004&netType=0&sid=5500212872&pid=2028597139&timestamp=20251212080210&Channel_ID=0116_2600037000-99000-200300220100002&ProgramID=624878396&ParentNodeID=-99&assertID=5500212872&client_ip=218.28.233.106&SecurityKey=20251212080210&promotionId=&mvid=5100001694&mcid=500020&playurlVersion=ZQ-A1-8.12.1-RELEASE&userid=&jmhm=&videocodec=h264&appCode=miguvideo_android&bean=mgspad&tid=android&conFee=0&puData=e10e9293d4d93142ebc131d705d7a199&ddCalcu=9e91v10aaeb79ad259037dd41d3913c1b4e2&sv=10004&ct=android, From: subscribe, IPv_Type: ipv6, Location: 中国, ISP: 中国移动, Date: None, Delay: -1 ms, Speed: 0.00 M/s, Resolution: None
Name: CCTV-6, URL: https://migu.188766.xyz/?migutoken=ffb14128dbcab1611486aefb94b63f08&id=CCTV6&type=yy, From: subscribe, IPv_Type: ipv6, Location: 美国, ISP: CloudFlare Inc., Date: None, Delay: -1 ms, Speed: 0.00 M/s, Resolution: None
Name: CCTV-6, URL: https://migu.188766.xyz/?migutoken=1e397a358a277946239ac121928f89bf&id=CCTV6&type=yy, From: subscribe, IPv_Type: ipv6, Location: 美国, ISP: CloudFlare Inc., Date: None, Delay: -1 ms, Speed: 0.00 M/s, Resolution: None
Name: CCTV-6, URL: https://migu.188766.xyz/?migutoken=804dff75da43a0d7642f148bfbe80403&id=CCTV6&type=yy, From: subscribe, IPv_Type: ipv6, Location: 美国, ISP: CloudFlare Inc., Date: None, Delay: -1 ms, Speed: 0.00 M/s, Resolution: None
Name: CCTV-6, URL: https://migu.188766.xyz/?migutoken=98f50dcf0834e9b71bb1f322aa5cfb65&id=CCTV6&type=yy, From: subscribe, IPv_Type: ipv6, Location: 美国, ISP: CloudFlare Inc., Date: None, Delay: -1 ms, Speed: 0.00 M/s, Resolution: None
Name: CCTV-6, URL: https://migu.188766.xyz/?migutoken=36733e1dfe7a3d106a9c0df1b2ab243c&id=CCTV6&type=yy, From: subscribe, IPv_Type: ipv6, Location: 美国, ISP: CloudFlare Inc., Date: None, Delay: -1 ms, Speed: 0.00 M/s, Resolution: None
Name: CCTV-6, URL: https://migu.188766.xyz/?migutoken=bd7ba93cf971d59369d3175b16d4dc59&id=CCTV6&type=yy, From: subscribe, IPv_Type: ipv6, Location: 美国, ISP: CloudFlare Inc., Date: None, Delay: -1 ms, Speed: 0.00 M/s, Resolution: None
Name: CCTV-6, URL: https://migu.188766.xyz/?migutoken=b35c13df83d14e411e674f4ca668601c&id=CCTV6&type=yy, From: subscribe, IPv_Type: ipv6, Location: 美国, ISP: CloudFlare Inc., Date: None, Delay: -1 ms, Speed: 0.00 M/s, Resolution: None
Name: CCTV-6, URL: https://migu.188766.xyz/?migutoken=75c70552ed7600a6d7b08b33e8ca40ad&id=CCTV6&type=yy, From: subscribe, IPv_Type: ipv6, Location: 美国, ISP: CloudFlare Inc., Date: None, Delay: -1 ms, Speed: 0.00 M/s, Resolution: None
Name: CCTV-6, URL: https://migu.188766.xyz/?migutoken=6887f6a45a63096a7b195788ef2361bc&id=CCTV6&type=yy, From: subscribe, IPv_Type: ipv6, Location: 美国, ISP: CloudFlare Inc., Date: None, Delay: -1 ms, Speed: 0.00 M/s, Resolution: None
Name: CCTV-6, URL: https://migu.188766.xyz/?migutoken=dd44417552e3ddd97ba4a9698a6c309f&id=CCTV6&type=yy, From: subscribe, IPv_Type: ipv6, Location: 美国, ISP: CloudFlare Inc., Date: None, Delay: -1 ms, Speed: 0.00 M/s, Resolution: None
Name: CCTV-6, URL: https://migu.188766.xyz/?migutoken=244b591ed493502b6955fff893e039d7&id=CCTV6&type=yy, From: subscribe, IPv_Type: ipv6, Location: 美国, ISP: CloudFlare Inc., Date: None, Delay: -1 ms, Speed: 0.00 M/s, Resolution: None
Name: CCTV-6, URL: https://migu.188766.xyz/?migutoken=a7cf963780fc4918f32fc6c499278982&id=CCTV6&type=yy, From: subscribe, IPv_Type: ipv6, Location: 美国, ISP: CloudFlare Inc., Date: None, Delay: -1 ms, Speed: 0.00 M/s, Resolution: None
Name: CCTV-6, URL: https://migu.188766.xyz/?migutoken=50a0a24e5d42b0b9589317e3071d1f87&id=CCTV6&type=yy, From: subscribe, IPv_Type: ipv6, Location: 美国, ISP: CloudFlare Inc., Date: None, Delay: -1 ms, Speed: 0.00 M/s, Resolution: None
Name: CCTV-6, URL: https://migu.188766.xyz/?migutoken=2e2d814feafd6a76420245cde8b6b2c0&id=CCTV6&type=yy, From: subscribe, IPv_Type: ipv6, Location: 美国, ISP: CloudFlare Inc., Date: None, Delay: -1 ms, Speed: 0.00 M/s, Resolution: None
Name: CCTV-6, URL: https://migu.188766.xyz/?migutoken=83e4845864a0605dd21abbd28fa1b2bf&id=CCTV6&type=yy, From: subscribe, IPv_Type: ipv6, Location: 美国, ISP: CloudFlare Inc., Date: None, Delay: -1 ms, Speed: 0.00 M/s, Resolution: None
Name: CCTV-6, URL: https://migu.188766.xyz/?migutoken=9e2535be05f3d0c9fbb29dc16b71a378&id=CCTV6&type=yy, From: subscribe, IPv_Type: ipv6, Location: 美国, ISP: CloudFlare Inc., Date: None, Delay: -1 ms, Speed: 0.00 M/s, Resolution: None
Name: CCTV-6, URL: https://migu.188766.xyz/?migutoken=2210be5dade91b0e3a6a709ad29b3e5d&id=CCTV6&type=yy, From: subscribe, IPv_Type: ipv6, Location: 美国, ISP: CloudFlare Inc., Date: None, Delay: -1 ms, Speed: 0.00 M/s, Resolution: None
Name: CCTV-6, URL: https://migu.188766.xyz/?migutoken=6302215fa79195ba9d17e45f6deedb2a&id=CCTV6&type=yy, From: subscribe, IPv_Type: ipv6, Location: 美国, ISP: CloudFlare Inc., Date: None, Delay: -1 ms, Speed: 0.00 M/s, Resolution: None
Name: CCTV-6, URL: https://migu.188766.xyz/?migutoken=3d967aee167bf303f1d47f287e529105&id=CCTV6&type=yy, From: subscribe, IPv_Type: ipv6, Location: 美国, ISP: CloudFlare Inc., Date: None, Delay: -1 ms, Speed: 0.00 M/s, Resolution: None
Name: CCTV-6, URL: https://migu.188766.xyz/?migutoken=58c4bf9e543a743204b874b4595e623d&id=CCTV6&type=yy, From: subscribe, IPv_Type: ipv6, Location: 美国, ISP: CloudFlare Inc., Date: None, Delay: -1 ms, Speed: 0.00 M/s, Resolution: None
Name: CCTV-6, URL: https://migu.188766.xyz/?migutoken=733a86c67f1ea4b52dabb1158cc8d240&id=CCTV6&type=yy, From: subscribe, IPv_Type: ipv6, Location: 美国, ISP: CloudFlare Inc., Date: None, Delay: -1 ms, Speed: 0.00 M/s, Resolution: None
Name: CCTV-6, URL: https://migu.188766.xyz/?migutoken=d3e3faf1e6de108f2e53b00f8295c8ec&id=CCTV6&type=yy, From: subscribe, IPv_Type: ipv6, Location: 美国, ISP: CloudFlare Inc., Date: None, Delay: -1 ms, Speed: 0.00 M/s, Resolution: None
Name: CCTV-6, URL: https://migu.188766.xyz/?migutoken=bde5296e5fa523b56f5e08b3c70ceb75&id=CCTV6&type=yy, From: subscribe, IPv_Type: ipv6, Location: 美国, ISP: CloudFlare Inc., Date: None, Delay: -1 ms, Speed: 0.00 M/s, Resolution: None
Name: CCTV-6, URL: https://migu.188766.xyz/?migutoken=e39c6201bb56d4b7caffe42b8dc2fa08&id=CCTV6&type=yy, From: subscribe, IPv_Type: ipv6, Location: 美国, ISP: CloudFlare Inc., Date: None, Delay: -1 ms, Speed: 0.00 M/s, Resolution: None
Name: CCTV-6, URL: https://migu.188766.xyz/?migutoken=cfbaf6510501670b3542425418751920&id=CCTV6&type=yy, From: subscribe, IPv_Type: ipv6, Location: 美国, ISP: CloudFlare Inc., Date: None, Delay: -1 ms, Speed: 0.00 M/s, Resolution: None
Name: CCTV-6, URL: https://migu.188766.xyz/?migutoken=ccf4f62b5fb0b9998e65c5453595d8bd&id=CCTV6&type=yy, From: subscribe, IPv_Type: ipv6, Location: 美国, ISP: CloudFlare Inc., Date: None, Delay: -1 ms, Speed: 0.00 M/s, Resolution: None
Name: CCTV-6, URL: https://migu.188766.xyz/?migutoken=2087bc38fe5055f74547364310b62253&id=CCTV6&type=yy, From: subscribe, IPv_Type: ipv6, Location: 美国, ISP: CloudFlare Inc., Date: None, Delay: -1 ms, Speed: 0.00 M/s, Resolution: None
Name: CCTV-6, URL: https://migu.188766.xyz/?migutoken=c994c3cc0129252fe70dec5cedfb7f94&id=CCTV6&type=yy, From: subscribe, IPv_Type: ipv6, Location: 美国, ISP: CloudFlare Inc., Date: None, Delay: -1 ms, Speed: 0.00 M/s, Resolution: None
Name: CCTV-6, URL: https://migu.188766.xyz/?migutoken=e0ff873c151bdf4bd3106b73332e22e1&id=CCTV6&type=yy, From: subscribe, IPv_Type: ipv6, Location: 美国, ISP: CloudFlare Inc., Date: None, Delay: -1 ms, Speed: 0.00 M/s, Resolution: None
Name: CCTV-6, URL: https://migu.188766.xyz/?migutoken=91b1cc84626dad732d134311cd9e02cc&id=CCTV6&type=yy, From: subscribe, IPv_Type: ipv6, Location: 美国, ISP: CloudFlare Inc., Date: None, Delay: -1 ms, Speed: 0.00 M/s, Resolution: None
Name: CCTV-6, URL: https://migu.188766.xyz/?migutoken=05f9d6cc3c728260dfd4eb80fb8fc61e&id=CCTV6&type=yy, From: subscribe, IPv_Type: ipv6, Location: 美国, ISP: CloudFlare Inc., Date: None, Delay: -1 ms, Speed: 0.00 M/s, Resolution: None
Name: CCTV-6, URL: https://migu.188766.xyz/?migutoken=fdfd320c7266e4080120aaf331e5c534&id=CCTV6&type=yy, From: subscribe, IPv_Type: ipv6, Location: 美国, ISP: CloudFlare Inc., Date: None, Delay: -1 ms, Speed: 0.00 M/s, Resolution: None
Name: CCTV-6, URL: https://migu.188766.xyz/?migutoken=f86bd047905dd1bc1610fcf80eda94cf&id=CCTV6&type=yy, From: subscribe, IPv_Type: ipv6, Location: 美国, ISP: CloudFlare Inc., Date: None, Delay: -1 ms, Speed: 0.00 M/s, Resolution: None
Name: CCTV-6, URL: https://migu.188766.xyz/?migutoken=463ccfebc8bfb91c86289bc99e342971&id=CCTV6&type=yy, From: subscribe, IPv_Type: ipv6, Location: 美国, ISP: CloudFlare Inc., Date: None, Delay: -1 ms, Speed: 0.00 M/s, Resolution: None
Name: CCTV-6, URL: https://migu.188766.xyz/?migutoken=2167482b2460c67f99496796a8f2e1f9&id=CCTV6&type=yy, From: subscribe, IPv_Type: ipv6, Location: 美国, ISP: CloudFlare Inc., Date: None, Delay: -1 ms, Speed: 0.00 M/s, Resolution: None
Name: CCTV-6, URL: http://pull-hs-f5.flive.douyincdn.com/media/stream-695136636620505772/index.m3u8?arch_hrchy=w1&exp_hrchy=w1&expire=1769036350&major_anchor_level=common&sign=885e193653aa0618ba5e6cc9642df55e&t_id=037-20260115065909EE0FD10FEE16A7461774-rUFdkF&volcSecret=885e193653aa0618ba5e6cc9642df55e&volcTime=1769036350, From: subscribe, IPv_Type: ipv6, Location: 美国, ISP: , Date: None, Delay: -1 ms, Speed: 0.00 M/s, Resolution: None
Name: CCTV-6, URL: https://migu.188766.xyz/?migutoken=84832e0c7e255d0bb56929479ba0b673&id=CCTV6&type=yy, From: subscribe, IPv_Type: ipv6, Location: 美国, ISP: CloudFlare Inc., Date: None, Delay: -1 ms, Speed: 0.00 M/s, Resolution: None
Name: CCTV-6, URL: https://migu.188766.xyz/?migutoken=4c23318112455baf49c9873427f94e05&id=CCTV6&type=yy, From: subscribe, IPv_Type: ipv6, Location: 美国, ISP: CloudFlare Inc., Date: None, Delay: -1 ms, Speed: 0.00 M/s, Resolution: None
Name: CCTV-6, URL: https://migu.188766.xyz/?migutoken=8459da0c8924b66740d8223477775abd&id=CCTV6&type=yy, From: subscribe, IPv_Type: ipv6, Location: 美国, ISP: CloudFlare Inc., Date: None, Delay: -1 ms, Speed: 0.00 M/s, Resolution: None
Name: CCTV-6, URL: https://migu.188766.xyz/?migutoken=e45a1203d8e6edab79211278729886fe&id=CCTV6&type=yy, From: subscribe, IPv_Type: ipv6, Location: 美国, ISP: CloudFlare Inc., Date: None, Delay: -1 ms, Speed: 0.00 M/s, Resolution: None
Name: CCTV-6, URL: https://migu.188766.xyz/?migutoken=4956ed14c307c4ac97f60671cb081bfc&id=CCTV6&type=yy, From: subscribe, IPv_Type: ipv6, Location: 美国, ISP: CloudFlare Inc., Date: None, Delay: -1 ms, Speed: 0.00 M/s, Resolution: None
Name: CCTV-6, URL: https://migu.188766.xyz/?migutoken=da07526d27548f4bbf1b1c1651f89565&id=CCTV6&type=yy, From: subscribe, IPv_Type: ipv6, Location: 美国, ISP: CloudFlare Inc., Date: None, Delay: -1 ms, Speed: 0.00 M/s, Resolution: None
Name: CCTV-6, URL: https://migu.188766.xyz/?migutoken=fee91a5ff4648f48b0eb8eaafea31a48&id=CCTV6&type=yy, From: subscribe, IPv_Type: ipv6, Location: 美国, ISP: CloudFlare Inc., Date: None, Delay: -1 ms, Speed: 0.00 M/s, Resolution: None
Name: CCTV-6, URL: https://migu.188766.xyz/?migutoken=eaaaef663f94f32556d350c60bb8973b&id=CCTV6&type=yy, From: subscribe, IPv_Type: ipv6, Location: 美国, ISP: CloudFlare Inc., Date: None, Delay: -1 ms, Speed: 0.00 M/s, Resolution: None
Name: CCTV-6, URL: https://migu.188766.xyz/?migutoken=df5712c1d32ace093c34b817898c1792&id=CCTV6&type=yy, From: subscribe, IPv_Type: ipv6, Location: 美国, ISP: CloudFlare Inc., Date: None, Delay: -1 ms, Speed: 0.00 M/s, Resolution: None
Name: CCTV-6, URL: https://migu.188766.xyz/?migutoken=5df4992d0425417f3b849f2b0a285cdf&id=CCTV6&type=yy, From: subscribe, IPv_Type: ipv6, Location: 美国, ISP: CloudFlare Inc., Date: None, Delay: -1 ms, Speed: 0.00 M/s, Resolution: None
Name: CCTV-6, URL: https://migu.188766.xyz/?migutoken=05f62396dbdb4406cb55807862f01c1b&id=CCTV6&type=yy, From: subscribe, IPv_Type: ipv6, Location: 美国, ISP: CloudFlare Inc., Date: None, Delay: -1 ms, Speed: 0.00 M/s, Resolution: None
Name: CCTV-6, URL: https://migu.188766.xyz/?migutoken=bac5b5f5bcc4b499ebb109597a4e3883&id=CCTV6&type=yy, From: subscribe, IPv_Type: ipv6, Location: 美国, ISP: CloudFlare Inc., Date: None, Delay: -1 ms, Speed: 0.00 M/s, Resolution: None
Name: CCTV-6, URL: https://migu.188766.xyz/?migutoken=edcf0e248b57dbc55c179906c835e7cf&id=CCTV6&type=yy, From: subscribe, IPv_Type: ipv6, Location: 美国, ISP: CloudFlare Inc., Date: None, Delay: -1 ms, Speed: 0.00 M/s, Resolution: None
Name: CCTV-6, URL: https://migu.188766.xyz/?migutoken=efbb02336d650ffbacbd55a0cb5ee523&id=CCTV6&type=yy, From: subscribe, IPv_Type: ipv6, Location: 美国, ISP: CloudFlare Inc., Date: None, Delay: -1 ms, Speed: 0.00 M/s, Resolution: None
Name: CCTV-6, URL: https://live.catvod.com/live.php?id=cctv6, From: subscribe, IPv_Type: ipv6, Location: 美国, ISP: CloudFlare Inc., Date: None, Delay: -1 ms, Speed: 0.00 M/s, Resolution: None
Name: CCTV-6, URL: https://migu.188766.xyz/?migutoken=e0605ab77a2edc8b596c30f6517d4049&id=CCTV6&type=yy, From: subscribe, IPv_Type: ipv6, Location: 美国, ISP: CloudFlare Inc., Date: None, Delay: -1 ms, Speed: 0.00 M/s, Resolution: None
Name: CCTV-6, URL: https://migu.188766.xyz/?migutoken=ce1ce71b70fa7918dede3e276cad54de&id=CCTV6&type=yy, From: subscribe, IPv_Type: ipv6, Location: 美国, ISP: CloudFlare Inc., Date: None, Delay: -1 ms, Speed: 0.00 M/s, Resolution: None
Name: CCTV-6, URL: https://migu.188766.xyz/?migutoken=ea53c337a1634879601993bdacf29eb6&id=CCTV6&type=yy, From: subscribe, IPv_Type: ipv6, Location: 美国, ISP: CloudFlare Inc., Date: None, Delay: -1 ms, Speed: 0.00 M/s, Resolution: None
Name: CCTV-6, URL: https://migu.188766.xyz/?migutoken=f401e0754f10d0bae3c7f76124171ad9&id=CCTV6&type=yy, From: subscribe, IPv_Type: ipv6, Location: 美国, ISP: CloudFlare Inc., Date: None, Delay: -1 ms, Speed: 0.00 M/s, Resolution: None
Name: CCTV-6, URL: https://migu.188766.xyz/?migutoken=38cc86ac574ca7a464d5799ff0833fec&id=CCTV6&type=yy, From: subscribe, IPv_Type: ipv6, Location: 美国, ISP: CloudFlare Inc., Date: None, Delay: -1 ms, Speed: 0.00 M/s, Resolution: None
Name: CCTV-6, URL: https://migu.188766.xyz/?migutoken=16d7384990f0544a77cb0bbd6128e18c&id=CCTV6&type=yy, From: subscribe, IPv_Type: ipv6, Location: 美国, ISP: CloudFlare Inc., Date: None, Delay: -1 ms, Speed: 0.00 M/s, Resolution: None
Name: CCTV-6, URL: https://migu.188766.xyz/?migutoken=dcc5e59761f5eadb52ce563c40f5e844&id=CCTV6&type=yy, From: subscribe, IPv_Type: ipv6, Location: 美国, ISP: CloudFlare Inc., Date: None, Delay: -1 ms, Speed: 0.00 M/s, Resolution: None
Name: CCTV-6, URL: https://migu.188766.xyz/?migutoken=ca01b11b0795c58abe9bce5482eed9fe&id=CCTV6&type=yy, From: subscribe, IPv_Type: ipv6, Location: 美国, ISP: CloudFlare Inc., Date: None, Delay: -1 ms, Speed: 0.00 M/s, Resolution: None
Name: CCTV-6, URL: https://migu.188766.xyz/?migutoken=69c1b515dc999f05c9e8b05220296d35&id=CCTV6&type=yy, From: subscribe, IPv_Type: ipv6, Location: 美国, ISP: CloudFlare Inc., Date: None, Delay: -1 ms, Speed: 0.00 M/s, Resolution: None
Name: CCTV-6, URL: https://migu.188766.xyz/?migutoken=c477187d4cb475487075dce009812d20&id=CCTV6&type=yy, From: subscribe, IPv_Type: ipv6, Location: 美国, ISP: CloudFlare Inc., Date: None, Delay: -1 ms, Speed: 0.00 M/s, Resolution: None
Name: CCTV-6, URL: https://migu.188766.xyz/?migutoken=ded719a18b393556bc4ab4ae96166b98&id=CCTV6&type=yy, From: subscribe, IPv_Type: ipv6, Location: 美国, ISP: CloudFlare Inc., Date: None, Delay: -1 ms, Speed: 0.00 M/s, Resolution: None
Name: CCTV-6, URL: https://migu.188766.xyz/?migutoken=7cb8030fca41cb0ca94d169140aaa7f1&id=CCTV6&type=yy, From: subscribe, IPv_Type: ipv6, Location: 美国, ISP: CloudFlare Inc., Date: None, Delay: -1 ms, Speed: 0.00 M/s, Resolution: None
Name: CCTV-6, URL: https://migu.188766.xyz/?migutoken=c7ee79b15cbacefc3901bacd85976f6b&id=CCTV6&type=yy, From: subscribe, IPv_Type: ipv6, Location: 美国, ISP: CloudFlare Inc., Date: None, Delay: -1 ms, Speed: 0.00 M/s, Resolution: None
Name: CCTV-6, URL: https://migu.188766.xyz/?migutoken=a45adc2ed5e5876c25d3a54098987158&id=CCTV6&type=yy, From: subscribe, IPv_Type: ipv6, Location: 美国, ISP: CloudFlare Inc., Date: None, Delay: -1 ms, Speed: 0.00 M/s, Resolution: None
Name: CCTV-6, URL: https://migu.188766.xyz/?migutoken=f925d99ef7426c3f3d9bd9cb25400c31&id=CCTV6&type=yy, From: subscribe, IPv_Type: ipv6, Location: 美国, ISP: CloudFlare Inc., Date: None, Delay: -1 ms, Speed: 0.00 M/s, Resolution: None
Name: CCTV-6, URL: https://migu.188766.xyz/?migutoken=db35d24bc5cc61885aed52c341892971&id=CCTV6&type=yy, From: subscribe, IPv_Type: ipv6, Location: 美国, ISP: CloudFlare Inc., Date: None, Delay: -1 ms, Speed: 0.00 M/s, Resolution: None
Name: CCTV-6, URL: https://migu.188766.xyz/?migutoken=4ba43632a5d20aae14bffc8cc278718f&id=CCTV6&type=yy, From: subscribe, IPv_Type: ipv6, Location: 美国, ISP: CloudFlare Inc., Date: None, Delay: -1 ms, Speed: 0.00 M/s, Resolution: None
Name: CCTV-6, URL: http://mgsp-ws2.live.miguvideo.com:8088/migu/kailu/cctv6hd265/54/20200407/index.m3u8?msisdn=e55e9ee71b42d2d7008a152c069625e3&mdspid=&spid=699004&netType=0&sid=5500212872&pid=2028597139&timestamp=20260216080220&Channel_ID=0116_2600034600-99000-201600010010028&ProgramID=624878396&ParentNodeID=-99&assertID=5500212872&client_ip=218.28.233.106&SecurityKey=20260216080220&promotionId=&mvid=5100001694&mcid=500020&playurlVersion=WX-A1-9.2.1-RELEASE&userid=&jmhm=&videocodec=h265&appCode=miguvideo_android&bean=mgspad&tid=android&conFee=0&encrypt=c18958084bddb7a5cc30e2647711408d&sv=10004&ct=android, From: subscribe, IPv_Type: ipv6, Location: 加拿大, ISP: , Date: None, Delay: -1 ms, Speed: 0.00 M/s, Resolution: None
Name: CCTV-6, URL: https://migu.188766.xyz/?migutoken=eefede79619081fc5ab574742b5c7a85&id=CCTV6&type=yy, From: subscribe, IPv_Type: ipv6, Location: 美国, ISP: CloudFlare Inc., Date: None, Delay: -1 ms, Speed: 0.00 M/s, Resolution: None
Name: CCTV-6, URL: https://migu.188766.xyz/?migutoken=d5f13309fd1a6f99fc0a6d9d52a7214e&id=CCTV6&type=yy, From: subscribe, IPv_Type: ipv6, Location: 美国, ISP: CloudFlare Inc., Date: None, Delay: -1 ms, Speed: 0.00 M/s, Resolution: None
Name: CCTV-6, URL: http://38.75.136.137:98/gslb/dsdqbv/cctv6hd.m3u8?auth=test20251009, From: subscribe, IPv_Type: ipv4, Location: 美国-伊利诺伊州-库克, ISP: Cogent, Date: None, Delay: 3037 ms, Speed: 2.16 M/s, Resolution: 1920x1080
Name: CCTV-7, URL: http://php.jdshipin.com/TVOD/hljyd.php?id=3221225733, From: subscribe, IPv_Type: ipv6, Location: 美国, ISP: CloudFlare Inc., Date: None, Delay: 0.1 ms, Speed: inf M/s, Resolution: 1920x1080
Name: CCTV-7, URL: http://goo.bkpcp.top/mg/CCTV7, From: subscribe, IPv_Type: ipv6, Location: 美国, ISP: CloudFlare Inc., Date: None, Delay: 0.1 ms, Speed: inf M/s, Resolution: 1920x1080
Name: CCTV-7, URL: http://iptv.huuc.edu.cn/hls/cctv7hd.m3u8, From: subscribe, IPv_Type: ipv6, Location: 中国, ISP: 教育网, Date: None, Delay: 0.1 ms, Speed: inf M/s, Resolution: 1920x1080
Name: CCTV-7, URL: https://smart.pendy.dpdns.org/Smart.php?id=cctv7, From: subscribe, IPv_Type: ipv6, Location: 美国, ISP: CloudFlare Inc., Date: None, Delay: 0.1 ms, Speed: inf M/s, Resolution: 1920x1080
Name: CCTV-7, URL: http://[2409:8087:1a0a:df::404b]/ottrrs.hl.chinamobile.com/TVOD/88888888/224/3221225733/index.m3u8, From: subscribe, IPv_Type: ipv6, Location: 中国, ISP: 中国移动, Date: None, Delay: 0.1 ms, Speed: inf M/s, Resolution: 1920x1080
Name: CCTV-7, URL: http://[2409:8087:1a01:df::4077]/ottrrs.hl.chinamobile.com/PLTV/88888888/8/3221225733/index.m3u8, From: subscribe, IPv_Type: ipv6, Location: 中国, ISP: 中国移动, Date: None, Delay: 0.1 ms, Speed: inf M/s, Resolution: 1920x1080
Name: CCTV-7, URL: http://[2409:8087:8:21::18]:6610/otttv.bj.chinamobile.com/PLTV/88888888/224/3221226234/1.m3u8, From: subscribe, IPv_Type: ipv6, Location: 中国, ISP: 中国移动, Date: None, Delay: 0.1 ms, Speed: inf M/s, Resolution: 1920x1080
Name: CCTV-7, URL: http://iptv.cdn.ha.chinamobile.com/PLTV/88888888/224/3221227180/index.m3u8, From: subscribe, IPv_Type: ipv6, Location: 中国, ISP: 中国移动, Date: None, Delay: 0.1 ms, Speed: inf M/s, Resolution: 1920x1080
Name: CCTV-7, URL: http://[2409:8087:1a01:df::4077]/ottrrs.hl.chinamobile.com/PLTV/88888888/224/3221225733/index.m3u8, From: subscribe, IPv_Type: ipv6, Location: 中国, ISP: 中国移动, Date: None, Delay: 0.1 ms, Speed: inf M/s, Resolution: 1920x1080
Name: CCTV-7, URL: https://www.freetv.top/migu/673168121.m3u8?migutoken=44446ab398991313e6a822efdaec82f3b845a2e8f141c172aa857c477255724bbb28fc01d33f764c51106c446af1c57e8815b58822075b194f4cf55cde28fe55f54330d4586c92e75e8aa50a48, From: subscribe, IPv_Type: ipv6, Location: 美国-加利福尼亚州-圣克拉拉, ISP: DigitalOcean, Date: None, Delay: 0.1 ms, Speed: inf M/s, Resolution: 1920x1080
Name: CCTV-7, URL: http://www.freetv.top/migu/673168121.m3u8?migutoken=bea4d574a7f96c7e95fb2000e191d57743cfdadfa9a4819385a46bf2bf269d9cf13b9bcc1494158b5bc16ce7d6751825800030253b91daf31a298122a2511f45821009cbeca64d12349bc0227d, From: subscribe, IPv_Type: ipv6, Location: 美国-加利福尼亚州-圣克拉拉, ISP: DigitalOcean, Date: None, Delay: 0.1 ms, Speed: inf M/s, Resolution: 1920x1080
Name: CCTV-7, URL: https://www.freetv.top/migu/673168121.m3u8?migutoken=11284a6f3b3b2fa213fe083e46e96de1056fd7727d3d02e2cb4c2eb6c9994c51a6d20f333eba2d4739cee8fe8d82b5a8ed95fbfa87d5df4d792df3f436e23df7ce80f601e526e1e967f1479a14, From: subscribe, IPv_Type: ipv6, Location: 美国-加利福尼亚州-圣克拉拉, ISP: DigitalOcean, Date: None, Delay: 0.1 ms, Speed: inf M/s, Resolution: 1920x1080
Name: CCTV-7, URL: https://www.freetv.top/migu/673168121.m3u8?migutoken=3253222269368c440aa1d23dba86c186a7b73abdea3890faf72e3d720844f8f1d3adc2b18ed047dbb3eff1a6c5d9379fad37d1f8a380d0e7c69e9ad6eb41709cf92077125fc0bded4cfd47808b, From: subscribe, IPv_Type: ipv6, Location: 美国-加利福尼亚州-圣克拉拉, ISP: DigitalOcean, Date: None, Delay: 0.1 ms, Speed: inf M/s, Resolution: 1920x1080
Name: CCTV-7, URL: https://www.freetv.top/migu/673168121.m3u8?migutoken=a878b713604abd82c57cce75de174e0284d3f101e21d0c3e362670e4b5a5e75d9b42846e5e0adf92c1ad15c63d60934f3e68c25f787bc0665d12acde75a6db4761278e79b762292ed5b5a2fae3, From: subscribe, IPv_Type: ipv6, Location: 美国-加利福尼亚州-圣克拉拉, ISP: DigitalOcean, Date: None, Delay: 0.1 ms, Speed: inf M/s, Resolution: 1920x1080
Name: CCTV-7, URL: https://www.freetv.top/migu/673168121.m3u8?migutoken=574d7f499abe28260750cc94be57fac402b5f84b72ecb907cf459ce8d58381c92f1a7208e1b83a752dcb0500c1839caea4e4747510bac25b9090fa959b172ce5389a900b4612dde9e9d594cf2e, From: subscribe, IPv_Type: ipv6, Location: 美国-加利福尼亚州-圣克拉拉, ISP: DigitalOcean, Date: None, Delay: 0.1 ms, Speed: inf M/s, Resolution: 1920x1080
Name: CCTV-7, URL: https://www.freetv.top/migu/673168121.m3u8?migutoken=e78f83938702d1bbe1b942fbec9a4863f5e3233d946d4cb9d5650315c000e4b18fbeeecf6ea2debe700775517292edb56b8b5d596b464d112fbf4dc3fab926b0f9ec01cf52b7a4a97b4be82ad4, From: subscribe, IPv_Type: ipv6, Location: 美国-加利福尼亚州-圣克拉拉, ISP: DigitalOcean, Date: None, Delay: 0.1 ms, Speed: inf M/s, Resolution: 1920x1080
Name: CCTV-7, URL: https://www.freetv.top/migu/673168121.m3u8?migutoken=77f3d07c8c715fc3df72eeb3151a68e9169b4e17d5d0be3ff0eccb5d0a34a91fe58a22d4bdfa529c8c752579855b46458434107509993fa5f5abc00210d466c2a969d6bd3f9f0c6f6b0deca814, From: subscribe, IPv_Type: ipv6, Location: 美国-加利福尼亚州-圣克拉拉, ISP: DigitalOcean, Date: None, Delay: 0.1 ms, Speed: inf M/s, Resolution: 1920x1080
Name: CCTV-7, URL: https://www.freetv.top/migu/673168121.m3u8?migutoken=39f299ba0d4c0dd00c89550497da4b7b2de0752f52a9831160904f0fa48d0e4f14936c2d2e794d39ef3d9fec119c22460c845abc4c1f894d73f27e21754ec4a1aec51a4285c036e5a6febf8b71, From: subscribe, IPv_Type: ipv6, Location: 美国-加利福尼亚州-圣克拉拉, ISP: DigitalOcean, Date: None, Delay: 0.1 ms, Speed: inf M/s, Resolution: 1920x1080
Name: CCTV-7, URL: https://www.freetv.top/migu/673168121.m3u8?migutoken=5efea15b5115b2be0e9c11527601ab541c646da6310420ce788fafd0cbc53baa18194290df19e900a089f43300a784605577054b709659403fb3de1eaa69137ce76e0233b0f007ee744300c50d, From: subscribe, IPv_Type: ipv6, Location: 美国-加利福尼亚州-圣克拉拉, ISP: DigitalOcean, Date: None, Delay: 0.1 ms, Speed: inf M/s, Resolution: 1920x1080
Name: CCTV-7, URL: https://www.freetv.top/migu/673168121.m3u8?migutoken=5dc42b85b8e382a48bee714d95d95141513753c23aa55f932693ce1eb52e32c8782badd9bcf5db1b0cc68c6bf1d2cae4e93e86e4698cef598cecd907ecd71f4ca95eda3e82c5c85395b4c4123a, From: subscribe, IPv_Type: ipv6, Location: 美国-加利福尼亚州-圣克拉拉, ISP: DigitalOcean, Date: None, Delay: 0.1 ms, Speed: inf M/s, Resolution: 1920x1080
Name: CCTV-7, URL: https://www.freetv.top/migu/673168121.m3u8?migutoken=97a46285e2ac80354b4cda7972c410ce7c4ea2d42ac569d87ec2072905e3f1274f652ad22225021e86a0449f109ca248ae7e401e49373b725d4190ff653b660e58abedd89065cf4c052ea97e81, From: subscribe, IPv_Type: ipv6, Location: 美国-加利福尼亚州-圣克拉拉, ISP: DigitalOcean, Date: None, Delay: 0.1 ms, Speed: inf M/s, Resolution: 1920x1080
Name: CCTV-7, URL: http://yc.myds.me:35455/gaoma/cctv7.m3u8, From: subscribe, IPv_Type: ipv6, Location: 中国, ISP: 中国电信, Date: None, Delay: 0.1 ms, Speed: inf M/s, Resolution: 1920x1080
Name: CCTV-7, URL: http://nas.suntao.online:35455/itv/1000000005000265007.m3u8?cdn=ystenlive, From: subscribe, IPv_Type: ipv6, Location: 中国, ISP: 中国联通, Date: None, Delay: 0.1 ms, Speed: inf M/s, Resolution: 1920x1080
Name: CCTV-7, URL: https://stream1.freetv.fun/1ac4f534b2dbb039f6e3c6a98e44d0088fd1d34213687143a1ee521df16a4f90.m3u8, From: subscribe, IPv_Type: ipv6, Location: 美国, ISP: CloudFlare Inc., Date: None, Delay: 0.1 ms, Speed: inf M/s, Resolution: 1920x1080
Name: CCTV-7, URL: https://stream1.freetv.fun/8934b3a24d7d16e8834b2710951ff476c08771d1709586c9a1a2c11ff705f012.m3u8, From: subscribe, IPv_Type: ipv6, Location: 美国, ISP: CloudFlare Inc., Date: None, Delay: 0.1 ms, Speed: inf M/s, Resolution: 1920x1080
Name: CCTV-7, URL: https://stream1.freetv.fun/5c2e3370e0e54bea4f87ffd53e6df5df8172e6ddb40ee12aee7541245bd5ef3a.m3u8, From: subscribe, IPv_Type: ipv6, Location: 美国, ISP: CloudFlare Inc., Date: None, Delay: 0.1 ms, Speed: inf M/s, Resolution: 1920x1080
Name: CCTV-7, URL: https://stream1.freetv.fun/e33abdae3da31c7b48bc71d953c606b1fb8991ac55b97c3a9f204240da489d8b.m3u8, From: subscribe, IPv_Type: ipv6, Location: 美国, ISP: CloudFlare Inc., Date: None, Delay: 0.1 ms, Speed: inf M/s, Resolution: 1920x1080
Name: CCTV-7, URL: https://stream1.freetv.fun/c1f93da7a0cd13567f02bfd6f333247e5aa9e44a5dbf8d6b57fa4be2de152a2e.m3u8, From: subscribe, IPv_Type: ipv6, Location: 美国, ISP: CloudFlare Inc., Date: None, Delay: 0.1 ms, Speed: inf M/s, Resolution: 1920x1080
Name: CCTV-7, URL: https://stream1.freetv.fun/6d894cacae2ad9adfdb6b37e0ae3ecaf3d277e4b5db998990d75ab67b1875196.m3u8, From: subscribe, IPv_Type: ipv6, Location: 美国, ISP: CloudFlare Inc., Date: None, Delay: 0.1 ms, Speed: inf M/s, Resolution: 1920x1080
Name: CCTV-7, URL: https://stream1.freetv.fun/52ed19522f9cb0b1e5954cda13ab827fdaee9270338a1f6ddf6b6f0f3dd38958.m3u8, From: subscribe, IPv_Type: ipv6, Location: 美国, ISP: CloudFlare Inc., Date: None, Delay: 0.1 ms, Speed: inf M/s, Resolution: 1920x1080
Name: CCTV-7, URL: https://stream1.freetv.fun/e7db8539118559b0f7b6d867bf77a8fc496b6ca0668cf41a2cf2bb1afb47f432.m3u8, From: subscribe, IPv_Type: ipv6, Location: 美国, ISP: CloudFlare Inc., Date: None, Delay: 0.1 ms, Speed: inf M/s, Resolution: 1920x1080
Name: CCTV-7, URL: https://stream1.freetv.fun/f889cdbf4d2d3a70d08b3605611400b99378b308efa1290fba013383ba456ea9.m3u8, From: subscribe, IPv_Type: ipv6, Location: 美国, ISP: CloudFlare Inc., Date: None, Delay: 0.1 ms, Speed: inf M/s, Resolution: 1920x1080
Name: CCTV-7, URL: https://stream1.freetv.fun/bee84649935554fe6294d64da1b84fc131556419447a8f7acc099e95841a6de5.m3u8, From: subscribe, IPv_Type: ipv6, Location: 美国, ISP: CloudFlare Inc., Date: None, Delay: 0.1 ms, Speed: inf M/s, Resolution: 1920x1080
Name: CCTV-7, URL: https://stream1.freetv.fun/58d72b62f74628bb328aa0d827b32e44c3ef36b023db8b2a7b61dbc3058f19ea.m3u8, From: subscribe, IPv_Type: ipv6, Location: 美国, ISP: CloudFlare Inc., Date: None, Delay: 0.1 ms, Speed: inf M/s, Resolution: 1920x1080
Name: CCTV-7, URL: https://stream1.freetv.fun/782b27b7a038d2eaa290d863fb13716d861af5dec099c1e3bcef8884b9139549.m3u8, From: subscribe, IPv_Type: ipv6, Location: 美国, ISP: CloudFlare Inc., Date: None, Delay: 0.1 ms, Speed: inf M/s, Resolution: 1920x1080
Name: CCTV-7, URL: https://stream1.freetv.fun/055dde25f4bef24b625b17b692211711fe273e0d26694f594d3035191bfe03ff.m3u8, From: subscribe, IPv_Type: ipv6, Location: 美国, ISP: CloudFlare Inc., Date: None, Delay: 0.1 ms, Speed: inf M/s, Resolution: 1920x1080
Name: CCTV-7, URL: https://stream1.freetv.fun/ca9bf41f3a9f4e06e20200034fa186fa8a1edd2e8fb11f993830d08e19585d3d.m3u8, From: subscribe, IPv_Type: ipv6, Location: 美国, ISP: CloudFlare Inc., Date: None, Delay: 0.1 ms, Speed: inf M/s, Resolution: 1920x1080
Name: CCTV-7, URL: https://stream1.freetv.fun/1497132229191e91b3639d978c24027b562370a170c05be96cd98927c947fc00.m3u8, From: subscribe, IPv_Type: ipv6, Location: 美国, ISP: CloudFlare Inc., Date: None, Delay: 0.1 ms, Speed: inf M/s, Resolution: 1920x1080
Name: CCTV-7, URL: https://stream1.freetv.fun/1f156045e41b66cc968eb4fb1e3795c260b23e67dd227911c94dbb1a82d58c77.m3u8, From: subscribe, IPv_Type: ipv6, Location: 美国, ISP: CloudFlare Inc., Date: None, Delay: 0.1 ms, Speed: inf M/s, Resolution: 1920x1080
Name: CCTV-7, URL: https://stream1.freetv.fun/ac01cb50d02dc19b524e493e1d65202f058f6d2061d1d137e70d84fc4b1ff86f.m3u8, From: subscribe, IPv_Type: ipv6, Location: 美国, ISP: CloudFlare Inc., Date: None, Delay: 0.1 ms, Speed: inf M/s, Resolution: 1920x1080
Name: CCTV-7, URL: http://hwrr.jx.chinamobile.com:8080/PLTV/88888888/224/3221225624/index.m3u8, From: subscribe, IPv_Type: ipv6, Location: 中国, ISP: 中国移动, Date: None, Delay: 0.1 ms, Speed: inf M/s, Resolution: 1920x1080
Name: CCTV-7, URL: http://hwrr.jx.chinamobile.com:8080/PLTV/88888888/224/3221225644/index.m3u8, From: subscribe, IPv_Type: ipv6, Location: 中国, ISP: 中国移动, Date: None, Delay: 0.1 ms, Speed: inf M/s, Resolution: 1920x1080
Name: CCTV-7, URL: http://lu.wqwqwq.sbs/itv/1000000005000265007.m3u8?cdn=ystenlive, From: subscribe, IPv_Type: ipv6, Location: 美国, ISP: CloudFlare Inc., Date: None, Delay: 0.1 ms, Speed: inf M/s, Resolution: 1920x1080
Name: CCTV-7, URL: https://www.freetv.top/migu/673168121.m3u8?migutoken=32baba1f17982a5856b5e4cba671464db867e70aed83bb692d222321841da606ddd218254653225bb49eccb512865497f6b0aace406fda4ee65cc6aa95156575b7fd6665a5ca27b459a46a0761, From: subscribe, IPv_Type: ipv6, Location: 美国-加利福尼亚州-圣克拉拉, ISP: DigitalOcean, Date: None, Delay: 0.1 ms, Speed: inf M/s, Resolution: 1920x1080
Name: CCTV-7, URL: http://[2409:8087:5e01:34::23]:6610/ZTE_CMS/00000001000000060000000000000380/index.m3u8?IAS, From: subscribe, IPv_Type: ipv6, Location: 中国, ISP: 中国移动, Date: None, Delay: 0.1 ms, Speed: inf M/s, Resolution: 1920x1080
Name: CCTV-7, URL: http://[2409:8087:5e01:34::21]:6610/ZTE_CMS/00000001000000060000000000000380/index.m3u8?IAS, From: subscribe, IPv_Type: ipv6, Location: 中国, ISP: 中国移动, Date: None, Delay: 0.1 ms, Speed: inf M/s, Resolution: 1920x1080
Name: CCTV-7, URL: http://[2409:8087:5e01:34::22]:6610/ZTE_CMS/00000001000000060000000000000380/index.m3u8?IAS, From: subscribe, IPv_Type: ipv6, Location: 中国, ISP: 中国移动, Date: None, Delay: 0.1 ms, Speed: inf M/s, Resolution: 1920x1080
Name: CCTV-7, URL: http://dbiptv.sn.chinamobile.com/PLTV/88888890/224/3221226192/index.m3u8, From: subscribe, IPv_Type: ipv6, Location: 中国, ISP: 中国移动, Date: None, Delay: 0.1 ms, Speed: inf M/s, Resolution: 1920x1080
Name: CCTV-7, URL: https://stream1.freetv.fun/978492b187939ceb862410f14e3321d54e05a0bc645f85f48c426b0e522eb940.m3u8, From: subscribe, IPv_Type: ipv6, Location: 美国, ISP: CloudFlare Inc., Date: None, Delay: 0.1 ms, Speed: inf M/s, Resolution: 1920x1080
Name: CCTV-7, URL: https://stream1.freetv.fun/38c7c346b707a4febeabb5ecd55e67687d764ec0a561894ff0e953e516acdfb1.m3u8, From: subscribe, IPv_Type: ipv6, Location: 美国, ISP: CloudFlare Inc., Date: None, Delay: 0.1 ms, Speed: inf M/s, Resolution: 1920x1080
Name: CCTV-7, URL: http://[2409:8087:1a01:df::4077]/ottrrs.hl.chinamobile.com/yinhe/88888888/224/3221225733/index.m3u8, From: subscribe, IPv_Type: ipv6, Location: 中国, ISP: 中国移动, Date: None, Delay: 0.1 ms, Speed: inf M/s, Resolution: 1920x1080
Name: CCTV-7, URL: http://zteres.sn.chinamobile.com:6060/000000001000/5000000011000031104/1.m3u8?channel-id=bestzb&Contentid=5000000011000031104&livemode=1&stbId=3, From: subscribe, IPv_Type: ipv6, Location: 中国, ISP: 中国移动, Date: None, Delay: 0.1 ms, Speed: inf M/s, Resolution: 1920x1080
Name: CCTV-7, URL: http://zteres.sn.chinamobile.com:6060/000000001000/5000000005000026715/1.m3u8?channel-id=bestzb&Contentid=5000000005000026715&livemode=1&stbId=3, From: subscribe, IPv_Type: ipv6, Location: 中国, ISP: 中国移动, Date: None, Delay: 0.1 ms, Speed: inf M/s, Resolution: 1920x1080
Name: CCTV-7, URL: http://[2409:8087:4c0a:22:1::11]:6410/170000001115/UmaiCHAN5000038BESTVSMGSMG/index.m3u8?AuthInfo=9kOOdBn7MFF%2F2bWjKgahUSpr1AVNI633ampcuzdN%2BfHYKFve4MwNzRa0jPXeHjqnBjPmzSdKDNWNHhnZSaMGCXKmdx8d%2BnYdhVK5ge22ot4, From: subscribe, IPv_Type: ipv6, Location: 中国, ISP: 中国移动, Date: None, Delay: 0.1 ms, Speed: inf M/s, Resolution: 1920x1080
Name: CCTV-7, URL: http://[2409:8087:5e01:34::38]:6610/ZTE_CMS/00000001000000060000000000000380/index.m3u8, From: subscribe, IPv_Type: ipv6, Location: 中国, ISP: 中国移动, Date: None, Delay: 0.1 ms, Speed: inf M/s, Resolution: 1920x1080
Name: CCTV-7, URL: http://[2409:8087:5e00:24::1f]:6060/ZTE_CMS/00000001000000060000000000000380/index.m3u8, From: subscribe, IPv_Type: ipv6, Location: 中国, ISP: 中国移动, Date: None, Delay: 0.1 ms, Speed: inf M/s, Resolution: 1920x1080
Name: CCTV-7, URL: http://[2409:8087:5e00:24::1e]:6060/200000001898/460000089800010215/index.m3u8, From: subscribe, IPv_Type: ipv6, Location: 中国, ISP: 中国移动, Date: None, Delay: 0.1 ms, Speed: inf M/s, Resolution: 1920x1080
Name: CCTV-7, URL: http://[2409:8087:5e01:34::20]:6610/ZTE_CMS/00000001000000060000000000000380/index.m3u8?IAS, From: subscribe, IPv_Type: ipv6, Location: 中国, ISP: 中国移动, Date: None, Delay: 0.1 ms, Speed: inf M/s, Resolution: 1920x1080
Name: CCTV-7, URL: http://[2409:8087:74f0:22::4]:6410/270000001128/9900000504/index.m3u8, From: subscribe, IPv_Type: ipv6, Location: 中国, ISP: 中国移动, Date: None, Delay: 0.1 ms, Speed: inf M/s, Resolution: 1920x1080
Name: CCTV-7, URL: http://[2409:8087:1a01:df::7005]/ottrrs.hl.chinamobile.com/PLTV/88888888/224/3221225733/index.m3u8, From: subscribe, IPv_Type: ipv6, Location: 中国, ISP: 中国移动, Date: None, Delay: 0.1 ms, Speed: inf M/s, Resolution: 1920x1080
Name: CCTV-7, URL: http://[2409:8087:3869:8021:1001::e5]:6610/PLTV/88888910/224/3221225624/index.m3u8, From: subscribe, IPv_Type: ipv6, Location: 中国, ISP: 中国移动, Date: None, Delay: -1 ms, Speed: 0.00 M/s, Resolution: None
Name: CCTV-7, URL: http://rrs01.hw.gmcc.net:8088/PLTV/81/224/3221226721/1.m3u8, From: subscribe, IPv_Type: ipv6, Location: 中国, ISP: 中国移动, Date: None, Delay: -1 ms, Speed: 0.00 M/s, Resolution: None
Name: CCTV-7, URL: http://[2409:8087:8:21::18]:6610/otttv.bj.chinamobile.com/PLTV/88888888/224/3221226946/1.m3u8, From: subscribe, IPv_Type: ipv6, Location: 中国, ISP: 中国移动, Date: None, Delay: -1 ms, Speed: 0.00 M/s, Resolution: None
Name: CCTV-7, URL: http://k.061899.xyz/m.php?id=cctv7, From: subscribe, IPv_Type: ipv6, Location: 新加坡, ISP: Aceville Pte.Ltd., Date: None, Delay: -1 ms, Speed: 0.00 M/s, Resolution: None
Name: CCTV-7, URL: http://[2409:8087:1a15:10d1::37]/ottrrs.hl.chinamobile.com/PLTV/88888888/224/3221226398/index.m3u8, From: subscribe, IPv_Type: ipv6, Location: 中国, ISP: 中国移动, Date: None, Delay: -1 ms, Speed: 0.00 M/s, Resolution: None
Name: CCTV-7, URL: http://[2409:8087:1a15:10d1::35]/ottrrs.hl.chinamobile.com/PLTV/88888888/224/3221225733/index.m3u8, From: subscribe, IPv_Type: ipv6, Location: 中国, ISP: 中国移动, Date: None, Delay: -1 ms, Speed: 0.00 M/s, Resolution: None
Name: CCTV-7, URL: http://[2409:8087:5e08:25::16]:6610/200000001898/460000089800010051/1.m3u8, From: subscribe, IPv_Type: ipv6, Location: 中国, ISP: 中国移动, Date: None, Delay: -1 ms, Speed: 0.00 M/s, Resolution: None
Name: CCTV-7, URL: https://migu.188766.xyz/?migutoken=26c649aaf1b57dc8a11423eb32c5c38c&id=CCTV7&pp=1, From: subscribe, IPv_Type: ipv6, Location: 美国, ISP: CloudFlare Inc., Date: None, Delay: -1 ms, Speed: 0.00 M/s, Resolution: None
Name: CCTV-7, URL: https://cc06.tv12.xyz/8.m3u8, From: subscribe, IPv_Type: ipv6, Location: 美国, ISP: CloudFlare Inc., Date: None, Delay: -1 ms, Speed: 0.00 M/s, Resolution: None
Name: CCTV-7, URL: http://gslbmgsplive.miguvideo.com/migu/kailu/20200324/cctv7hd/51/index.m3u8?msisdn=202510060800566770b971bae44b098e2983c75dd4f09c&mdspid=&spid=699004&netType=0&sid=5501083622&pid=2028597139&timestamp=20251006080056&Channel_ID=0116_2600000900-99000-201600010010027&ProgramID=673168121&ParentNodeID=-99&assertID=5501083622&client_ip=106.13.250.90&SecurityKey=20251006080056&promotionId=&mvid=5102910278&mcid=500020&playurlVersion=WX-A1-8.9.2-RELEASE&userid=&jmhm=&videocodec=h264&bean=mgspad&tid=android&conFee=0&puData=957396c7ce1ce4aa39ee47f83280ebe2&ddCalcu=29e5eb70e33090862c378cfe714ceee49a3a, From: subscribe, IPv_Type: ipv6, Location: 中国, ISP: 中国移动, Date: None, Delay: -1 ms, Speed: 0.00 M/s, Resolution: None
Name: CCTV-7, URL: https://migu.188766.xyz/?migutoken=e68aef2ce5455aabf18bd6ffaf5a31ec&id=CCTV7&type=yy, From: subscribe, IPv_Type: ipv6, Location: 美国, ISP: CloudFlare Inc., Date: None, Delay: -1 ms, Speed: 0.00 M/s, Resolution: None
Name: CCTV-7, URL: https://live.chinacert.cftest5.cn/mg/?id=673168121, From: subscribe, IPv_Type: ipv6, Location: 中国, ISP: 中国移动, Date: None, Delay: -1 ms, Speed: 0.00 M/s, Resolution: None
Name: CCTV-7, URL: https://migu.188766.xyz/?migutoken=a244f04fe2c6129d9e68fa5c937b14c6&id=CCTV7&type=yy, From: subscribe, IPv_Type: ipv6, Location: 美国, ISP: CloudFlare Inc., Date: None, Delay: -1 ms, Speed: 0.00 M/s, Resolution: None
Name: CCTV-7, URL: https://zby.130519.xyz/PLTV/11/224/3221226137/index.m3u8, From: subscribe, IPv_Type: ipv6, Location: 美国, ISP: CloudFlare Inc., Date: None, Delay: -1 ms, Speed: 0.00 M/s, Resolution: None
Name: CCTV-7, URL: https://iptv.catvod.com/live.php?id=CCTV-7%20%E5%9B%BD%E9%98%B2%E5%86%9B%E4%BA%8B, From: subscribe, IPv_Type: ipv6, Location: 美国, ISP: CloudFlare Inc., Date: None, Delay: -1 ms, Speed: 0.00 M/s, Resolution: None
Name: CCTV-7, URL: http://[2409:8087:8:21::18]:6610/otttv.bj.chinamobile.com/PLTV/88888888/224/3221226946/1.m3u8?, From: subscribe, IPv_Type: ipv6, Location: 中国, ISP: 中国移动, Date: None, Delay: -1 ms, Speed: 0.00 M/s, Resolution: None
Name: CCTV-7, URL: https://migu.188766.xyz/?migutoken=a80f12e02ce25708132db543d0057a34&id=CCTV7&type=yy, From: subscribe, IPv_Type: ipv6, Location: 美国, ISP: CloudFlare Inc., Date: None, Delay: -1 ms, Speed: 0.00 M/s, Resolution: None
Name: CCTV-7, URL: https://migu.188766.xyz/?migutoken=805323fc4aab20fec4c666a156fe138a&id=CCTV7&type=yy, From: subscribe, IPv_Type: ipv6, Location: 美国, ISP: CloudFlare Inc., Date: None, Delay: -1 ms, Speed: 0.00 M/s, Resolution: None
Name: CCTV-7, URL: https://migu.188766.xyz/?migutoken=9101592cda39a83292bbd0ba2c876732&id=CCTV7&type=yy, From: subscribe, IPv_Type: ipv6, Location: 美国, ISP: CloudFlare Inc., Date: None, Delay: -1 ms, Speed: 0.00 M/s, Resolution: None
Name: CCTV-7, URL: https://migu.188766.xyz/?migutoken=73aae03390e8c49580b648f11bc63fc9&id=CCTV7&type=yy, From: subscribe, IPv_Type: ipv6, Location: 美国, ISP: CloudFlare Inc., Date: None, Delay: -1 ms, Speed: 0.00 M/s, Resolution: None
Name: CCTV-7, URL: https://migu.188766.xyz/?migutoken=ac1a931906d7416f9ed831b345698549&id=CCTV7&type=yy, From: subscribe, IPv_Type: ipv6, Location: 美国, ISP: CloudFlare Inc., Date: None, Delay: -1 ms, Speed: 0.00 M/s, Resolution: None
Name: CCTV-7, URL: https://migu.188766.xyz/?migutoken=21e770e0e929becef1308238b5c0251b&id=CCTV7&type=yy, From: subscribe, IPv_Type: ipv6, Location: 美国, ISP: CloudFlare Inc., Date: None, Delay: -1 ms, Speed: 0.00 M/s, Resolution: None
Name: CCTV-7, URL: https://migu.188766.xyz/?migutoken=0dc5822624f9ec46ac8ceee667fd37c5&id=CCTV7&type=yy, From: subscribe, IPv_Type: ipv6, Location: 美国, ISP: CloudFlare Inc., Date: None, Delay: -1 ms, Speed: 0.00 M/s, Resolution: None
Name: CCTV-7, URL: https://iptv.catvod.com/live.php?id=CCTV7, From: subscribe, IPv_Type: ipv6, Location: 美国, ISP: CloudFlare Inc., Date: None, Delay: -1 ms, Speed: 0.00 M/s, Resolution: None
Name: CCTV-7, URL: https://migu.188766.xyz/?migutoken=cf483cb7aa786df158358423e55058a6&id=CCTV7&type=yy, From: subscribe, IPv_Type: ipv6, Location: 美国, ISP: CloudFlare Inc., Date: None, Delay: -1 ms, Speed: 0.00 M/s, Resolution: None
Name: CCTV-7, URL: https://migu.188766.xyz/?migutoken=802eddfcbaabedb0bec4fbf85564fbe1&id=CCTV7&type=yy, From: subscribe, IPv_Type: ipv6, Location: 美国, ISP: CloudFlare Inc., Date: None, Delay: -1 ms, Speed: 0.00 M/s, Resolution: None
Name: CCTV-7, URL: https://migu.188766.xyz/?migutoken=fb95b2d95722623c31c534638f4e295c&id=CCTV7&type=yy, From: subscribe, IPv_Type: ipv6, Location: 美国, ISP: CloudFlare Inc., Date: None, Delay: -1 ms, Speed: 0.00 M/s, Resolution: None
Name: CCTV-7, URL: https://iptv.catvod.com/live.php?id=CCTV-7, From: subscribe, IPv_Type: ipv6, Location: 美国, ISP: CloudFlare Inc., Date: None, Delay: -1 ms, Speed: 0.00 M/s, Resolution: None
Name: CCTV-7, URL: https://migu.188766.xyz/?migutoken=013700d551618c30c99556077f876f9d&id=CCTV7&type=yy, From: subscribe, IPv_Type: ipv6, Location: 美国, ISP: CloudFlare Inc., Date: None, Delay: -1 ms, Speed: 0.00 M/s, Resolution: None
Name: CCTV-7, URL: https://migu.188766.xyz/?migutoken=f55084435e98deec44a02e8165e70e9d&id=CCTV7&type=yy, From: subscribe, IPv_Type: ipv6, Location: 美国, ISP: CloudFlare Inc., Date: None, Delay: -1 ms, Speed: 0.00 M/s, Resolution: None
Name: CCTV-7, URL: http://gslbmgsplive.miguvideo.com/migu/kailu/20200324/cctv7hd/50/index.m3u8?msisdn=20251212080212cb72b3b3909b4146aa3ae8af3accb71c&mdspid=&spid=699004&netType=0&sid=5501083622&pid=2028597139&timestamp=20251212080212&Channel_ID=0116_2600037000-99000-200300220100002&ProgramID=673168121&ParentNodeID=-99&assertID=5501083622&client_ip=218.28.233.106&SecurityKey=20251212080212&promotionId=&mvid=5102910278&mcid=500020&playurlVersion=ZQ-A1-8.12.1-RELEASE&userid=&jmhm=&videocodec=h264&appCode=miguvideo_android&bean=mgspad&tid=android&conFee=0&puData=5e2841a6649cf3f6961c6a4247bcc5e0&ddCalcu=05eev52ac8dc4ab17a462644a96ccf136f96&sv=10004&ct=android, From: subscribe, IPv_Type: ipv6, Location: 中国, ISP: 中国移动, Date: None, Delay: -1 ms, Speed: 0.00 M/s, Resolution: None
Name: CCTV-7, URL: https://migu.188766.xyz/?migutoken=5ab0a5add179b00b9bd6c9b4daa248ce&id=CCTV7&type=yy, From: subscribe, IPv_Type: ipv6, Location: 美国, ISP: CloudFlare Inc., Date: None, Delay: -1 ms, Speed: 0.00 M/s, Resolution: None
Name: CCTV-7, URL: https://migu.188766.xyz/?migutoken=c6a2d7f14b40c3d9422a191da9285e58&id=CCTV7&type=yy, From: subscribe, IPv_Type: ipv6, Location: 美国, ISP: CloudFlare Inc., Date: None, Delay: -1 ms, Speed: 0.00 M/s, Resolution: None
Name: CCTV-7, URL: https://migu.188766.xyz/?migutoken=42155c4cb87f8c544143252e3465c48f&id=CCTV7&type=yy, From: subscribe, IPv_Type: ipv6, Location: 美国, ISP: CloudFlare Inc., Date: None, Delay: -1 ms, Speed: 0.00 M/s, Resolution: None
Name: CCTV-7, URL: https://migu.188766.xyz/?migutoken=b2cf19f0cc4e05fd772775bbab1a2028&id=CCTV7&type=yy, From: subscribe, IPv_Type: ipv6, Location: 美国, ISP: CloudFlare Inc., Date: None, Delay: -1 ms, Speed: 0.00 M/s, Resolution: None
Name: CCTV-7, URL: https://migu.188766.xyz/?migutoken=cb2502dbacf4715fb26461bdff2a0d34&id=CCTV7&type=yy, From: subscribe, IPv_Type: ipv6, Location: 美国, ISP: CloudFlare Inc., Date: None, Delay: -1 ms, Speed: 0.00 M/s, Resolution: None
Name: CCTV-7, URL: https://migu.188766.xyz/?migutoken=3ebf786b29ad78e52c9048e0ffd77d92&id=CCTV7&type=yy, From: subscribe, IPv_Type: ipv6, Location: 美国, ISP: CloudFlare Inc., Date: None, Delay: -1 ms, Speed: 0.00 M/s, Resolution: None
Name: CCTV-7, URL: https://migu.188766.xyz/?migutoken=cef3d6698efa101b9f3d6feaa01ededd&id=CCTV7&type=yy, From: subscribe, IPv_Type: ipv6, Location: 美国, ISP: CloudFlare Inc., Date: None, Delay: -1 ms, Speed: 0.00 M/s, Resolution: None
Name: CCTV-7, URL: https://migu.188766.xyz/?migutoken=10ea76348c4e60db3f948a150bb6b346&id=CCTV7&type=yy, From: subscribe, IPv_Type: ipv6, Location: 美国, ISP: CloudFlare Inc., Date: None, Delay: -1 ms, Speed: 0.00 M/s, Resolution: None
Name: CCTV-7, URL: https://migu.188766.xyz/?migutoken=4b411666792be32de660ea245584e4dd&id=CCTV7&type=yy, From: subscribe, IPv_Type: ipv6, Location: 美国, ISP: CloudFlare Inc., Date: None, Delay: -1 ms, Speed: 0.00 M/s, Resolution: None
Name: CCTV-7, URL: https://migu.188766.xyz/?migutoken=1e038244d436adfae36dbfcdbf2535a6&id=CCTV7&type=yy, From: subscribe, IPv_Type: ipv6, Location: 美国, ISP: CloudFlare Inc., Date: None, Delay: -1 ms, Speed: 0.00 M/s, Resolution: None
Name: CCTV-7, URL: https://migu.188766.xyz/?migutoken=7c5a2fc93c82aa7298834646a32c22a0&id=CCTV7&type=yy, From: subscribe, IPv_Type: ipv6, Location: 美国, ISP: CloudFlare Inc., Date: None, Delay: -1 ms, Speed: 0.00 M/s, Resolution: None
Name: CCTV-7, URL: https://migu.188766.xyz/?migutoken=7b72ffcc3b9a6a866a82d8b61439c815&id=CCTV7&type=yy, From: subscribe, IPv_Type: ipv6, Location: 美国, ISP: CloudFlare Inc., Date: None, Delay: -1 ms, Speed: 0.00 M/s, Resolution: None
Name: CCTV-7, URL: https://migu.188766.xyz/?migutoken=4664373079840124929ab68ebf2c29df&id=CCTV7&type=yy, From: subscribe, IPv_Type: ipv6, Location: 美国, ISP: CloudFlare Inc., Date: None, Delay: -1 ms, Speed: 0.00 M/s, Resolution: None
Name: CCTV-7, URL: https://migu.188766.xyz/?migutoken=66067d34e2c860e93c2bc43a47aac0ed&id=CCTV7&type=yy, From: subscribe, IPv_Type: ipv6, Location: 美国, ISP: CloudFlare Inc., Date: None, Delay: -1 ms, Speed: 0.00 M/s, Resolution: None
Name: CCTV-7, URL: https://migu.188766.xyz/?migutoken=0ec1efae43a68c8a3e18da05f1dd2acf&id=CCTV7&type=yy, From: subscribe, IPv_Type: ipv6, Location: 美国, ISP: CloudFlare Inc., Date: None, Delay: -1 ms, Speed: 0.00 M/s, Resolution: None
Name: CCTV-7, URL: https://migu.188766.xyz/?migutoken=488bd303b4e8bdcb8ba6c946a08049d0&id=CCTV7&type=yy, From: subscribe, IPv_Type: ipv6, Location: 美国, ISP: CloudFlare Inc., Date: None, Delay: -1 ms, Speed: 0.00 M/s, Resolution: None
Name: CCTV-7, URL: https://migu.188766.xyz/?migutoken=8ee27a1a7b64b54355bb0fc57db2633d&id=CCTV7&type=yy, From: subscribe, IPv_Type: ipv6, Location: 美国, ISP: CloudFlare Inc., Date: None, Delay: -1 ms, Speed: 0.00 M/s, Resolution: None
Name: CCTV-7, URL: https://migu.188766.xyz/?migutoken=bc3b848a60c573a96f41d935421fc373&id=CCTV7&type=yy, From: subscribe, IPv_Type: ipv6, Location: 美国, ISP: CloudFlare Inc., Date: None, Delay: -1 ms, Speed: 0.00 M/s, Resolution: None
Name: CCTV-7, URL: https://migu.188766.xyz/?migutoken=fc0845ff2f5a0c9ca3f89188024e7e56&id=CCTV7&type=yy, From: subscribe, IPv_Type: ipv6, Location: 美国, ISP: CloudFlare Inc., Date: None, Delay: -1 ms, Speed: 0.00 M/s, Resolution: None
Name: CCTV-7, URL: https://migu.188766.xyz/?migutoken=d0abcfcac9e874dd61d07bf6a89e8247&id=CCTV7&type=yy, From: subscribe, IPv_Type: ipv6, Location: 美国, ISP: CloudFlare Inc., Date: None, Delay: -1 ms, Speed: 0.00 M/s, Resolution: None
Name: CCTV-7, URL: https://migu.188766.xyz/?migutoken=67be2c9dfb0ff7eaa90db1f3300fcc88&id=CCTV7&type=yy, From: subscribe, IPv_Type: ipv6, Location: 美国, ISP: CloudFlare Inc., Date: None, Delay: -1 ms, Speed: 0.00 M/s, Resolution: None
Name: CCTV-7, URL: https://migu.188766.xyz/?migutoken=ff45ecbd75c21f04ee973366bd0d7617&id=CCTV7&type=yy, From: subscribe, IPv_Type: ipv6, Location: 美国, ISP: CloudFlare Inc., Date: None, Delay: -1 ms, Speed: 0.00 M/s, Resolution: None
Name: CCTV-7, URL: https://migu.188766.xyz/?migutoken=c5ade7375369747ff173d28b43999bb9&id=CCTV7&type=yy, From: subscribe, IPv_Type: ipv6, Location: 美国, ISP: CloudFlare Inc., Date: None, Delay: -1 ms, Speed: 0.00 M/s, Resolution: None
Name: CCTV-7, URL: https://migu.188766.xyz/?migutoken=a4282ec143f035d9bc77404eeed37a8e&id=CCTV7&type=yy, From: subscribe, IPv_Type: ipv6, Location: 美国, ISP: CloudFlare Inc., Date: None, Delay: -1 ms, Speed: 0.00 M/s, Resolution: None
Name: CCTV-7, URL: https://migu.188766.xyz/?migutoken=ae22d84db26f80bdd1e306c6f2e00c47&id=CCTV7&type=yy, From: subscribe, IPv_Type: ipv6, Location: 美国, ISP: CloudFlare Inc., Date: None, Delay: -1 ms, Speed: 0.00 M/s, Resolution: None
Name: CCTV-7, URL: https://migu.188766.xyz/?migutoken=0878594d1daf10dc5c810be1b68f9d95&id=CCTV7&type=yy, From: subscribe, IPv_Type: ipv6, Location: 美国, ISP: CloudFlare Inc., Date: None, Delay: -1 ms, Speed: 0.00 M/s, Resolution: None
Name: CCTV-7, URL: https://migu.188766.xyz/?migutoken=3c91fa9ea0cc78e41de7b5fb8e66f2d3&id=CCTV7&type=yy, From: subscribe, IPv_Type: ipv6, Location: 美国, ISP: CloudFlare Inc., Date: None, Delay: -1 ms, Speed: 0.00 M/s, Resolution: None
Name: CCTV-7, URL: https://migu.188766.xyz/?migutoken=4b139c9aa2b114f5f4972d91fa5f5711&id=CCTV7&type=yy, From: subscribe, IPv_Type: ipv6, Location: 美国, ISP: CloudFlare Inc., Date: None, Delay: -1 ms, Speed: 0.00 M/s, Resolution: None
Name: CCTV-7, URL: https://migu.188766.xyz/?migutoken=5f719707ae3a21e825ca5a1f5cc797fd&id=CCTV7&type=yy, From: subscribe, IPv_Type: ipv6, Location: 美国, ISP: CloudFlare Inc., Date: None, Delay: -1 ms, Speed: 0.00 M/s, Resolution: None
Name: CCTV-7, URL: https://migu.188766.xyz/?migutoken=071d7f5e2e78cb1c203c0e87e1f7b6ac&id=CCTV7&type=yy, From: subscribe, IPv_Type: ipv6, Location: 美国, ISP: CloudFlare Inc., Date: None, Delay: -1 ms, Speed: 0.00 M/s, Resolution: None
Name: CCTV-7, URL: https://migu.188766.xyz/?migutoken=259bac7b27850790a160a293009d4439&id=CCTV7&type=yy, From: subscribe, IPv_Type: ipv6, Location: 美国, ISP: CloudFlare Inc., Date: None, Delay: -1 ms, Speed: 0.00 M/s, Resolution: None
Name: CCTV-7, URL: https://migu.188766.xyz/?migutoken=180bf6320b644afbf9e08a40329e5cd4&id=CCTV7&type=yy, From: subscribe, IPv_Type: ipv6, Location: 美国, ISP: CloudFlare Inc., Date: None, Delay: -1 ms, Speed: 0.00 M/s, Resolution: None
Name: CCTV-7, URL: https://migu.188766.xyz/?migutoken=419a5399ffdea7ac4d26cc3d2ac2788c&id=CCTV7&type=yy, From: subscribe, IPv_Type: ipv6, Location: 美国, ISP: CloudFlare Inc., Date: None, Delay: -1 ms, Speed: 0.00 M/s, Resolution: None
Name: CCTV-7, URL: https://migu.188766.xyz/?migutoken=f1ce29d13ed751ea63d33951c2b4d91e&id=CCTV7&type=yy, From: subscribe, IPv_Type: ipv6, Location: 美国, ISP: CloudFlare Inc., Date: None, Delay: -1 ms, Speed: 0.00 M/s, Resolution: None
Name: CCTV-7, URL: https://migu.188766.xyz/?migutoken=e6253c6a629f1b06ac687fc338a9fdb0&id=CCTV7&type=yy, From: subscribe, IPv_Type: ipv6, Location: 美国, ISP: CloudFlare Inc., Date: None, Delay: -1 ms, Speed: 0.00 M/s, Resolution: None
Name: CCTV-7, URL: https://migu.188766.xyz/?migutoken=e4efe21fc6ddd1109adf1d385d3a42a5&id=CCTV7&type=yy, From: subscribe, IPv_Type: ipv6, Location: 美国, ISP: CloudFlare Inc., Date: None, Delay: -1 ms, Speed: 0.00 M/s, Resolution: None
Name: CCTV-7, URL: https://migu.188766.xyz/?migutoken=8758e467109995f585c2f307f2a968ab&id=CCTV7&type=yy, From: subscribe, IPv_Type: ipv6, Location: 美国, ISP: CloudFlare Inc., Date: None, Delay: -1 ms, Speed: 0.00 M/s, Resolution: None
Name: CCTV-7, URL: https://migu.188766.xyz/?migutoken=9a0ee800fc2fddb475e6c176eaf9d8de&id=CCTV7&type=yy, From: subscribe, IPv_Type: ipv6, Location: 美国, ISP: CloudFlare Inc., Date: None, Delay: -1 ms, Speed: 0.00 M/s, Resolution: None
Name: CCTV-7, URL: https://migu.188766.xyz/?migutoken=c177ff1fad7e7f2371be703ed1dbc62e&id=CCTV7&type=yy, From: subscribe, IPv_Type: ipv6, Location: 美国, ISP: CloudFlare Inc., Date: None, Delay: -1 ms, Speed: 0.00 M/s, Resolution: None
Name: CCTV-7, URL: https://migu.188766.xyz/?migutoken=562c13e9e6a643eb30967bbc98ef4aad&id=CCTV7&type=yy, From: subscribe, IPv_Type: ipv6, Location: 美国, ISP: CloudFlare Inc., Date: None, Delay: -1 ms, Speed: 0.00 M/s, Resolution: None
Name: CCTV-7, URL: https://migu.188766.xyz/?migutoken=e2b59cb90ff6ae8128b1ec1f9c50314c&id=CCTV7&type=yy, From: subscribe, IPv_Type: ipv6, Location: 美国, ISP: CloudFlare Inc., Date: None, Delay: -1 ms, Speed: 0.00 M/s, Resolution: None
Name: CCTV-7, URL: https://migu.188766.xyz/?migutoken=44e7ba029c2bad5c056bb495aba58317&id=CCTV7&type=yy, From: subscribe, IPv_Type: ipv6, Location: 美国, ISP: CloudFlare Inc., Date: None, Delay: -1 ms, Speed: 0.00 M/s, Resolution: None
Name: CCTV-7, URL: https://migu.188766.xyz/?migutoken=0b4deab092281894f3004a873742c63e&id=CCTV7&type=yy, From: subscribe, IPv_Type: ipv6, Location: 美国, ISP: CloudFlare Inc., Date: None, Delay: -1 ms, Speed: 0.00 M/s, Resolution: None
Name: CCTV-7, URL: https://migu.188766.xyz/?migutoken=059875427e5b661a22a87696bcef2d7a&id=CCTV7&type=yy, From: subscribe, IPv_Type: ipv6, Location: 美国, ISP: CloudFlare Inc., Date: None, Delay: -1 ms, Speed: 0.00 M/s, Resolution: None
Name: CCTV-7, URL: https://migu.188766.xyz/?migutoken=5bf702a7785beb18c206a2fe7c853ec9&id=CCTV7&type=yy, From: subscribe, IPv_Type: ipv6, Location: 美国, ISP: CloudFlare Inc., Date: None, Delay: -1 ms, Speed: 0.00 M/s, Resolution: None
Name: CCTV-7, URL: https://migu.188766.xyz/?migutoken=466cca0bf7119abee5953e879de1402a&id=CCTV7&type=yy, From: subscribe, IPv_Type: ipv6, Location: 美国, ISP: CloudFlare Inc., Date: None, Delay: -1 ms, Speed: 0.00 M/s, Resolution: None
Name: CCTV-7, URL: https://migu.188766.xyz/?migutoken=c9f30b0f5777fddb1b31bb1b7c540711&id=CCTV7&type=yy, From: subscribe, IPv_Type: ipv6, Location: 美国, ISP: CloudFlare Inc., Date: None, Delay: -1 ms, Speed: 0.00 M/s, Resolution: None
Name: CCTV-7, URL: https://migu.188766.xyz/?migutoken=df94f5ab6000dd381c67a192ea5844f7&id=CCTV7&type=yy, From: subscribe, IPv_Type: ipv6, Location: 美国, ISP: CloudFlare Inc., Date: None, Delay: -1 ms, Speed: 0.00 M/s, Resolution: None
Name: CCTV-7, URL: https://migu.188766.xyz/?migutoken=978a581072d28b06b8b8518649b2fd10&id=CCTV7&type=yy, From: subscribe, IPv_Type: ipv6, Location: 美国, ISP: CloudFlare Inc., Date: None, Delay: -1 ms, Speed: 0.00 M/s, Resolution: None
Name: CCTV-7, URL: https://migu.188766.xyz/?migutoken=ff28d69d86f5ee7500345536f4260eb5&id=CCTV7&type=yy, From: subscribe, IPv_Type: ipv6, Location: 美国, ISP: CloudFlare Inc., Date: None, Delay: -1 ms, Speed: 0.00 M/s, Resolution: None
Name: CCTV-7, URL: https://migu.188766.xyz/?migutoken=6757f694affc30f6e62d2aa347467430&id=CCTV7&type=yy, From: subscribe, IPv_Type: ipv6, Location: 美国, ISP: CloudFlare Inc., Date: None, Delay: -1 ms, Speed: 0.00 M/s, Resolution: None
Name: CCTV-7, URL: https://migu.188766.xyz/?migutoken=36d0ecaf8aeb75d4f160582f14937473&id=CCTV7&type=yy, From: subscribe, IPv_Type: ipv6, Location: 美国, ISP: CloudFlare Inc., Date: None, Delay: -1 ms, Speed: 0.00 M/s, Resolution: None
Name: CCTV-7, URL: https://migu.188766.xyz/?migutoken=5e469e4b276da8b4cdc1d0c54ae54f49&id=CCTV7&type=yy, From: subscribe, IPv_Type: ipv6, Location: 美国, ISP: CloudFlare Inc., Date: None, Delay: -1 ms, Speed: 0.00 M/s, Resolution: None
Name: CCTV-7, URL: https://migu.188766.xyz/?migutoken=625c23d8f244304cd9145e4ad206b4ed&id=CCTV7&type=yy, From: subscribe, IPv_Type: ipv6, Location: 美国, ISP: CloudFlare Inc., Date: None, Delay: -1 ms, Speed: 0.00 M/s, Resolution: None
Name: CCTV-7, URL: https://migu.188766.xyz/?migutoken=1cd87af4ba911ba1fc87747483111860&id=CCTV7&type=yy, From: subscribe, IPv_Type: ipv6, Location: 美国, ISP: CloudFlare Inc., Date: None, Delay: -1 ms, Speed: 0.00 M/s, Resolution: None
Name: CCTV-7, URL: https://migu.188766.xyz/?migutoken=ba2975fb634237aae44e4e18b3ba10ff&id=CCTV7&type=yy, From: subscribe, IPv_Type: ipv6, Location: 美国, ISP: CloudFlare Inc., Date: None, Delay: -1 ms, Speed: 0.00 M/s, Resolution: None
Name: CCTV-7, URL: https://migu.188766.xyz/?migutoken=cae312260c44eab1de93eddb01ec9214&id=CCTV7&type=yy, From: subscribe, IPv_Type: ipv6, Location: 美国, ISP: CloudFlare Inc., Date: None, Delay: -1 ms, Speed: 0.00 M/s, Resolution: None
Name: CCTV-7, URL: https://migu.188766.xyz/?migutoken=fc2bad7a5d1f2ef18cb0dfd60272155e&id=CCTV7&type=yy, From: subscribe, IPv_Type: ipv6, Location: 美国, ISP: CloudFlare Inc., Date: None, Delay: -1 ms, Speed: 0.00 M/s, Resolution: None
Name: CCTV-7, URL: https://migu.188766.xyz/?migutoken=aa9dc85eb1fa0fe34982ae1b6871d381&id=CCTV7&type=yy, From: subscribe, IPv_Type: ipv6, Location: 美国, ISP: CloudFlare Inc., Date: None, Delay: -1 ms, Speed: 0.00 M/s, Resolution: None
Name: CCTV-7, URL: https://migu.188766.xyz/?migutoken=edc435830ce47aeb75a96e149c259bff&id=CCTV7&type=yy, From: subscribe, IPv_Type: ipv6, Location: 美国, ISP: CloudFlare Inc., Date: None, Delay: -1 ms, Speed: 0.00 M/s, Resolution: None
Name: CCTV-7, URL: https://migu.188766.xyz/?migutoken=a75446bbd70bf4eb6954b601dea0da1d&id=CCTV7&type=yy, From: subscribe, IPv_Type: ipv6, Location: 美国, ISP: CloudFlare Inc., Date: None, Delay: -1 ms, Speed: 0.00 M/s, Resolution: None
Name: CCTV-7, URL: https://migu.188766.xyz/?migutoken=843de4113d0c24d3504c053a9fda43cf&id=CCTV7&type=yy, From: subscribe, IPv_Type: ipv6, Location: 美国, ISP: CloudFlare Inc., Date: None, Delay: -1 ms, Speed: 0.00 M/s, Resolution: None
Name: CCTV-7, URL: https://migu.188766.xyz/?migutoken=7d20509258a4327b77353588b605a5c9&id=CCTV7&type=yy, From: subscribe, IPv_Type: ipv6, Location: 美国, ISP: CloudFlare Inc., Date: None, Delay: -1 ms, Speed: 0.00 M/s, Resolution: None
Name: CCTV-7, URL: https://migu.188766.xyz/?migutoken=10167c059d116e1c254a4fa740d25de8&id=CCTV7&type=yy, From: subscribe, IPv_Type: ipv6, Location: 美国, ISP: CloudFlare Inc., Date: None, Delay: -1 ms, Speed: 0.00 M/s, Resolution: None
Name: CCTV-7, URL: https://migu.188766.xyz/?migutoken=6a26fca299da7555dd9e643336aa38cc&id=CCTV7&type=yy, From: subscribe, IPv_Type: ipv6, Location: 美国, ISP: CloudFlare Inc., Date: None, Delay: -1 ms, Speed: 0.00 M/s, Resolution: None
Name: CCTV-7, URL: http://mgsp-ws2.live.miguvideo.com:8088/migu/kailu/20200324/cctv7hd/51/index.m3u8?msisdn=e55e9ee71b42d2d7008a152c069625e3&mdspid=&spid=699004&netType=0&sid=5501083622&pid=2028597139&timestamp=20260215080204&Channel_ID=0116_2600034600-99000-201600010010028&ProgramID=673168121&ParentNodeID=-99&assertID=5501083622&client_ip=218.28.233.106&SecurityKey=20260215080204&promotionId=&mvid=5102910278&mcid=500020&playurlVersion=WX-A1-9.2.1-RELEASE&userid=&jmhm=&videocodec=h264&appCode=miguvideo_android&bean=mgspad&tid=android&conFee=0&encrypt=5f6fb108e59a02c28586cae910c2c480&sv=10004&ct=android, From: subscribe, IPv_Type: ipv6, Location: 加拿大, ISP: , Date: None, Delay: -1 ms, Speed: 0.00 M/s, Resolution: None
Name: CCTV-7, URL: https://migu.188766.xyz/?migutoken=837d22b4636891835a35d9d17cfad304&id=CCTV7&type=yy, From: subscribe, IPv_Type: ipv6, Location: 美国, ISP: CloudFlare Inc., Date: None, Delay: -1 ms, Speed: 0.00 M/s, Resolution: None
Name: CCTV-7, URL: http://mgsp-ws2.live.miguvideo.com:8088/migu/kailu/20200324/cctv7hd/51/index.m3u8?msisdn=e55e9ee71b42d2d7008a152c069625e3&mdspid=&spid=699004&netType=0&sid=5501083622&pid=2028597139&timestamp=20260216080221&Channel_ID=0116_2600034600-99000-201600010010028&ProgramID=673168121&ParentNodeID=-99&assertID=5501083622&client_ip=218.28.233.106&SecurityKey=20260216080221&promotionId=&mvid=5102910278&mcid=500020&playurlVersion=WX-A1-9.2.1-RELEASE&userid=&jmhm=&videocodec=h264&appCode=miguvideo_android&bean=mgspad&tid=android&conFee=0&encrypt=adeee86ba50f8312aedc764722e19c48&sv=10004&ct=android, From: subscribe, IPv_Type: ipv6, Location: 加拿大, ISP: , Date: None, Delay: -1 ms, Speed: 0.00 M/s, Resolution: None
Name: CCTV-7, URL: https://migu.188766.xyz/?migutoken=78817da4975ae831add87bbd69f698b8&id=CCTV7&type=yy, From: subscribe, IPv_Type: ipv6, Location: 美国, ISP: CloudFlare Inc., Date: None, Delay: -1 ms, Speed: 0.00 M/s, Resolution: None
Name: CCTV-7, URL: https://migu.188766.xyz/?migutoken=194f7779fa46f549b74f470a122ea1e4&id=CCTV7&type=yy, From: subscribe, IPv_Type: ipv6, Location: 美国, ISP: CloudFlare Inc., Date: None, Delay: -1 ms, Speed: 0.00 M/s, Resolution: None
Name: CCTV-7, URL: http://38.75.136.137:98/gslb/dsdqbv/cctv7hd.m3u8?auth=test20251009, From: subscribe, IPv_Type: ipv4, Location: 美国-伊利诺伊州-库克, ISP: Cogent, Date: None, Delay: 2261 ms, Speed: 1.73 M/s, Resolution: 1920x1080
Name: CCTV-7, URL: http://23.237.228.134/live5/CCTV7.m3u8, From: subscribe, IPv_Type: ipv4, Location: 北美地区, ISP: , Date: None, Delay: 533 ms, Speed: 1.60 M/s, Resolution: 1920x1080
Name: CCTV-8, URL: http://php.jdshipin.com/TVOD/hljyd.php?id=3221226008, From: subscribe, IPv_Type: ipv6, Location: 美国, ISP: CloudFlare Inc., Date: None, Delay: 0.1 ms, Speed: inf M/s, Resolution: 1920x1080
Name: CCTV-8, URL: http://goo.bkpcp.top/mg/cctv8, From: subscribe, IPv_Type: ipv6, Location: 美国, ISP: CloudFlare Inc., Date: None, Delay: 0.1 ms, Speed: inf M/s, Resolution: 1920x1080
Name: CCTV-8, URL: http://iptv.huuc.edu.cn/hls/cctv8hd.m3u8, From: subscribe, IPv_Type: ipv6, Location: 中国, ISP: 教育网, Date: None, Delay: 0.1 ms, Speed: inf M/s, Resolution: 1920x1080
Name: CCTV-8, URL: https://www.freetv.top/migu/624878356.m3u8?migutoken=170b73b07e0cf0d307afea3545da5b9609d7c15461a2f4ac0f43634101df9baf391a446b91e5f84446b6a3b0934bb4730e2f3c4a32a565f904f22c8ff745a094d45dfd49c54f31b0b78156a080, From: subscribe, IPv_Type: ipv6, Location: 美国-加利福尼亚州-圣克拉拉, ISP: DigitalOcean, Date: None, Delay: 0.1 ms, Speed: inf M/s, Resolution: 1920x1080
Name: CCTV-8, URL: http://[2409:8087:1a01:df::4077]/ottrrs.hl.chinamobile.com/PLTV/88888888/224/3221226008/index.m3u8, From: subscribe, IPv_Type: ipv6, Location: 中国, ISP: 中国移动, Date: None, Delay: -1 ms, Speed: 0.00 M/s, Resolution: None
Name: CCTV-8, URL: http://[2409:8087:1a01:df::4077]:80/ottrrs.hl.chinamobile.com/TVOD/88888888/224/3221226008/index.m3u8, From: subscribe, IPv_Type: ipv6, Location: 中国, ISP: 中国移动, Date: None, Delay: -1 ms, Speed: 0.00 M/s, Resolution: None
Name: CCTV-8, URL: http://[2409:8087:1a01:df::4051]:80/TVOD/88888888/224/3221225795/main.m3u8, From: subscribe, IPv_Type: ipv6, Location: 中国, ISP: 中国移动, Date: None, Delay: 0.1 ms, Speed: inf M/s, Resolution: 1920x1080
Name: CCTV-8, URL: https://smart.pendy.dpdns.org/Smart.php?id=cctv8hd, From: subscribe, IPv_Type: ipv6, Location: 美国, ISP: CloudFlare Inc., Date: None, Delay: 0.1 ms, Speed: inf M/s, Resolution: 1920x1080
Name: CCTV-8, URL: http://[2409:8087:1a01:df::4077]:80/ottrrs.hl.chinamobile.com/PLTV/88888888/224/3221226008/index.m3u8, From: subscribe, IPv_Type: ipv6, Location: 中国, ISP: 中国移动, Date: None, Delay: -1 ms, Speed: 0.00 M/s, Resolution: None
Name: CCTV-8, URL: http://[2409:8087:1a01:df::4077]/ottrrs.hl.chinamobile.com/PLTV/88888888/8/3221226008/index.m3u8, From: subscribe, IPv_Type: ipv6, Location: 中国, ISP: 中国移动, Date: None, Delay: 0.1 ms, Speed: inf M/s, Resolution: 1920x1080
Name: CCTV-8, URL: http://[2409:8087:1a01:df::4077]/ottrrs.hl.chinamobile.com/yinhe/88888888/224/3221226008/index.m3u8, From: subscribe, IPv_Type: ipv6, Location: 中国, ISP: 中国移动, Date: None, Delay: 0.1 ms, Speed: inf M/s, Resolution: 1920x1080
Name: CCTV-8, URL: http://[2409:8087:8:21::18]:6610/otttv.bj.chinamobile.com/PLTV/88888888/224/3221226451/1.m3u8, From: subscribe, IPv_Type: ipv6, Location: 中国, ISP: 中国移动, Date: None, Delay: 0.1 ms, Speed: inf M/s, Resolution: 1920x1080
Name: CCTV-8, URL: http://[2409:8087:1a0a:df::404b]/ottrrs.hl.chinamobile.com/TVOD/88888888/224/3221226008/index.m3u8, From: subscribe, IPv_Type: ipv6, Location: 中国, ISP: 中国移动, Date: None, Delay: 0.1 ms, Speed: inf M/s, Resolution: 1920x1080
Name: CCTV-8, URL: https://www.freetv.top/migu/624878356.m3u8?migutoken=a5eae829671ac326f37a16f65535b257f90b8bda77984094ab1ccd94b6ef5e7ff48889c5a21a84f1150dfd3a6e390047ac48c3f964608c11a0dfcdfadb1d36607b4f2f6fccd07ed9bdbd92a98e, From: subscribe, IPv_Type: ipv6, Location: 美国-加利福尼亚州-圣克拉拉, ISP: DigitalOcean, Date: None, Delay: 0.1 ms, Speed: inf M/s, Resolution: 1920x1080
Name: CCTV-8, URL: https://www.freetv.top/migu/624878356.m3u8?migutoken=c5686b91f24bdb26f27f65d03991e67482244e2e4c81db01625a459eacd6085c8ca21c17dd1cd39379194ef1590bf3afe58308bfbdb911a41c0a5f83ee5f9db1749bb13f66d2a8daed0ddd2c42, From: subscribe, IPv_Type: ipv6, Location: 美国-加利福尼亚州-圣克拉拉, ISP: DigitalOcean, Date: None, Delay: 0.1 ms, Speed: inf M/s, Resolution: 1920x1080
Name: CCTV-8, URL: https://www.freetv.top/migu/624878356.m3u8?migutoken=d8a453dfbb2075ae76b00e5e997036554e9df26cdc7f3a43983394dbf93aac2f27e93d125400f80cfca54fd539ec7ee0d223bc5c7cb1c5ce56bb197e3d2e6900357f6bc8187a161181e7513424, From: subscribe, IPv_Type: ipv6, Location: 美国-加利福尼亚州-圣克拉拉, ISP: DigitalOcean, Date: None, Delay: 0.1 ms, Speed: inf M/s, Resolution: 1920x1080
Name: CCTV-8, URL: http://yc.myds.me:35455/gaoma/cctv8.m3u8, From: subscribe, IPv_Type: ipv6, Location: 中国, ISP: 中国电信, Date: None, Delay: 0.1 ms, Speed: inf M/s, Resolution: 1920x1080
Name: CCTV-8, URL: http://nas.suntao.online:35455/itv/6000000001000001070.m3u8?cdn=wasusyt, From: subscribe, IPv_Type: ipv6, Location: 中国, ISP: 中国联通, Date: None, Delay: 0.1 ms, Speed: inf M/s, Resolution: 1920x1080
Name: CCTV-8, URL: https://www.freetv.top/migu/624878356.m3u8?migutoken=77954cedc9129b5a32fc5051e38d53f2a899c7ac8a3816f202e171a39033d50f1e215095f4684658c35d35acfba5b76b4dfc1a9a6a0ec9fa3c481dee98b5d3f1cb4420d2aa955486a1f38d735e, From: subscribe, IPv_Type: ipv6, Location: 美国-加利福尼亚州-圣克拉拉, ISP: DigitalOcean, Date: None, Delay: 0.1 ms, Speed: inf M/s, Resolution: 1920x1080
Name: CCTV-8, URL: https://www.freetv.top/migu/624878356.m3u8?migutoken=de4dac1e023dc5afe3e7c62341d5d7b0d315543badb4a09eb185cc1939351c71896ff533cde8be64c3fccafb6c55ed0228850a0f274064a2ac892613f1a71f2d5d6895c1dd2552150c4d9f9bc1, From: subscribe, IPv_Type: ipv6, Location: 美国-加利福尼亚州-圣克拉拉, ISP: DigitalOcean, Date: None, Delay: 0.1 ms, Speed: inf M/s, Resolution: 1920x1080
Name: CCTV-8, URL: https://www.freetv.top/migu/624878356.m3u8?migutoken=6711ae6ca5509da380a6a30bd995047b1ae797583ca2dd0083a8d8b8bb2ba6fa3bb6b0bc233433fe5d323af8082c0dd1ac77b23d96c0acf9f2a70a565ee34dd210938f6eb56ca096b8f5d739d8, From: subscribe, IPv_Type: ipv6, Location: 美国-加利福尼亚州-圣克拉拉, ISP: DigitalOcean, Date: None, Delay: 0.1 ms, Speed: inf M/s, Resolution: 1920x1080
Name: CCTV-8, URL: https://www.freetv.top/migu/624878356.m3u8?migutoken=fd27f61c7f7fe2cf7f724a0bb82a08a3e2d5c36e0ed91d4004eb9038918cf4e51f974f3288e5832b1e8b7907de8d1a37f400d9f454f47bb3fd4735c99fd4a541c6eea353c7d6d03cf5ec5b7533, From: subscribe, IPv_Type: ipv6, Location: 美国-加利福尼亚州-圣克拉拉, ISP: DigitalOcean, Date: None, Delay: 0.1 ms, Speed: inf M/s, Resolution: 1920x1080
Name: CCTV-8, URL: https://www.freetv.top/migu/624878356.m3u8?migutoken=0a76cbc0bc4ad3f543ea840f676f97981a6e915839a57cc8d1b693f680273e8fa445b7accee1b44eeaa3d77c9c020cb6582b3e96d0f07aeb2f965b3ed20f968f94a9d3064ca1a4249d3e9911c9, From: subscribe, IPv_Type: ipv6, Location: 美国-加利福尼亚州-圣克拉拉, ISP: DigitalOcean, Date: None, Delay: 0.1 ms, Speed: inf M/s, Resolution: 1920x1080
Name: CCTV-8, URL: http://iptv.cdn.ha.chinamobile.com/PLTV/88888888/224/3221227327/index.m3u8, From: subscribe, IPv_Type: ipv6, Location: 中国, ISP: 中国移动, Date: None, Delay: 0.1 ms, Speed: inf M/s, Resolution: 1920x1080
Name: CCTV-8, URL: https://stream1.freetv.fun/d98b30c22ad09aa1358e0941e40eafbdf1e9cd179ee8b31a53f5a22ef1bf688b.m3u8, From: subscribe, IPv_Type: ipv6, Location: 美国, ISP: CloudFlare Inc., Date: None, Delay: 0.1 ms, Speed: inf M/s, Resolution: 1920x1080
Name: CCTV-8, URL: https://stream1.freetv.fun/ae4670e4adf468468cf9116e204824e2c0963be9e2f3add26d7ba7f6861f6d44.m3u8, From: subscribe, IPv_Type: ipv6, Location: 美国, ISP: CloudFlare Inc., Date: None, Delay: 0.1 ms, Speed: inf M/s, Resolution: 1920x1080
Name: CCTV-8, URL: https://stream1.freetv.fun/1f59b75f4959b505bb081a3ce8ae81372431e7ebccf9d9139416d0148e0ad0cc.m3u8, From: subscribe, IPv_Type: ipv6, Location: 美国, ISP: CloudFlare Inc., Date: None, Delay: 0.1 ms, Speed: inf M/s, Resolution: 1920x1080
Name: CCTV-8, URL: https://stream1.freetv.fun/506f21d0ee54b97e7b0b5f8cbf7acc6acec204419051187b7828eed7b6292413.m3u8, From: subscribe, IPv_Type: ipv6, Location: 美国, ISP: CloudFlare Inc., Date: None, Delay: 0.1 ms, Speed: inf M/s, Resolution: 1920x1080
Name: CCTV-8, URL: https://stream1.freetv.fun/16ce7a79d2fb02653cbbd81553872390bc8910f5054969356170ae99c2f175fe.m3u8, From: subscribe, IPv_Type: ipv6, Location: 美国, ISP: CloudFlare Inc., Date: None, Delay: 0.1 ms, Speed: inf M/s, Resolution: 1920x1080
Name: CCTV-8, URL: https://stream1.freetv.fun/f93e3ef4f01e4696e90224ac98d6232c9b3e307da4eeb4309082d7df89c83049.m3u8, From: subscribe, IPv_Type: ipv6, Location: 美国, ISP: CloudFlare Inc., Date: None, Delay: 0.1 ms, Speed: inf M/s, Resolution: 1920x1080
Name: CCTV-8, URL: https://stream1.freetv.fun/96025f688cebcac076046c17e3b90961642503d33a7d153d69b4055f1247aed7.m3u8, From: subscribe, IPv_Type: ipv6, Location: 美国, ISP: CloudFlare Inc., Date: None, Delay: 0.1 ms, Speed: inf M/s, Resolution: 1920x1080
Name: CCTV-8, URL: https://stream1.freetv.fun/a6da9f1926138950681f95e748614ac225dd23892fe4e4682514cb4d8d8cda0c.m3u8, From: subscribe, IPv_Type: ipv6, Location: 美国, ISP: CloudFlare Inc., Date: None, Delay: 0.1 ms, Speed: inf M/s, Resolution: 1920x1080
Name: CCTV-8, URL: https://stream1.freetv.fun/fe2385c77e93431d17fc9b53171c4c33b8a775d11fcc722eb3de7d43f8a28395.m3u8, From: subscribe, IPv_Type: ipv6, Location: 美国, ISP: CloudFlare Inc., Date: None, Delay: 0.1 ms, Speed: inf M/s, Resolution: 1920x1080
Name: CCTV-8, URL: https://stream1.freetv.fun/faf030243a912e714a0b0721afdab9803c61ab72a436edf75ac88606a651a156.m3u8, From: subscribe, IPv_Type: ipv6, Location: 美国, ISP: CloudFlare Inc., Date: None, Delay: 0.1 ms, Speed: inf M/s, Resolution: 1920x1080
Name: CCTV-8, URL: https://stream1.freetv.fun/60ff50ba97c33e8a350f382aa200a9e262ee9dc03c3e483413b1a1fbb1808a18.m3u8, From: subscribe, IPv_Type: ipv6, Location: 美国, ISP: CloudFlare Inc., Date: None, Delay: 0.1 ms, Speed: inf M/s, Resolution: 1920x1080
Name: CCTV-8, URL: http://hwrr.jx.chinamobile.com:8080/PLTV/88888888/224/3221225631/index.m3u8, From: subscribe, IPv_Type: ipv6, Location: 中国, ISP: 中国移动, Date: None, Delay: 0.1 ms, Speed: inf M/s, Resolution: 1920x1080
Name: CCTV-8, URL: http://hwrr.jx.chinamobile.com:8080/PLTV/88888888/224/3221225635/index.m3u8, From: subscribe, IPv_Type: ipv6, Location: 中国, ISP: 中国移动, Date: None, Delay: 0.1 ms, Speed: inf M/s, Resolution: 1920x1080
Name: CCTV-8, URL: http://lu.wqwqwq.sbs/itv/1000000005000265008.m3u8?cdn=ystenlive, From: subscribe, IPv_Type: ipv6, Location: 美国, ISP: CloudFlare Inc., Date: None, Delay: 0.1 ms, Speed: inf M/s, Resolution: 1920x1080
Name: CCTV-8, URL: http://dbiptv.sn.chinamobile.com/PLTV/88888890/224/3221226391/index.m3u8, From: subscribe, IPv_Type: ipv6, Location: 中国, ISP: 中国移动, Date: None, Delay: 0.1 ms, Speed: inf M/s, Resolution: 1920x1080
Name: CCTV-8, URL: https://stream1.freetv.fun/1f298be1b8f964d2f0f401dd00fe8a2a6d9e6c74900ff8486a3a7115907f4426.m3u8, From: subscribe, IPv_Type: ipv6, Location: 美国, ISP: CloudFlare Inc., Date: None, Delay: 0.1 ms, Speed: inf M/s, Resolution: 1920x1080
Name: CCTV-8, URL: https://stream1.freetv.fun/0a41a74a908f871b3e73f9381b831e6bdf23a89efb600e3c5d4532c0a8e7f6e8.m3u8, From: subscribe, IPv_Type: ipv6, Location: 美国, ISP: CloudFlare Inc., Date: None, Delay: 0.1 ms, Speed: inf M/s, Resolution: 1920x1080
Name: CCTV-8, URL: https://www.freetv.top/migu/624878356.m3u8?migutoken=6dccb38c956e0bb4edee41c25621f99cedfb18e4ce661f2543a392a7a50d305d1f4764210e01011a2b0cc1d14cf85264aae641856c2e6c7b6414088973a624170f2087daecc28e8944035c7490, From: subscribe, IPv_Type: ipv6, Location: 美国-加利福尼亚州-圣克拉拉, ISP: DigitalOcean, Date: None, Delay: 0.1 ms, Speed: inf M/s, Resolution: 1920x1080
Name: CCTV-8, URL: http://www.freetv.top/migu/624878356.m3u8?migutoken=e6e1b0f11b3900539ca13088ccf9da6d0a771d58a295315011db1676c607e4bfd4d2ecf8b5f89e888d98843c67f6657703a3192a098894da656341d37aaa2d4abf591b1a09d80e6fff894dd29d, From: subscribe, IPv_Type: ipv6, Location: 美国-加利福尼亚州-圣克拉拉, ISP: DigitalOcean, Date: None, Delay: 0.1 ms, Speed: inf M/s, Resolution: 1920x1080
Name: CCTV-8, URL: http://zteres.sn.chinamobile.com:6060/000000001000/5000000004000008888/1.m3u8?channel-id=bestzb&Contentid=5000000004000008888&livemode=1&stbId=3, From: subscribe, IPv_Type: ipv6, Location: 中国, ISP: 中国移动, Date: None, Delay: 0.1 ms, Speed: inf M/s, Resolution: 1920x1080
Name: CCTV-8, URL: http://zteres.sn.chinamobile.com:6060/000000001000/5000000010000018377/1.m3u8?channel-id=bestzb&Contentid=5000000010000018377&livemode=1&stbId=3, From: subscribe, IPv_Type: ipv6, Location: 中国, ISP: 中国移动, Date: None, Delay: 0.1 ms, Speed: inf M/s, Resolution: 1920x1080
Name: CCTV-8, URL: http://[2409:8087:4c0a:22:1::11]:6410/170000001115/UmaiCHAN638728970aa82/index.m3u8?AuthInfo=9kOOdBn7MFF%2F2bWjKgahUdDh4EPdDnvGlSBkYaxFdaymid9ta2tVUW0%2FdVrFqszC1EVEkAbpip1IYxn%2Ba2aA%2BVAihIiw9D8ejUsDbfU0K68, From: subscribe, IPv_Type: ipv6, Location: 中国, ISP: 中国移动, Date: None, Delay: 0.1 ms, Speed: inf M/s, Resolution: 1920x1080
Name: CCTV-8, URL: http://[2409:8087:5e00:24::1f]:6060/ZTE_CMS/00000001000000060000000000000371/index.m3u8, From: subscribe, IPv_Type: ipv6, Location: 中国, ISP: 中国移动, Date: None, Delay: 0.1 ms, Speed: inf M/s, Resolution: 1920x1080
Name: CCTV-8, URL: http://[2409:8087:74f0:22::9]:6410/270000001111/1110000309/index.m3u8, From: subscribe, IPv_Type: ipv6, Location: 中国, ISP: 中国移动, Date: None, Delay: 0.1 ms, Speed: inf M/s, Resolution: 1920x1080
Name: CCTV-8, URL: http://[2409:8087:1a01:df::7005]/ottrrs.hl.chinamobile.com/PLTV/88888888/224/3221226008/index.m3u8, From: subscribe, IPv_Type: ipv6, Location: 中国, ISP: 中国移动, Date: None, Delay: 0.1 ms, Speed: inf M/s, Resolution: 1920x1080
Name: CCTV-8, URL: http://[2409:8087:3869:8021:1001::e5]:6610/PLTV/88888910/224/3221225631/index.m3u8, From: subscribe, IPv_Type: ipv6, Location: 中国, ISP: 中国移动, Date: None, Delay: 0.1 ms, Speed: inf M/s, Resolution: 1920x1080
Name: CCTV-8, URL: http://[2409:8087:8:21::18]:6610/otttv.bj.chinamobile.com/PLTV/88888888/224/3221226485/1.m3u8, From: subscribe, IPv_Type: ipv6, Location: 中国, ISP: 中国移动, Date: None, Delay: -1 ms, Speed: 0.00 M/s, Resolution: None
Name: CCTV-8, URL: http://rrs01.hw.gmcc.net:8088/PLTV/81/224/3221226715/1.m3u8, From: subscribe, IPv_Type: ipv6, Location: 中国, ISP: 中国移动, Date: None, Delay: -1 ms, Speed: 0.00 M/s, Resolution: None
Name: CCTV-8, URL: https://hls-gateway.vpstv.net/streams/476892.m3u8, From: subscribe, IPv_Type: ipv6, Location: 美国, ISP: CloudFlare Inc., Date: None, Delay: -1 ms, Speed: 0.00 M/s, Resolution: None
Name: CCTV-8, URL: http://k.061899.xyz/m.php?id=cctv8, From: subscribe, IPv_Type: ipv6, Location: 新加坡, ISP: Aceville Pte.Ltd., Date: None, Delay: -1 ms, Speed: 0.00 M/s, Resolution: None
Name: CCTV-8, URL: http://[2409:8087:1a15:10d1::38]/ottrrs.hl.chinamobile.com/PLTV/88888888/224/3221226008/index.m3u8, From: subscribe, IPv_Type: ipv6, Location: 中国, ISP: 中国移动, Date: None, Delay: -1 ms, Speed: 0.00 M/s, Resolution: None
Name: CCTV-8, URL: http://[2409:8087:1a15:10d1::37]/ottrrs.hl.chinamobile.com/PLTV/88888888/224/3221226008/index.m3u8, From: subscribe, IPv_Type: ipv6, Location: 中国, ISP: 中国移动, Date: None, Delay: -1 ms, Speed: 0.00 M/s, Resolution: None
Name: CCTV-8, URL: http://[2409:8087:5e00:24::1e]:6060/200000001898/460000089800010216/1.m3u8, From: subscribe, IPv_Type: ipv6, Location: 中国, ISP: 中国移动, Date: None, Delay: -1 ms, Speed: 0.00 M/s, Resolution: None
Name: CCTV-8, URL: http://[2409:8087:5e08:25::16]:6610/200000001898/460000089800010216/1.m3u8, From: subscribe, IPv_Type: ipv6, Location: 中国, ISP: 中国移动, Date: None, Delay: -1 ms, Speed: 0.00 M/s, Resolution: None
Name: CCTV-8, URL: https://migu.188766.xyz/?migutoken=3f6ec7a1794ffabc1f3517165a929346&id=CCTV8&pp=1, From: subscribe, IPv_Type: ipv6, Location: 美国, ISP: CloudFlare Inc., Date: None, Delay: -1 ms, Speed: 0.00 M/s, Resolution: None
Name: CCTV-8, URL: https://cc06.tv12.xyz/9.m3u8, From: subscribe, IPv_Type: ipv6, Location: 美国, ISP: CloudFlare Inc., Date: None, Delay: -1 ms, Speed: 0.00 M/s, Resolution: None
Name: CCTV-8, URL: http://gslbmgsplive.miguvideo.com/wd_r2/2018/ocn/cctv8hd/2000/index.m3u8?msisdn=20250919080130953e73f6ba1642638994e65ca748052d&mdspid=&spid=699004&netType=0&sid=5500212868&pid=2028597139&timestamp=20250919080130&Channel_ID=0116_2600000900-99000-201600010010027&ProgramID=624878356&ParentNodeID=-99&assertID=5500212868&client_ip=106.13.250.88&SecurityKey=20250919080130&promotionId=&mvid=5100001695&mcid=500020&playurlVersion=WX-A1-8.9.1-RELEASE&userid=&jmhm=&videocodec=h264&bean=mgspad&tid=android&conFee=0&puData=fc36121ddb3b4f1219316ea39fcd6e42&ddCalcu=2f4cee31664d10c2f19d3dabe36b143f9112, From: subscribe, IPv_Type: ipv6, Location: 中国, ISP: 中国移动, Date: None, Delay: -1 ms, Speed: 0.00 M/s, Resolution: None
Name: CCTV-8, URL: https://jzb.wwkejishe.top/?id=586, From: subscribe, IPv_Type: ipv6, Location: 美国, ISP: CloudFlare Inc., Date: None, Delay: -1 ms, Speed: 0.00 M/s, Resolution: None
Name: CCTV-8, URL: https://migu.188766.xyz/?migutoken=9a96555399712a9a1836229ef922bc76&id=CCTV8&type=yy, From: subscribe, IPv_Type: ipv6, Location: 美国, ISP: CloudFlare Inc., Date: None, Delay: -1 ms, Speed: 0.00 M/s, Resolution: None
Name: CCTV-8, URL: https://live.chinacert.cftest5.cn/mg/?id=624878356, From: subscribe, IPv_Type: ipv6, Location: 中国, ISP: 中国移动, Date: None, Delay: -1 ms, Speed: 0.00 M/s, Resolution: None
Name: CCTV-8, URL: https://migu.188766.xyz/?migutoken=225dd964dbcb9b044b67c4d638637df2&id=CCTV8&type=yy, From: subscribe, IPv_Type: ipv6, Location: 美国, ISP: CloudFlare Inc., Date: None, Delay: -1 ms, Speed: 0.00 M/s, Resolution: None
Name: CCTV-8, URL: https://iptv.catvod.com/live.php?id=CCTV-8%20%E7%94%B5%E8%A7%86%E5%89%A7, From: subscribe, IPv_Type: ipv6, Location: 美国, ISP: CloudFlare Inc., Date: None, Delay: -1 ms, Speed: 0.00 M/s, Resolution: None
Name: CCTV-8, URL: http://[2409:8087:8:21::18]:6610/otttv.bj.chinamobile.com/PLTV/88888888/224/3221226485/1.m3u8?, From: subscribe, IPv_Type: ipv6, Location: 中国, ISP: 中国移动, Date: None, Delay: -1 ms, Speed: 0.00 M/s, Resolution: None
Name: CCTV-8, URL: https://migu.188766.xyz/?migutoken=09e9dead5985aa614a2d4918708ddd41&id=CCTV8&type=yy, From: subscribe, IPv_Type: ipv6, Location: 美国, ISP: CloudFlare Inc., Date: None, Delay: -1 ms, Speed: 0.00 M/s, Resolution: None
Name: CCTV-8, URL: https://migu.188766.xyz/?migutoken=c3747b9243041da9a20ea15d782ed758&id=CCTV8&type=yy, From: subscribe, IPv_Type: ipv6, Location: 美国, ISP: CloudFlare Inc., Date: None, Delay: -1 ms, Speed: 0.00 M/s, Resolution: None
Name: CCTV-8, URL: https://migu.188766.xyz/?migutoken=6b6185111e111ed561033b671dd11c40&id=CCTV8&type=yy, From: subscribe, IPv_Type: ipv6, Location: 美国, ISP: CloudFlare Inc., Date: None, Delay: -1 ms, Speed: 0.00 M/s, Resolution: None
Name: CCTV-8, URL: https://migu.188766.xyz/?migutoken=c119e2e488ada73d4d772066e99f482f&id=CCTV8&type=yy, From: subscribe, IPv_Type: ipv6, Location: 美国, ISP: CloudFlare Inc., Date: None, Delay: -1 ms, Speed: 0.00 M/s, Resolution: None
Name: CCTV-8, URL: https://migu.188766.xyz/?migutoken=fc4756041bc93c10598fb14ab1a0082b&id=CCTV8&type=yy, From: subscribe, IPv_Type: ipv6, Location: 美国, ISP: CloudFlare Inc., Date: None, Delay: -1 ms, Speed: 0.00 M/s, Resolution: None
Name: CCTV-8, URL: https://migu.188766.xyz/?migutoken=ea18f3a062293511cfdfb801ef86cc04&id=CCTV8&type=yy, From: subscribe, IPv_Type: ipv6, Location: 美国, ISP: CloudFlare Inc., Date: None, Delay: -1 ms, Speed: 0.00 M/s, Resolution: None
Name: CCTV-8, URL: https://iptv.catvod.com/live.php?id=CCTV8, From: subscribe, IPv_Type: ipv6, Location: 美国, ISP: CloudFlare Inc., Date: None, Delay: -1 ms, Speed: 0.00 M/s, Resolution: None
Name: CCTV-8, URL: https://migu.188766.xyz/?migutoken=24f973505e3658cdcf389517dbdd6226&id=CCTV8&type=yy, From: subscribe, IPv_Type: ipv6, Location: 美国, ISP: CloudFlare Inc., Date: None, Delay: -1 ms, Speed: 0.00 M/s, Resolution: None
Name: CCTV-8, URL: https://migu.188766.xyz/?migutoken=7c52f94e601bda9dc2d0b03a7166bb21&id=CCTV8&type=yy, From: subscribe, IPv_Type: ipv6, Location: 美国, ISP: CloudFlare Inc., Date: None, Delay: -1 ms, Speed: 0.00 M/s, Resolution: None
Name: CCTV-8, URL: https://iptv.catvod.com/live.php?id=CCTV-8, From: subscribe, IPv_Type: ipv6, Location: 美国, ISP: CloudFlare Inc., Date: None, Delay: -1 ms, Speed: 0.00 M/s, Resolution: None
Name: CCTV-8, URL: https://migu.188766.xyz/?migutoken=9c50cd3d619ecf1a91793efada51acd0&id=CCTV8&type=yy, From: subscribe, IPv_Type: ipv6, Location: 美国, ISP: CloudFlare Inc., Date: None, Delay: -1 ms, Speed: 0.00 M/s, Resolution: None
Name: CCTV-8, URL: https://migu.188766.xyz/?migutoken=fabe59c37e63cf54c5fd896ec144888f&id=CCTV8&type=yy, From: subscribe, IPv_Type: ipv6, Location: 美国, ISP: CloudFlare Inc., Date: None, Delay: -1 ms, Speed: 0.00 M/s, Resolution: None
Name: CCTV-8, URL: https://migu.188766.xyz/?migutoken=42252660494aa1fba97539622d3592b0&id=CCTV8&type=yy, From: subscribe, IPv_Type: ipv6, Location: 美国, ISP: CloudFlare Inc., Date: None, Delay: -1 ms, Speed: 0.00 M/s, Resolution: None
Name: CCTV-8, URL: https://migu.188766.xyz/?migutoken=9e173198fc3c495c42daaebaa86ccc6e&id=CCTV8&type=yy, From: subscribe, IPv_Type: ipv6, Location: 美国, ISP: CloudFlare Inc., Date: None, Delay: -1 ms, Speed: 0.00 M/s, Resolution: None
Name: CCTV-8, URL: http://gslbmgsplive.miguvideo.com/wd_r2/2018/ocn/cctv8hd/1000/index.m3u8?msisdn=20251212080213f921f6ded56f45a08f58b6d6032c8569&mdspid=&spid=699004&netType=0&sid=5500212868&pid=2028597139&timestamp=20251212080213&Channel_ID=0116_2600037000-99000-200300220100002&ProgramID=624878356&ParentNodeID=-99&assertID=5500212868&client_ip=218.28.233.106&SecurityKey=20251212080213&promotionId=&mvid=5100001695&mcid=500020&playurlVersion=ZQ-A1-8.12.1-RELEASE&userid=&jmhm=&videocodec=h264&appCode=miguvideo_android&bean=mgspad&tid=android&conFee=0&puData=79fb177aee1f4b438adce44a4527f073&ddCalcu=3779v0fafbb71a27574aae4e41efc4dba483&sv=10004&ct=android, From: subscribe, IPv_Type: ipv6, Location: 中国, ISP: 中国移动, Date: None, Delay: -1 ms, Speed: 0.00 M/s, Resolution: None
Name: CCTV-8, URL: https://migu.188766.xyz/?migutoken=20dfb981b7f247ddbe0061b4bffcd425&id=CCTV8&type=yy, From: subscribe, IPv_Type: ipv6, Location: 美国, ISP: CloudFlare Inc., Date: None, Delay: -1 ms, Speed: 0.00 M/s, Resolution: None
Name: CCTV-8, URL: https://migu.188766.xyz/?migutoken=613237925c5758abef5bfbeae4811d97&id=CCTV8&type=yy, From: subscribe, IPv_Type: ipv6, Location: 美国, ISP: CloudFlare Inc., Date: None, Delay: -1 ms, Speed: 0.00 M/s, Resolution: None
Name: CCTV-8, URL: https://migu.188766.xyz/?migutoken=75ff70c08662b6b3dc0421954725f11a&id=CCTV8&type=yy, From: subscribe, IPv_Type: ipv6, Location: 美国, ISP: CloudFlare Inc., Date: None, Delay: -1 ms, Speed: 0.00 M/s, Resolution: None
Name: CCTV-8, URL: https://migu.188766.xyz/?migutoken=067ddb3649768fa6388f16032b11b722&id=CCTV8&type=yy, From: subscribe, IPv_Type: ipv6, Location: 美国, ISP: CloudFlare Inc., Date: None, Delay: -1 ms, Speed: 0.00 M/s, Resolution: None
Name: CCTV-8, URL: https://migu.188766.xyz/?migutoken=6a886541829f8c636265730b0974f503&id=CCTV8&type=yy, From: subscribe, IPv_Type: ipv6, Location: 美国, ISP: CloudFlare Inc., Date: None, Delay: -1 ms, Speed: 0.00 M/s, Resolution: None
Name: CCTV-8, URL: https://migu.188766.xyz/?migutoken=d4c237933a94c070a312e045f7b98bb4&id=CCTV8&type=yy, From: subscribe, IPv_Type: ipv6, Location: 美国, ISP: CloudFlare Inc., Date: None, Delay: -1 ms, Speed: 0.00 M/s, Resolution: None
Name: CCTV-8, URL: https://migu.188766.xyz/?migutoken=e75b7bb0ebe7a689f39b1930d53e3207&id=CCTV8&type=yy, From: subscribe, IPv_Type: ipv6, Location: 美国, ISP: CloudFlare Inc., Date: None, Delay: -1 ms, Speed: 0.00 M/s, Resolution: None
Name: CCTV-8, URL: https://migu.188766.xyz/?migutoken=dd2ac7d04e9812db161684acc523578d&id=CCTV8&type=yy, From: subscribe, IPv_Type: ipv6, Location: 美国, ISP: CloudFlare Inc., Date: None, Delay: -1 ms, Speed: 0.00 M/s, Resolution: None
Name: CCTV-8, URL: https://migu.188766.xyz/?migutoken=89acc6bd464b995c330ea78a8852c195&id=CCTV8&type=yy, From: subscribe, IPv_Type: ipv6, Location: 美国, ISP: CloudFlare Inc., Date: None, Delay: -1 ms, Speed: 0.00 M/s, Resolution: None
Name: CCTV-8, URL: https://migu.188766.xyz/?migutoken=359112c19ddd2ebf7790952e61a93412&id=CCTV8&type=yy, From: subscribe, IPv_Type: ipv6, Location: 美国, ISP: CloudFlare Inc., Date: None, Delay: -1 ms, Speed: 0.00 M/s, Resolution: None
Name: CCTV-8, URL: https://migu.188766.xyz/?migutoken=9c0554bd3b86b9b489bb64f825b10165&id=CCTV8&type=yy, From: subscribe, IPv_Type: ipv6, Location: 美国, ISP: CloudFlare Inc., Date: None, Delay: -1 ms, Speed: 0.00 M/s, Resolution: None
Name: CCTV-8, URL: https://migu.188766.xyz/?migutoken=60108dcdf3fa980a4e5439a68e1ee35c&id=CCTV8&type=yy, From: subscribe, IPv_Type: ipv6, Location: 美国, ISP: CloudFlare Inc., Date: None, Delay: -1 ms, Speed: 0.00 M/s, Resolution: None
Name: CCTV-8, URL: https://migu.188766.xyz/?migutoken=e2f6c7dc115b792174595823b2e7a7f1&id=CCTV8&type=yy, From: subscribe, IPv_Type: ipv6, Location: 美国, ISP: CloudFlare Inc., Date: None, Delay: -1 ms, Speed: 0.00 M/s, Resolution: None
Name: CCTV-8, URL: https://migu.188766.xyz/?migutoken=924bd4d20a89eae22fb75fa1f12c8b4d&id=CCTV8&type=yy, From: subscribe, IPv_Type: ipv6, Location: 美国, ISP: CloudFlare Inc., Date: None, Delay: -1 ms, Speed: 0.00 M/s, Resolution: None
Name: CCTV-8, URL: https://migu.188766.xyz/?migutoken=8be830e6c1bd316a81ac34c888809100&id=CCTV8&type=yy, From: subscribe, IPv_Type: ipv6, Location: 美国, ISP: CloudFlare Inc., Date: None, Delay: -1 ms, Speed: 0.00 M/s, Resolution: None
Name: CCTV-8, URL: https://migu.188766.xyz/?migutoken=0022a436a8db5d10dc9c4e1faa87ab8d&id=CCTV8&type=yy, From: subscribe, IPv_Type: ipv6, Location: 美国, ISP: CloudFlare Inc., Date: None, Delay: -1 ms, Speed: 0.00 M/s, Resolution: None
Name: CCTV-8, URL: https://migu.188766.xyz/?migutoken=152c01109040c30ae90c98217f187466&id=CCTV8&type=yy, From: subscribe, IPv_Type: ipv6, Location: 美国, ISP: CloudFlare Inc., Date: None, Delay: -1 ms, Speed: 0.00 M/s, Resolution: None
Name: CCTV-8, URL: https://migu.188766.xyz/?migutoken=8c219eb083d559854524d795a9b52389&id=CCTV8&type=yy, From: subscribe, IPv_Type: ipv6, Location: 美国, ISP: CloudFlare Inc., Date: None, Delay: -1 ms, Speed: 0.00 M/s, Resolution: None
Name: CCTV-8, URL: https://migu.188766.xyz/?migutoken=d3b89dce0593cb520244ce119372eb19&id=CCTV8&type=yy, From: subscribe, IPv_Type: ipv6, Location: 美国, ISP: CloudFlare Inc., Date: None, Delay: -1 ms, Speed: 0.00 M/s, Resolution: None
Name: CCTV-8, URL: https://migu.188766.xyz/?migutoken=7e17ee0fcd4b7be7adec33f3bf50188e&id=CCTV8&type=yy, From: subscribe, IPv_Type: ipv6, Location: 美国, ISP: CloudFlare Inc., Date: None, Delay: -1 ms, Speed: 0.00 M/s, Resolution: None
Name: CCTV-8, URL: https://migu.188766.xyz/?migutoken=8d5b8568f37e4b15e7a204e49f3793a2&id=CCTV8&type=yy, From: subscribe, IPv_Type: ipv6, Location: 美国, ISP: CloudFlare Inc., Date: None, Delay: -1 ms, Speed: 0.00 M/s, Resolution: None
Name: CCTV-8, URL: https://migu.188766.xyz/?migutoken=2133bcc8e587d74c5dd986c4c50b754d&id=CCTV8&type=yy, From: subscribe, IPv_Type: ipv6, Location: 美国, ISP: CloudFlare Inc., Date: None, Delay: -1 ms, Speed: 0.00 M/s, Resolution: None
Name: CCTV-8, URL: https://migu.188766.xyz/?migutoken=1d68f4d30e8be12239a3666578543a83&id=CCTV8&type=yy, From: subscribe, IPv_Type: ipv6, Location: 美国, ISP: CloudFlare Inc., Date: None, Delay: -1 ms, Speed: 0.00 M/s, Resolution: None
Name: CCTV-8, URL: https://migu.188766.xyz/?migutoken=21d2aa8f102e657595bc735ec83cb9b4&id=CCTV8&type=yy, From: subscribe, IPv_Type: ipv6, Location: 美国, ISP: CloudFlare Inc., Date: None, Delay: -1 ms, Speed: 0.00 M/s, Resolution: None
Name: CCTV-8, URL: https://migu.188766.xyz/?migutoken=f764b3e9974b7630b20e85271d93c9c9&id=CCTV8&type=yy, From: subscribe, IPv_Type: ipv6, Location: 美国, ISP: CloudFlare Inc., Date: None, Delay: -1 ms, Speed: 0.00 M/s, Resolution: None
Name: CCTV-8, URL: https://migu.188766.xyz/?migutoken=c899203e36e5a278cf9ae7e18260b762&id=CCTV8&type=yy, From: subscribe, IPv_Type: ipv6, Location: 美国, ISP: CloudFlare Inc., Date: None, Delay: -1 ms, Speed: 0.00 M/s, Resolution: None
Name: CCTV-8, URL: https://migu.188766.xyz/?migutoken=1a9f09eb2cf8f14848238c9dd9264cd8&id=CCTV8&type=yy, From: subscribe, IPv_Type: ipv6, Location: 美国, ISP: CloudFlare Inc., Date: None, Delay: -1 ms, Speed: 0.00 M/s, Resolution: None
Name: CCTV-8, URL: https://migu.188766.xyz/?migutoken=a9ef6a5ecaebc2df15ec27f1be358dfc&id=CCTV8&type=yy, From: subscribe, IPv_Type: ipv6, Location: 美国, ISP: CloudFlare Inc., Date: None, Delay: -1 ms, Speed: 0.00 M/s, Resolution: None
Name: CCTV-8, URL: https://migu.188766.xyz/?migutoken=cc8feed3bc93c7ec6b3a7ac51688be01&id=CCTV8&type=yy, From: subscribe, IPv_Type: ipv6, Location: 美国, ISP: CloudFlare Inc., Date: None, Delay: -1 ms, Speed: 0.00 M/s, Resolution: None
Name: CCTV-8, URL: https://migu.188766.xyz/?migutoken=9ed28327707ac34f241450b03894a149&id=CCTV8&type=yy, From: subscribe, IPv_Type: ipv6, Location: 美国, ISP: CloudFlare Inc., Date: None, Delay: -1 ms, Speed: 0.00 M/s, Resolution: None
Name: CCTV-8, URL: https://migu.188766.xyz/?migutoken=2057c35c462008a95740dffedfc36c99&id=CCTV8&type=yy, From: subscribe, IPv_Type: ipv6, Location: 美国, ISP: CloudFlare Inc., Date: None, Delay: -1 ms, Speed: 0.00 M/s, Resolution: None
Name: CCTV-8, URL: https://migu.188766.xyz/?migutoken=0541904d0a6e020e2bc7d15428101a91&id=CCTV8&type=yy, From: subscribe, IPv_Type: ipv6, Location: 美国, ISP: CloudFlare Inc., Date: None, Delay: -1 ms, Speed: 0.00 M/s, Resolution: None
Name: CCTV-8, URL: https://migu.188766.xyz/?migutoken=3b137cffc353142c6d7f1a00bb407eb7&id=CCTV8&type=yy, From: subscribe, IPv_Type: ipv6, Location: 美国, ISP: CloudFlare Inc., Date: None, Delay: -1 ms, Speed: 0.00 M/s, Resolution: None
Name: CCTV-8, URL: https://migu.188766.xyz/?migutoken=d83d77c2c49da3dd2b8c5133992d6c9a&id=CCTV8&type=yy, From: subscribe, IPv_Type: ipv6, Location: 美国, ISP: CloudFlare Inc., Date: None, Delay: -1 ms, Speed: 0.00 M/s, Resolution: None
Name: CCTV-8, URL: https://migu.188766.xyz/?migutoken=a7d5ea3b288718cb618a68348b4e9c45&id=CCTV8&type=yy, From: subscribe, IPv_Type: ipv6, Location: 美国, ISP: CloudFlare Inc., Date: None, Delay: -1 ms, Speed: 0.00 M/s, Resolution: None
Name: CCTV-8, URL: https://migu.188766.xyz/?migutoken=a4c1bfeebcb01cc7eda1b17d8394527e&id=CCTV8&type=yy, From: subscribe, IPv_Type: ipv6, Location: 美国, ISP: CloudFlare Inc., Date: None, Delay: -1 ms, Speed: 0.00 M/s, Resolution: None
Name: CCTV-8, URL: https://migu.188766.xyz/?migutoken=36636e7bd73de5a2558c71a99e757066&id=CCTV8&type=yy, From: subscribe, IPv_Type: ipv6, Location: 美国, ISP: CloudFlare Inc., Date: None, Delay: -1 ms, Speed: 0.00 M/s, Resolution: None
Name: CCTV-8, URL: https://migu.188766.xyz/?migutoken=44fc07d6a00f7452069a4c3261963728&id=CCTV8&type=yy, From: subscribe, IPv_Type: ipv6, Location: 美国, ISP: CloudFlare Inc., Date: None, Delay: -1 ms, Speed: 0.00 M/s, Resolution: None
Name: CCTV-8, URL: https://migu.188766.xyz/?migutoken=58463633e1a5753c0628b5244eadf13f&id=CCTV8&type=yy, From: subscribe, IPv_Type: ipv6, Location: 美国, ISP: CloudFlare Inc., Date: None, Delay: -1 ms, Speed: 0.00 M/s, Resolution: None
Name: CCTV-8, URL: https://migu.188766.xyz/?migutoken=52b8d9d7897edd13e20d8a7fdaa59c0b&id=CCTV8&type=yy, From: subscribe, IPv_Type: ipv6, Location: 美国, ISP: CloudFlare Inc., Date: None, Delay: -1 ms, Speed: 0.00 M/s, Resolution: None
Name: CCTV-8, URL: https://migu.188766.xyz/?migutoken=7c1e29c197800da107cfb572a68e2e56&id=CCTV8&type=yy, From: subscribe, IPv_Type: ipv6, Location: 美国, ISP: CloudFlare Inc., Date: None, Delay: -1 ms, Speed: 0.00 M/s, Resolution: None
Name: CCTV-8, URL: https://migu.188766.xyz/?migutoken=ce74e8b074a1fdf4693c4d2e7a568453&id=CCTV8&type=yy, From: subscribe, IPv_Type: ipv6, Location: 美国, ISP: CloudFlare Inc., Date: None, Delay: -1 ms, Speed: 0.00 M/s, Resolution: None
Name: CCTV-8, URL: https://migu.188766.xyz/?migutoken=a44ffd03e65e7798029f44d9835ca73f&id=CCTV8&type=yy, From: subscribe, IPv_Type: ipv6, Location: 美国, ISP: CloudFlare Inc., Date: None, Delay: -1 ms, Speed: 0.00 M/s, Resolution: None
Name: CCTV-8, URL: https://migu.188766.xyz/?migutoken=cc5685bf647924dc2a5871eb658a55c2&id=CCTV8&type=yy, From: subscribe, IPv_Type: ipv6, Location: 美国, ISP: CloudFlare Inc., Date: None, Delay: -1 ms, Speed: 0.00 M/s, Resolution: None
Name: CCTV-8, URL: https://migu.188766.xyz/?migutoken=1e476cd94f78273fa5b5586f0f227ec4&id=CCTV8&type=yy, From: subscribe, IPv_Type: ipv6, Location: 美国, ISP: CloudFlare Inc., Date: None, Delay: -1 ms, Speed: 0.00 M/s, Resolution: None
Name: CCTV-8, URL: https://migu.188766.xyz/?migutoken=8c42a3d4d716ed0023d562a96a19dd3b&id=CCTV8&type=yy, From: subscribe, IPv_Type: ipv6, Location: 美国, ISP: CloudFlare Inc., Date: None, Delay: -1 ms, Speed: 0.00 M/s, Resolution: None
Name: CCTV-8, URL: https://migu.188766.xyz/?migutoken=fac96b6ebb00f0fe868f66236c1200ec&id=CCTV8&type=yy, From: subscribe, IPv_Type: ipv6, Location: 美国, ISP: CloudFlare Inc., Date: None, Delay: -1 ms, Speed: 0.00 M/s, Resolution: None
Name: CCTV-8, URL: https://migu.188766.xyz/?migutoken=c7f987b203270d0e1c15a52ad27ef4b7&id=CCTV8&type=yy, From: subscribe, IPv_Type: ipv6, Location: 美国, ISP: CloudFlare Inc., Date: None, Delay: -1 ms, Speed: 0.00 M/s, Resolution: None
Name: CCTV-8, URL: https://migu.188766.xyz/?migutoken=919434a152ac6cd93ce05e2708f23175&id=CCTV8&type=yy, From: subscribe, IPv_Type: ipv6, Location: 美国, ISP: CloudFlare Inc., Date: None, Delay: -1 ms, Speed: 0.00 M/s, Resolution: None
Name: CCTV-8, URL: https://migu.188766.xyz/?migutoken=0d79c6c026b0ea75b139a3544afc4b66&id=CCTV8&type=yy, From: subscribe, IPv_Type: ipv6, Location: 美国, ISP: CloudFlare Inc., Date: None, Delay: -1 ms, Speed: 0.00 M/s, Resolution: None
Name: CCTV-8, URL: https://migu.188766.xyz/?migutoken=92ba158c352aa5b9e5d43657890c9a46&id=CCTV8&type=yy, From: subscribe, IPv_Type: ipv6, Location: 美国, ISP: CloudFlare Inc., Date: None, Delay: -1 ms, Speed: 0.00 M/s, Resolution: None
Name: CCTV-8, URL: https://migu.188766.xyz/?migutoken=8f336a2a73e6acb4d95673e1a448e594&id=CCTV8&type=yy, From: subscribe, IPv_Type: ipv6, Location: 美国, ISP: CloudFlare Inc., Date: None, Delay: -1 ms, Speed: 0.00 M/s, Resolution: None
Name: CCTV-8, URL: https://migu.188766.xyz/?migutoken=b5961cf98545dc3a2f90e48091c3197f&id=CCTV8&type=yy, From: subscribe, IPv_Type: ipv6, Location: 美国, ISP: CloudFlare Inc., Date: None, Delay: -1 ms, Speed: 0.00 M/s, Resolution: None
Name: CCTV-8, URL: https://migu.188766.xyz/?migutoken=46fa41b8400002a51ebade3f37482890&id=CCTV8&type=yy, From: subscribe, IPv_Type: ipv6, Location: 美国, ISP: CloudFlare Inc., Date: None, Delay: -1 ms, Speed: 0.00 M/s, Resolution: None
Name: CCTV-8, URL: https://migu.188766.xyz/?migutoken=8f5b9846b17a85ed4c27af3623d17ae6&id=CCTV8&type=yy, From: subscribe, IPv_Type: ipv6, Location: 美国, ISP: CloudFlare Inc., Date: None, Delay: -1 ms, Speed: 0.00 M/s, Resolution: None
Name: CCTV-8, URL: https://migu.188766.xyz/?migutoken=332f43e1c39573a7482b32d440040b9a&id=CCTV8&type=yy, From: subscribe, IPv_Type: ipv6, Location: 美国, ISP: CloudFlare Inc., Date: None, Delay: -1 ms, Speed: 0.00 M/s, Resolution: None
Name: CCTV-8, URL: https://migu.188766.xyz/?migutoken=615907a862b2362608b8090d66eaafe6&id=CCTV8&type=yy, From: subscribe, IPv_Type: ipv6, Location: 美国, ISP: CloudFlare Inc., Date: None, Delay: -1 ms, Speed: 0.00 M/s, Resolution: None
Name: CCTV-8, URL: https://migu.188766.xyz/?migutoken=c325d399f8b3a94e427d682cc48f457d&id=CCTV8&type=yy, From: subscribe, IPv_Type: ipv6, Location: 美国, ISP: CloudFlare Inc., Date: None, Delay: -1 ms, Speed: 0.00 M/s, Resolution: None
Name: CCTV-8, URL: https://migu.188766.xyz/?migutoken=29e9d29ac74b8e6abaf8a119c41b5efe&id=CCTV8&type=yy, From: subscribe, IPv_Type: ipv6, Location: 美国, ISP: CloudFlare Inc., Date: None, Delay: -1 ms, Speed: 0.00 M/s, Resolution: None
Name: CCTV-8, URL: https://migu.188766.xyz/?migutoken=824f71b50f269deb62cf1f5b38a6b206&id=CCTV8&type=yy, From: subscribe, IPv_Type: ipv6, Location: 美国, ISP: CloudFlare Inc., Date: None, Delay: -1 ms, Speed: 0.00 M/s, Resolution: None
Name: CCTV-8, URL: https://migu.188766.xyz/?migutoken=158796c64d91eef8f1c205fb8b3bb380&id=CCTV8&type=yy, From: subscribe, IPv_Type: ipv6, Location: 美国, ISP: CloudFlare Inc., Date: None, Delay: -1 ms, Speed: 0.00 M/s, Resolution: None
Name: CCTV-8, URL: https://migu.188766.xyz/?migutoken=2312c7aa3c622702233c0632228edd3a&id=CCTV8&type=yy, From: subscribe, IPv_Type: ipv6, Location: 美国, ISP: CloudFlare Inc., Date: None, Delay: -1 ms, Speed: 0.00 M/s, Resolution: None
Name: CCTV-8, URL: https://migu.188766.xyz/?migutoken=8a5d73c24526259ef8a732e3a2a7af61&id=CCTV8&type=yy, From: subscribe, IPv_Type: ipv6, Location: 美国, ISP: CloudFlare Inc., Date: None, Delay: -1 ms, Speed: 0.00 M/s, Resolution: None
Name: CCTV-8, URL: https://migu.188766.xyz/?migutoken=2dad530913bb273bdf57176e148e886d&id=CCTV8&type=yy, From: subscribe, IPv_Type: ipv6, Location: 美国, ISP: CloudFlare Inc., Date: None, Delay: -1 ms, Speed: 0.00 M/s, Resolution: None
Name: CCTV-8, URL: https://migu.188766.xyz/?migutoken=649326a4a929bddf60f31a039badf53c&id=CCTV8&type=yy, From: subscribe, IPv_Type: ipv6, Location: 美国, ISP: CloudFlare Inc., Date: None, Delay: -1 ms, Speed: 0.00 M/s, Resolution: None
Name: CCTV-8, URL: http://mgsp-tx2.live.miguvideo.com:8088/migu/kailu/cctv8hd265/54/20200407/index.m3u8?msisdn=e55e9ee71b42d2d7008a152c069625e3&mdspid=&spid=699004&netType=0&sid=5500212868&pid=2028597139&timestamp=20260215080204&Channel_ID=0116_2600034600-99000-201600010010028&ProgramID=624878356&ParentNodeID=-99&assertID=5500212868&client_ip=218.28.233.106&SecurityKey=20260215080204&promotionId=&mvid=5100001695&mcid=500020&playurlVersion=WX-A1-9.2.1-RELEASE&userid=&jmhm=&videocodec=h265&appCode=miguvideo_android&bean=mgspad&tid=android&conFee=0&encrypt=f91911032bfaaf7a37226dee9216df4e&sv=10004&ct=android, From: subscribe, IPv_Type: ipv6, Location: 中国, ISP: 中国联通, Date: None, Delay: -1 ms, Speed: 0.00 M/s, Resolution: None
Name: CCTV-8, URL: https://migu.188766.xyz/?migutoken=3e45355756d8d0575bdc4ce8be9bd3ea&id=CCTV8&type=yy, From: subscribe, IPv_Type: ipv6, Location: 美国, ISP: CloudFlare Inc., Date: None, Delay: -1 ms, Speed: 0.00 M/s, Resolution: None
Name: CCTV-8, URL: http://mgsp-hs2.live.miguvideo.com:8088/migu/kailu/cctv8hd265/54/20200407/index.m3u8?msisdn=e55e9ee71b42d2d7008a152c069625e3&mdspid=&spid=699004&netType=0&sid=5500212868&pid=2028597139&timestamp=20260216080221&Channel_ID=0116_2600034600-99000-201600010010028&ProgramID=624878356&ParentNodeID=-99&assertID=5500212868&client_ip=218.28.233.106&SecurityKey=20260216080221&promotionId=&mvid=5100001695&mcid=500020&playurlVersion=WX-A1-9.2.1-RELEASE&userid=&jmhm=&videocodec=h265&appCode=miguvideo_android&bean=mgspad&tid=android&conFee=0&encrypt=0a516c8cc915ef14da41db1bd290bcbf&sv=10004&ct=android, From: subscribe, IPv_Type: ipv6, Location: 中国, ISP: 中国移动, Date: None, Delay: -1 ms, Speed: 0.00 M/s, Resolution: None
Name: CCTV-8, URL: https://migu.188766.xyz/?migutoken=db95f334bbc5351bf206b67005cb44b5&id=CCTV8&type=yy, From: subscribe, IPv_Type: ipv6, Location: 美国, ISP: CloudFlare Inc., Date: None, Delay: -1 ms, Speed: 0.00 M/s, Resolution: None
Name: CCTV-8, URL: http://mgsp-ws2.live.miguvideo.com:8088/migu/kailu/cctv8hd265/54/20200407/index.m3u8?msisdn=e55e9ee71b42d2d7008a152c069625e3&mdspid=&spid=699004&netType=0&sid=5500212868&pid=2028597139&timestamp=20260217084014&Channel_ID=0116_2600034600-99000-201600010010028&ProgramID=624878356&ParentNodeID=-99&assertID=5500212868&client_ip=218.28.233.106&SecurityKey=20260217084014&promotionId=&mvid=5100001695&mcid=500020&playurlVersion=WX-A1-9.2.1-RELEASE&userid=&jmhm=&videocodec=h265&appCode=miguvideo_android&bean=mgspad&tid=android&conFee=0&encrypt=934d298af111978de831b70ff0a36900&sv=10004&ct=android, From: subscribe, IPv_Type: ipv6, Location: 加拿大, ISP: , Date: None, Delay: -1 ms, Speed: 0.00 M/s, Resolution: None
Name: CCTV-8, URL: https://migu.188766.xyz/?migutoken=81f0740b241faa44d57a9235e506cb48&id=CCTV8&type=yy, From: subscribe, IPv_Type: ipv6, Location: 美国, ISP: CloudFlare Inc., Date: None, Delay: -1 ms, Speed: 0.00 M/s, Resolution: None
Name: CCTV-8, URL: http://38.75.136.137:98/gslb/dsdqbv/cctv8hd.m3u8?auth=test20251009, From: subscribe, IPv_Type: ipv4, Location: 美国-伊利诺伊州-库克, ISP: Cogent, Date: None, Delay: 3392 ms, Speed: 1.55 M/s, Resolution: 1920x1080
Name: CCTV-9, URL: http://php.jdshipin.com/TVOD/hljyd.php?id=3221225734, From: subscribe, IPv_Type: ipv6, Location: 美国, ISP: CloudFlare Inc., Date: None, Delay: 0.1 ms, Speed: inf M/s, Resolution: 1920x1080
Name: CCTV-9, URL: http://iptv.huuc.edu.cn/hls/cctv9hd.m3u8, From: subscribe, IPv_Type: ipv6, Location: 中国, ISP: 教育网, Date: None, Delay: 0.1 ms, Speed: inf M/s, Resolution: 1920x1080
Name: CCTV-9, URL: https://www.freetv.top/migu/673168140.m3u8?migutoken=749c49cdc31bb395e0349adc81010adc8707f80e51e9d3491ad67bfa71388ad768f7b52c8064338a7ef45eb7ddb192fb4937b21681c82499a0c16653ad9a9bec98ff5ce6ab183e4029bbdf269e, From: subscribe, IPv_Type: ipv6, Location: 美国-加利福尼亚州-圣克拉拉, ISP: DigitalOcean, Date: None, Delay: 0.1 ms, Speed: inf M/s, Resolution: 1920x1080
Name: CCTV-9, URL: http://[2409:8087:1a01:df::4077]/ottrrs.hl.chinamobile.com/PLTV/88888888/224/3221225734/index.m3u8, From: subscribe, IPv_Type: ipv6, Location: 中国, ISP: 中国移动, Date: None, Delay: -1 ms, Speed: 0.00 M/s, Resolution: None
Name: CCTV-9, URL: http://[2409:8087:1a01:df::4077]:80/ottrrs.hl.chinamobile.com/PLTV/88888888/224/3221225734/index.m3u8, From: subscribe, IPv_Type: ipv6, Location: 中国, ISP: 中国移动, Date: None, Delay: -1 ms, Speed: 0.00 M/s, Resolution: None
Name: CCTV-9, URL: https://smart.pendy.dpdns.org/Smart.php?id=cctv9hd, From: subscribe, IPv_Type: ipv6, Location: 美国, ISP: CloudFlare Inc., Date: None, Delay: 0.1 ms, Speed: inf M/s, Resolution: 1920x1080
Name: CCTV-9, URL: http://[2409:8087:1a01:df::4077]:80/ottrrs.hl.chinamobile.com/TVOD/88888888/224/3221225734/index.m3u8, From: subscribe, IPv_Type: ipv6, Location: 中国, ISP: 中国移动, Date: None, Delay: -1 ms, Speed: 0.00 M/s, Resolution: None
Name: CCTV-9, URL: http://[2409:8087:1a01:df::4077]/ottrrs.hl.chinamobile.com/PLTV/88888888/8/3221225734/index.m3u8, From: subscribe, IPv_Type: ipv6, Location: 中国, ISP: 中国移动, Date: None, Delay: 0.1 ms, Speed: inf M/s, Resolution: 1920x1080
Name: CCTV-9, URL: http://[2409:8087:1a01:df::4077]/ottrrs.hl.chinamobile.com/yinhe/88888888/224/3221225734/index.m3u8, From: subscribe, IPv_Type: ipv6, Location: 中国, ISP: 中国移动, Date: None, Delay: 0.1 ms, Speed: inf M/s, Resolution: 1920x1080
Name: CCTV-9, URL: http://[2409:8087:1a01:df::4077]:80/ottrrs.hl.chinamobile.com/PLTV/88888888/8/3221225734/index.m3u8, From: subscribe, IPv_Type: ipv6, Location: 中国, ISP: 中国移动, Date: None, Delay: 0.1 ms, Speed: inf M/s, Resolution: 1920x1080
Name: CCTV-9, URL: http://[2409:8087:8:21::18]:6610/otttv.bj.chinamobile.com/PLTV/88888888/224/3221226236/1.m3u8, From: subscribe, IPv_Type: ipv6, Location: 中国, ISP: 中国移动, Date: None, Delay: 0.1 ms, Speed: inf M/s, Resolution: 1920x1080
Name: CCTV-9, URL: http://[2409:8087:8:21::18]:6610/otttv.bj.chinamobile.com/PLTV/88888888/224/3221226450/1.m3u8, From: subscribe, IPv_Type: ipv6, Location: 中国, ISP: 中国移动, Date: None, Delay: 0.1 ms, Speed: inf M/s, Resolution: 1920x1080
Name: CCTV-9, URL: http://[2409:8087:1a0a:df::404b]/ottrrs.hl.chinamobile.com/TVOD/88888888/224/3221225734/index.m3u8, From: subscribe, IPv_Type: ipv6, Location: 中国, ISP: 中国移动, Date: None, Delay: 0.1 ms, Speed: inf M/s, Resolution: 1920x1080
Name: CCTV-9, URL: https://www.freetv.top/migu/673168140.m3u8?migutoken=bf18bf699c0dc93a6e5b0ebd94f0e14b7aac68f848bdb2bfc52120a5b0c3db69e41d1b5ff8515aa4da37ccb9412e9b6e42b02d94c62edccf595ab49084cce74ebcb951706db0ff5c76ecbe35fe, From: subscribe, IPv_Type: ipv6, Location: 美国-加利福尼亚州-圣克拉拉, ISP: DigitalOcean, Date: None, Delay: 0.1 ms, Speed: inf M/s, Resolution: 1920x1080
Name: CCTV-9, URL: https://www.freetv.top/migu/673168140.m3u8?migutoken=0f1a623dca6f658303aaa4999b3ace15c780e46aa170dd3d91f0e82333ce6046e6bab6fa6948fba878c2b6e0cf9d1f04d09cc1ebaed71350ec282ef8595200813c491a3e23da08b3242755d891, From: subscribe, IPv_Type: ipv6, Location: 美国-加利福尼亚州-圣克拉拉, ISP: DigitalOcean, Date: None, Delay: 0.1 ms, Speed: inf M/s, Resolution: 1920x1080
Name: CCTV-9, URL: https://www.freetv.top/migu/673168140.m3u8?migutoken=a6f3e71bb2bb9d74426a1761b5d2daf69d595aebfafc6e4a7bac09190d4545961d1cc02d05117f0a2e2ef42ebdc9f2520b8f601aab6252de7373f68c95aa3277f6c51bae97dd75144efc7ed543, From: subscribe, IPv_Type: ipv6, Location: 美国-加利福尼亚州-圣克拉拉, ISP: DigitalOcean, Date: None, Delay: 0.1 ms, Speed: inf M/s, Resolution: 1920x1080
Name: CCTV-9, URL: https://www.freetv.top/migu/673168140.m3u8?migutoken=a22c8c1a84a2c3f115ccea3f065ca5c445f91c5a490bbcf95da122d1901c7d7680bf8ec25837bd7f8f36b45bbb9e635f72eee01b6b5605fb31077b5adfbc8604e6111e294f2b08707a1ad595d7, From: subscribe, IPv_Type: ipv6, Location: 美国-加利福尼亚州-圣克拉拉, ISP: DigitalOcean, Date: None, Delay: 0.1 ms, Speed: inf M/s, Resolution: 1920x1080
Name: CCTV-9, URL: http://www.freetv.top/migu/673168140.m3u8?migutoken=b6b3dff09079aa89b4ea1988e02de40fa003df2db6f755979b0c414bdfffe3225adf1ec44edf5934481e00ada14c3b23dc6e93bb72f70ed2319f17002205dc998b6ce2dde3d00bf5701f8261ec, From: subscribe, IPv_Type: ipv6, Location: 美国-加利福尼亚州-圣克拉拉, ISP: DigitalOcean, Date: None, Delay: 0.1 ms, Speed: inf M/s, Resolution: 1920x1080
Name: CCTV-9, URL: https://www.freetv.top/migu/673168140.m3u8?migutoken=70f89f57af3b961c4266d3657e4e2bed7511bb081c6f118dec56c9cb101146db53ddfdbba9b52724c71e79f51bfe5806d61d41f8429293537387c552fed0c21e259ae489a2a54a8accda0abf71, From: subscribe, IPv_Type: ipv6, Location: 美国-加利福尼亚州-圣克拉拉, ISP: DigitalOcean, Date: None, Delay: 0.1 ms, Speed: inf M/s, Resolution: 1920x1080
Name: CCTV-9, URL: https://www.freetv.top/migu/673168140.m3u8?migutoken=32f20b17d3c7bff0b9089c8663f150a392ce13d1df9995a28c4323e1dc5a31e1aa745425fc53d82943ed6cb0efba69c61fb08d40663d483af3e68fbb853e1b706218bd7a063b79e8cf9e9451eb, From: subscribe, IPv_Type: ipv6, Location: 美国-加利福尼亚州-圣克拉拉, ISP: DigitalOcean, Date: None, Delay: 0.1 ms, Speed: inf M/s, Resolution: 1920x1080
Name: CCTV-9, URL: https://www.freetv.top/migu/673168140.m3u8?migutoken=9cebd017730e6020100052694015764931490d9ade0a92839f3198d104590414f3e93626dcf6f49b091a21735b592dc818723022c59d669f301e707c1ec905675a758fc939301e086d4569e77d, From: subscribe, IPv_Type: ipv6, Location: 美国-加利福尼亚州-圣克拉拉, ISP: DigitalOcean, Date: None, Delay: 0.1 ms, Speed: inf M/s, Resolution: 1920x1080
Name: CCTV-9, URL: https://www.freetv.top/migu/673168140.m3u8?migutoken=50c8dc09429117d7c6a5e9b1aefb676dca3f207436fe4e3d871408aa5c16bfef444b9037198e5b95b6969f927c3c95dab220c147eb00b67cb1411f66f3d2536212a8bebb7d1f4d33717f8b1442, From: subscribe, IPv_Type: ipv6, Location: 美国-加利福尼亚州-圣克拉拉, ISP: DigitalOcean, Date: None, Delay: 0.1 ms, Speed: inf M/s, Resolution: 1920x1080
Name: CCTV-9, URL: https://www.freetv.top/migu/609006487.m3u8?migutoken=aa6b7733654f88e6bc50f2966887b2eb428623c5d6d66fe9d0fc7de43f9aa6a724f12ec1f0d65aae1c1decba5cd1444cbdea8c24adbc56c5a79a1dbd2828e6deb293dace8a518080d5d1f0cb2b, From: subscribe, IPv_Type: ipv6, Location: 美国-加利福尼亚州-圣克拉拉, ISP: DigitalOcean, Date: None, Delay: 0.1 ms, Speed: inf M/s, Resolution: 1920x1080
Name: CCTV-9, URL: https://www.freetv.top/migu/673168140.m3u8?migutoken=5bb8ab9294311f37faa3cdafb812e7239938f092b043159793626f7da52f6d93f4405a7674b273f3c7fa8d727fe739592096467fdead662c2b86ead7f5f30b097195cdba6fbe0b0f48b1b06a83, From: subscribe, IPv_Type: ipv6, Location: 美国-加利福尼亚州-圣克拉拉, ISP: DigitalOcean, Date: None, Delay: 0.1 ms, Speed: inf M/s, Resolution: 1920x1080
Name: CCTV-9, URL: http://yc.myds.me:35455/gaoma/cctv9.m3u8, From: subscribe, IPv_Type: ipv6, Location: 中国, ISP: 中国电信, Date: None, Delay: 0.1 ms, Speed: inf M/s, Resolution: 1920x1080
Name: CCTV-9, URL: http://nas.suntao.online:35455/itv/1000000005000265009.m3u8?cdn=ystenlive, From: subscribe, IPv_Type: ipv6, Location: 中国, ISP: 中国联通, Date: None, Delay: 0.1 ms, Speed: inf M/s, Resolution: 1920x1080
Name: CCTV-9, URL: http://iptv.cdn.ha.chinamobile.com/PLTV/88888888/224/3221227182/index.m3u8, From: subscribe, IPv_Type: ipv6, Location: 中国, ISP: 中国移动, Date: None, Delay: 0.1 ms, Speed: inf M/s, Resolution: 1920x1080
Name: CCTV-9, URL: https://stream1.freetv.fun/b1441aafad046fdc14f8c74f647d28ce7841fef2633d1aedccf8c575d1e9668f.m3u8, From: subscribe, IPv_Type: ipv6, Location: 美国, ISP: CloudFlare Inc., Date: None, Delay: 0.1 ms, Speed: inf M/s, Resolution: 1920x1080
Name: CCTV-9, URL: https://stream1.freetv.fun/468810bb8a5aea0738c0e707e4b0ed227aeb431a11a977aa1a43fd542997f525.m3u8, From: subscribe, IPv_Type: ipv6, Location: 美国, ISP: CloudFlare Inc., Date: None, Delay: 0.1 ms, Speed: inf M/s, Resolution: 1920x1080
Name: CCTV-9, URL: https://stream1.freetv.fun/128ea6b04cff33dbffbf59ea1859f049f54857d25095576396f7311973a463e9.m3u8, From: subscribe, IPv_Type: ipv6, Location: 美国, ISP: CloudFlare Inc., Date: None, Delay: 0.1 ms, Speed: inf M/s, Resolution: 1920x1080
Name: CCTV-9, URL: https://stream1.freetv.fun/06f30812dfb61ca21d2050d592f37a13218123fcf52862853525689a54ddda23.m3u8, From: subscribe, IPv_Type: ipv6, Location: 美国, ISP: CloudFlare Inc., Date: None, Delay: 0.1 ms, Speed: inf M/s, Resolution: 1920x1080
Name: CCTV-9, URL: https://stream1.freetv.fun/0c01a3543f3509d8aac00c42ea45fb62bb37cfa0b88fc059c5e001887f6eb41b.m3u8, From: subscribe, IPv_Type: ipv6, Location: 美国, ISP: CloudFlare Inc., Date: None, Delay: 0.1 ms, Speed: inf M/s, Resolution: 1920x1080
Name: CCTV-9, URL: https://stream1.freetv.fun/57b417007b9bde2713ab0b6c1f25399e0da6a5fda1443d33d81fc0ba399e6bae.m3u8, From: subscribe, IPv_Type: ipv6, Location: 美国, ISP: CloudFlare Inc., Date: None, Delay: 0.1 ms, Speed: inf M/s, Resolution: 1920x1080
Name: CCTV-9, URL: https://stream1.freetv.fun/77b54dd53f15bc428409639f6ca0809b35504f05748ab5c315ed24c63b282e81.m3u8, From: subscribe, IPv_Type: ipv6, Location: 美国, ISP: CloudFlare Inc., Date: None, Delay: 0.1 ms, Speed: inf M/s, Resolution: 1920x1080
Name: CCTV-9, URL: https://stream1.freetv.fun/a48bd3e56bf90338a9823c0b7ebd46dbb37139fc90821e228460ac4b633d9c9c.m3u8, From: subscribe, IPv_Type: ipv6, Location: 美国, ISP: CloudFlare Inc., Date: None, Delay: 0.1 ms, Speed: inf M/s, Resolution: 1920x1080
Name: CCTV-9, URL: https://stream1.freetv.fun/d679147e93998024df6b15ec6ed8bb75dc84568fd0ef46e20df4882a00ed1200.m3u8, From: subscribe, IPv_Type: ipv6, Location: 美国, ISP: CloudFlare Inc., Date: None, Delay: 0.1 ms, Speed: inf M/s, Resolution: 1920x1080
Name: CCTV-9, URL: https://stream1.freetv.fun/5f98918e8819dcb80de3faf43c4aefeea65fb996dd58de52a2e803b03b7946de.m3u8, From: subscribe, IPv_Type: ipv6, Location: 美国, ISP: CloudFlare Inc., Date: None, Delay: 0.1 ms, Speed: inf M/s, Resolution: 1920x1080
Name: CCTV-9, URL: https://stream1.freetv.fun/596c7e7a97fd5105d27b270383457785e99b9c41185668296141df8483997729.m3u8, From: subscribe, IPv_Type: ipv6, Location: 美国, ISP: CloudFlare Inc., Date: None, Delay: 0.1 ms, Speed: inf M/s, Resolution: 1920x1080
Name: CCTV-9, URL: https://stream1.freetv.fun/21a84c616496dfbb175a898f5d41b9ae02235ef2138fcaafb642febf53e71377.m3u8, From: subscribe, IPv_Type: ipv6, Location: 美国, ISP: CloudFlare Inc., Date: None, Delay: 0.1 ms, Speed: inf M/s, Resolution: 1920x1080
Name: CCTV-9, URL: https://stream1.freetv.fun/6bcbb01fda06ee279885e8edf12825738261ae846dc9d2d3f6b06173609e8ae9.m3u8, From: subscribe, IPv_Type: ipv6, Location: 美国, ISP: CloudFlare Inc., Date: None, Delay: 0.1 ms, Speed: inf M/s, Resolution: 1920x1080
Name: CCTV-9, URL: https://stream1.freetv.fun/f4e32734452203d9a400787e1d8eea7db27f5a135d12eb257b8f4fb28413b3c4.m3u8, From: subscribe, IPv_Type: ipv6, Location: 美国, ISP: CloudFlare Inc., Date: None, Delay: 0.1 ms, Speed: inf M/s, Resolution: 1920x1080
Name: CCTV-9, URL: https://stream1.freetv.fun/ce906185e5183caa03ebb206c510ef636fb84841239d53fb4312737adcb7d53a.m3u8, From: subscribe, IPv_Type: ipv6, Location: 美国, ISP: CloudFlare Inc., Date: None, Delay: 0.1 ms, Speed: inf M/s, Resolution: 1920x1080
Name: CCTV-9, URL: http://lu.wqwqwq.sbs/itv/1000000005000265009.m3u8?cdn=ystenlive, From: subscribe, IPv_Type: ipv6, Location: 美国, ISP: CloudFlare Inc., Date: None, Delay: 0.1 ms, Speed: inf M/s, Resolution: 1920x1080
Name: CCTV-9, URL: https://www.freetv.top/migu/673168140.m3u8?migutoken=f5a0447d474381f05ad937a4933b37ad2b07fac33d1b26c56fe53ec50cce3fd26529a6dab3c763a4ea36cf43e62259fb3c8e130e447f30524fe9fb12f2a2b4200155d739c8b640dc6ce40d2669, From: subscribe, IPv_Type: ipv6, Location: 美国-加利福尼亚州-圣克拉拉, ISP: DigitalOcean, Date: None, Delay: 0.1 ms, Speed: inf M/s, Resolution: 1920x1080
Name: CCTV-9, URL: https://www.freetv.top/migu/673168140.m3u8?migutoken=4dad15d020c7e258db98f5904ae6df15132c1dc28aefe8bf5e800f37e3445cd3ee5add3d06aae6d910e4708d9adb89cdb619e3bb7bacb873f79812ef4bb4b34316ee0d6cf8ec9a5fed0a82368f, From: subscribe, IPv_Type: ipv6, Location: 美国-加利福尼亚州-圣克拉拉, ISP: DigitalOcean, Date: None, Delay: 0.1 ms, Speed: inf M/s, Resolution: 1920x1080
Name: CCTV-9, URL: https://www.freetv.top/migu/673168140.m3u8?migutoken=21079ccc296663c0852d7aa559706185d47321c401459ef6e4d341547dda558accb1b561b9935ba84cc9506d0ad03b0489b131d25c50278952093cf2b5b7913fb43c8c0effa57085fdad555379, From: subscribe, IPv_Type: ipv6, Location: 美国-加利福尼亚州-圣克拉拉, ISP: DigitalOcean, Date: None, Delay: 0.1 ms, Speed: inf M/s, Resolution: 1920x1080
Name: CCTV-9, URL: http://[2409:8087:5e01:34::23]:6610/ZTE_CMS/00000001000000060000000000000373/index.m3u8?IAS, From: subscribe, IPv_Type: ipv6, Location: 中国, ISP: 中国移动, Date: None, Delay: 0.1 ms, Speed: inf M/s, Resolution: 1920x1080
Name: CCTV-9, URL: http://[2409:8087:5e01:34::20]:6610/ZTE_CMS/00000001000000060000000000000373/index.m3u8?IAS, From: subscribe, IPv_Type: ipv6, Location: 中国, ISP: 中国移动, Date: None, Delay: 0.1 ms, Speed: inf M/s, Resolution: 1920x1080
Name: CCTV-9, URL: http://dbiptv.sn.chinamobile.com/PLTV/88888890/224/3221226197/index.m3u8, From: subscribe, IPv_Type: ipv6, Location: 中国, ISP: 中国移动, Date: None, Delay: 0.1 ms, Speed: inf M/s, Resolution: 1920x1080
Name: CCTV-9, URL: https://stream1.freetv.fun/42ec063601b24e5ddb24832e5f5d56c71ca4d52922d298be84bbc21aa7429280.m3u8, From: subscribe, IPv_Type: ipv6, Location: 美国, ISP: CloudFlare Inc., Date: None, Delay: 0.1 ms, Speed: inf M/s, Resolution: 1920x1080
Name: CCTV-9, URL: https://stream1.freetv.fun/3c6125aad8eab2287c7cb76da027f3e9673949eec3709dc9f3fd0e3ae9ab4548.m3u8, From: subscribe, IPv_Type: ipv6, Location: 美国, ISP: CloudFlare Inc., Date: None, Delay: 0.1 ms, Speed: inf M/s, Resolution: 1920x1080
Name: CCTV-9, URL: http://hwrr.jx.chinamobile.com:8080/PLTV/88888888/224/3221225626/index.m3u8, From: subscribe, IPv_Type: ipv6, Location: 中国, ISP: 中国移动, Date: None, Delay: 0.1 ms, Speed: inf M/s, Resolution: 1920x1080
Name: CCTV-9, URL: http://zteres.sn.chinamobile.com:6060/000000001000/5000000010000018384/1.m3u8?channel-id=bestzb&Contentid=5000000010000018384&livemode=1&stbId=3, From: subscribe, IPv_Type: ipv6, Location: 中国, ISP: 中国移动, Date: None, Delay: 0.1 ms, Speed: inf M/s, Resolution: 1920x1080
Name: CCTV-9, URL: http://zteres.sn.chinamobile.com:6060/000000001000/5000000001000024017/1.m3u8?channel-id=bestzb&Contentid=5000000001000024017&livemode=1&stbId=3, From: subscribe, IPv_Type: ipv6, Location: 中国, ISP: 中国移动, Date: None, Delay: 0.1 ms, Speed: inf M/s, Resolution: 1920x1080
Name: CCTV-9, URL: http://[2409:8087:4c0a:22:1::11]:6410/170000001115/UmaiCHAN5000039BESTVSMGSMG/index.m3u8?AuthInfo=9kOOdBn7MFF%2F2bWjKgahUSpr1AVNI633ampcuzdN%2BfHArfvJF2pWpm4RxcBNhZ7j9vEUeCQte%2BbQaOGNIUEEK%2B3RBE1BC9EUsM18gnb%2FyAA, From: subscribe, IPv_Type: ipv6, Location: 中国, ISP: 中国移动, Date: None, Delay: 0.1 ms, Speed: inf M/s, Resolution: 1920x1080
Name: CCTV-9, URL: http://[2409:8087:5e01:34::38]:6610/ZTE_CMS/00000001000000060000000000000373/index.m3u8, From: subscribe, IPv_Type: ipv6, Location: 中国, ISP: 中国移动, Date: None, Delay: 0.1 ms, Speed: inf M/s, Resolution: 1920x1080
Name: CCTV-9, URL: http://[2409:8087:5e00:24::1f]:6060/ZTE_CMS/00000001000000060000000000000373/index.m3u8, From: subscribe, IPv_Type: ipv6, Location: 中国, ISP: 中国移动, Date: None, Delay: 0.1 ms, Speed: inf M/s, Resolution: 1920x1080
Name: CCTV-9, URL: http://[2409:8087:5e01:34::21]:6610/ZTE_CMS/00000001000000060000000000000373/index.m3u8?IAS, From: subscribe, IPv_Type: ipv6, Location: 中国, ISP: 中国移动, Date: None, Delay: 0.1 ms, Speed: inf M/s, Resolution: 1920x1080
Name: CCTV-9, URL: http://[2409:8087:5e01:34::22]:6610/ZTE_CMS/00000001000000060000000000000373/index.m3u8?IAS, From: subscribe, IPv_Type: ipv6, Location: 中国, ISP: 中国移动, Date: None, Delay: 0.1 ms, Speed: inf M/s, Resolution: 1920x1080
Name: CCTV-9, URL: http://[2409:8087:74f0:22::4]:6410/270000001128/9900000505/index.m3u8, From: subscribe, IPv_Type: ipv6, Location: 中国, ISP: 中国移动, Date: None, Delay: 0.1 ms, Speed: inf M/s, Resolution: 1920x1080
Name: CCTV-9, URL: http://[2409:8087:1a01:df::7005]/ottrrs.hl.chinamobile.com/PLTV/88888888/224/3221225734/index.m3u8, From: subscribe, IPv_Type: ipv6, Location: 中国, ISP: 中国移动, Date: None, Delay: 0.1 ms, Speed: inf M/s, Resolution: 1920x1080
Name: CCTV-9, URL: http://[2409:8087:3869:8021:1001::e5]:6610/PLTV/88888910/224/3221225646/index.m3u8, From: subscribe, IPv_Type: ipv6, Location: 中国, ISP: 中国移动, Date: None, Delay: 0.1 ms, Speed: inf M/s, Resolution: 1920x1080
Name: CCTV-9, URL: http://[2409:8087:8:21::18]:6610/otttv.bj.chinamobile.com/PLTV/88888888/224/3221226944/1.m3u8, From: subscribe, IPv_Type: ipv6, Location: 中国, ISP: 中国移动, Date: None, Delay: -1 ms, Speed: 0.00 M/s, Resolution: None
Name: CCTV-9, URL: http://rrs01.hw.gmcc.net:8088/PLTV/81/224/3221226651/1.m3u8, From: subscribe, IPv_Type: ipv6, Location: 中国, ISP: 中国移动, Date: None, Delay: -1 ms, Speed: 0.00 M/s, Resolution: None
Name: CCTV-9, URL: http://[2409:8087:8:21::18]:6610/otttv.bj.chinamobile.com/PLTV/88888888/224/3221226449/1.m3u8, From: subscribe, IPv_Type: ipv6, Location: 中国, ISP: 中国移动, Date: None, Delay: -1 ms, Speed: 0.00 M/s, Resolution: None
Name: CCTV-9, URL: https://hls-gateway.vpstv.net/streams/476893.m3u8, From: subscribe, IPv_Type: ipv6, Location: 美国, ISP: CloudFlare Inc., Date: None, Delay: -1 ms, Speed: 0.00 M/s, Resolution: None
Name: CCTV-9, URL: http://k.061899.xyz/m.php?id=cctv9, From: subscribe, IPv_Type: ipv6, Location: 新加坡, ISP: Aceville Pte.Ltd., Date: None, Delay: -1 ms, Speed: 0.00 M/s, Resolution: None
Name: CCTV-9, URL: http://[2409:8087:1a15:10d1::34]/ottrrs.hl.chinamobile.com/PLTV/88888888/224/3221225734/index.m3u8, From: subscribe, IPv_Type: ipv6, Location: 中国, ISP: 中国移动, Date: None, Delay: -1 ms, Speed: 0.00 M/s, Resolution: None
Name: CCTV-9, URL: http://[2409:8087:1a15:10d1::39]/ottrrs.hl.chinamobile.com/PLTV/88888888/224/3221225734/index.m3u8, From: subscribe, IPv_Type: ipv6, Location: 中国, ISP: 中国移动, Date: None, Delay: -1 ms, Speed: 0.00 M/s, Resolution: None
Name: CCTV-9, URL: http://[2409:8087:5e00:24::1e]:6060/200000001898/460000089800010052/1.m3u8, From: subscribe, IPv_Type: ipv6, Location: 中国, ISP: 中国移动, Date: None, Delay: -1 ms, Speed: 0.00 M/s, Resolution: None
Name: CCTV-9, URL: http://[2409:8087:5e08:25::16]:6610/200000001898/460000089800010052/1.m3u8, From: subscribe, IPv_Type: ipv6, Location: 中国, ISP: 中国移动, Date: None, Delay: -1 ms, Speed: 0.00 M/s, Resolution: None
Name: CCTV-9, URL: https://migu.188766.xyz/?migutoken=25be0346eb068e39c9b7c308b9b5cb1e&id=CCTV9&pp=1, From: subscribe, IPv_Type: ipv6, Location: 美国, ISP: CloudFlare Inc., Date: None, Delay: -1 ms, Speed: 0.00 M/s, Resolution: None
Name: CCTV-9, URL: https://cc06.tv12.xyz/10.m3u8, From: subscribe, IPv_Type: ipv6, Location: 美国, ISP: CloudFlare Inc., Date: None, Delay: -1 ms, Speed: 0.00 M/s, Resolution: None
Name: CCTV-9, URL: http://gslbmgsplive.miguvideo.com/migu/kailu/20200324/cctv9hd/51/index.m3u8?msisdn=202509190801307fcdc152a0524697a447c56a11965049&mdspid=&spid=699004&netType=0&sid=5501083624&pid=2028597139&timestamp=20250919080130&Channel_ID=0116_2600000900-99000-201600010010027&ProgramID=673168140&ParentNodeID=-99&assertID=5501083624&client_ip=106.13.250.88&SecurityKey=20250919080130&promotionId=&mvid=5102910384&mcid=500020&playurlVersion=WX-A1-8.9.1-RELEASE&userid=&jmhm=&videocodec=h264&bean=mgspad&tid=android&conFee=0&puData=e8b150877bd0cec1c4adcc0dde9e411a&ddCalcu=ae18e1b1413e5090e8d7d70bcdc0dcae4cc1, From: subscribe, IPv_Type: ipv6, Location: 中国, ISP: 中国移动, Date: None, Delay: -1 ms, Speed: 0.00 M/s, Resolution: None
Name: CCTV-9, URL: https://jzb.wwkejishe.top/?id=587, From: subscribe, IPv_Type: ipv6, Location: 美国, ISP: CloudFlare Inc., Date: None, Delay: -1 ms, Speed: 0.00 M/s, Resolution: None
Name: CCTV-9, URL: https://migu.188766.xyz/?migutoken=a6ab570f640c7740fa3483e06cb87967&id=CCTV9&type=yy, From: subscribe, IPv_Type: ipv6, Location: 美国, ISP: CloudFlare Inc., Date: None, Delay: -1 ms, Speed: 0.00 M/s, Resolution: None
Name: CCTV-9, URL: https://live.chinacert.cftest5.cn/mg/?id=673168140, From: subscribe, IPv_Type: ipv6, Location: 中国, ISP: 中国移动, Date: None, Delay: -1 ms, Speed: 0.00 M/s, Resolution: None
Name: CCTV-9, URL: https://migu.188766.xyz/?migutoken=40168f483b4121c396894286e38c7ed3&id=CCTV9&type=yy, From: subscribe, IPv_Type: ipv6, Location: 美国, ISP: CloudFlare Inc., Date: None, Delay: -1 ms, Speed: 0.00 M/s, Resolution: None
Name: CCTV-9, URL: https://iptv.catvod.com/live.php?id=CCTV-9%20%E7%BA%AA%E5%BD%95, From: subscribe, IPv_Type: ipv6, Location: 美国, ISP: CloudFlare Inc., Date: None, Delay: -1 ms, Speed: 0.00 M/s, Resolution: None
Name: CCTV-9, URL: http://[2409:8087:8:21::18]:6610/otttv.bj.chinamobile.com/PLTV/88888888/224/3221226944/1.m3u8?, From: subscribe, IPv_Type: ipv6, Location: 中国, ISP: 中国移动, Date: None, Delay: -1 ms, Speed: 0.00 M/s, Resolution: None
Name: CCTV-9, URL: https://migu.188766.xyz/?migutoken=35032a3219d440e8cd113044a4283a95&id=CCTV9&type=yy, From: subscribe, IPv_Type: ipv6, Location: 美国, ISP: CloudFlare Inc., Date: None, Delay: -1 ms, Speed: 0.00 M/s, Resolution: None
Name: CCTV-9, URL: https://migu.188766.xyz/?migutoken=d0f58f798f4d59b76cf1ed911a20a47a&id=CCTV9&type=yy, From: subscribe, IPv_Type: ipv6, Location: 美国, ISP: CloudFlare Inc., Date: None, Delay: -1 ms, Speed: 0.00 M/s, Resolution: None
Name: CCTV-9, URL: https://migu.188766.xyz/?migutoken=a1ab46958a7feea0a6e242cf5f3cb32d&id=CCTV9&type=yy, From: subscribe, IPv_Type: ipv6, Location: 美国, ISP: CloudFlare Inc., Date: None, Delay: -1 ms, Speed: 0.00 M/s, Resolution: None
Name: CCTV-9, URL: https://migu.188766.xyz/?migutoken=e412ddc3b94ede345281c7c74f34acec&id=CCTV9&type=yy, From: subscribe, IPv_Type: ipv6, Location: 美国, ISP: CloudFlare Inc., Date: None, Delay: -1 ms, Speed: 0.00 M/s, Resolution: None
Name: CCTV-9, URL: https://migu.188766.xyz/?migutoken=ff2bc316bc0025bbefbf08be9b49631f&id=CCTV9&type=yy, From: subscribe, IPv_Type: ipv6, Location: 美国, ISP: CloudFlare Inc., Date: None, Delay: -1 ms, Speed: 0.00 M/s, Resolution: None
Name: CCTV-9, URL: https://migu.188766.xyz/?migutoken=e4859247f1e362950d3e115c0b9f8f2b&id=CCTV9&type=yy, From: subscribe, IPv_Type: ipv6, Location: 美国, ISP: CloudFlare Inc., Date: None, Delay: -1 ms, Speed: 0.00 M/s, Resolution: None
Name: CCTV-9, URL: https://iptv.catvod.com/live.php?id=CCTV9, From: subscribe, IPv_Type: ipv6, Location: 美国, ISP: CloudFlare Inc., Date: None, Delay: -1 ms, Speed: 0.00 M/s, Resolution: None
Name: CCTV-9, URL: https://migu.188766.xyz/?migutoken=a470943933dafc7e314a30b5e106f4c9&id=CCTV9&type=yy, From: subscribe, IPv_Type: ipv6, Location: 美国, ISP: CloudFlare Inc., Date: None, Delay: -1 ms, Speed: 0.00 M/s, Resolution: None
Name: CCTV-9, URL: https://migu.188766.xyz/?migutoken=77a7aee570a94f069f8dc9219044627f&id=CCTV9&type=yy, From: subscribe, IPv_Type: ipv6, Location: 美国, ISP: CloudFlare Inc., Date: None, Delay: -1 ms, Speed: 0.00 M/s, Resolution: None
Name: CCTV-9, URL: https://migu.188766.xyz/?migutoken=8137a102b546cb908bf8e82321a76d6a&id=CCTV9&type=yy, From: subscribe, IPv_Type: ipv6, Location: 美国, ISP: CloudFlare Inc., Date: None, Delay: -1 ms, Speed: 0.00 M/s, Resolution: None
Name: CCTV-9, URL: https://migu.188766.xyz/?migutoken=090a6003a01b0467b67c1eb64b7a7f46&id=CCTV9&type=yy, From: subscribe, IPv_Type: ipv6, Location: 美国, ISP: CloudFlare Inc., Date: None, Delay: -1 ms, Speed: 0.00 M/s, Resolution: None
Name: CCTV-9, URL: https://iptv.catvod.com/live.php?id=CCTV-9, From: subscribe, IPv_Type: ipv6, Location: 美国, ISP: CloudFlare Inc., Date: None, Delay: -1 ms, Speed: 0.00 M/s, Resolution: None
Name: CCTV-9, URL: https://migu.188766.xyz/?migutoken=a8c127a59d0d1fc576b042188102b186&id=CCTV9&type=yy, From: subscribe, IPv_Type: ipv6, Location: 美国, ISP: CloudFlare Inc., Date: None, Delay: -1 ms, Speed: 0.00 M/s, Resolution: None
Name: CCTV-9, URL: https://migu.188766.xyz/?migutoken=0e9d3770089c925cb6f85652e9e87e11&id=CCTV9&type=yy, From: subscribe, IPv_Type: ipv6, Location: 美国, ISP: CloudFlare Inc., Date: None, Delay: -1 ms, Speed: 0.00 M/s, Resolution: None
Name: CCTV-9, URL: http://gslbmgsplive.miguvideo.com/migu/kailu/20200324/cctv9hd/50/index.m3u8?msisdn=2025121208021431967f9960c74da3b1dfb94516568afe&mdspid=&spid=699004&netType=0&sid=5501083624&pid=2028597139&timestamp=20251212080214&Channel_ID=0116_2600037000-99000-200300220100002&ProgramID=673168140&ParentNodeID=-99&assertID=5501083624&client_ip=218.28.233.106&SecurityKey=20251212080214&promotionId=&mvid=5102910384&mcid=500020&playurlVersion=ZQ-A1-8.12.1-RELEASE&userid=&jmhm=&videocodec=h264&appCode=miguvideo_android&bean=mgspad&tid=android&conFee=0&puData=80d73a779ae5fc692198cea5e9b5c943&ddCalcu=3840v9dac7d53aba97e759aaeec58f9c1629&sv=10004&ct=android, From: subscribe, IPv_Type: ipv6, Location: 中国, ISP: 中国移动, Date: None, Delay: -1 ms, Speed: 0.00 M/s, Resolution: None
Name: CCTV-9, URL: https://migu.188766.xyz/?migutoken=7179545e9a922b31c82459173bfbf8f0&id=CCTV9&type=yy, From: subscribe, IPv_Type: ipv6, Location: 美国, ISP: CloudFlare Inc., Date: None, Delay: -1 ms, Speed: 0.00 M/s, Resolution: None
Name: CCTV-9, URL: https://migu.188766.xyz/?migutoken=44d55505fd2539b4c90620eec7c72baa&id=CCTV9&type=yy, From: subscribe, IPv_Type: ipv6, Location: 美国, ISP: CloudFlare Inc., Date: None, Delay: -1 ms, Speed: 0.00 M/s, Resolution: None
Name: CCTV-9, URL: https://migu.188766.xyz/?migutoken=23fb0b4aeb98cec8bca92ac98fb789f5&id=CCTV9&type=yy, From: subscribe, IPv_Type: ipv6, Location: 美国, ISP: CloudFlare Inc., Date: None, Delay: -1 ms, Speed: 0.00 M/s, Resolution: None
Name: CCTV-9, URL: https://migu.188766.xyz/?migutoken=371fc533b0efb6cb3f1dfa0c0223ae02&id=CCTV9&type=yy, From: subscribe, IPv_Type: ipv6, Location: 美国, ISP: CloudFlare Inc., Date: None, Delay: -1 ms, Speed: 0.00 M/s, Resolution: None
Name: CCTV-9, URL: https://migu.188766.xyz/?migutoken=4217728e749b2fd5f313fbf02af9cae1&id=CCTV9&type=yy, From: subscribe, IPv_Type: ipv6, Location: 美国, ISP: CloudFlare Inc., Date: None, Delay: -1 ms, Speed: 0.00 M/s, Resolution: None
Name: CCTV-9, URL: https://migu.188766.xyz/?migutoken=3f10317d7e7f8f716f066fb5997bc4a6&id=CCTV9&type=yy, From: subscribe, IPv_Type: ipv6, Location: 美国, ISP: CloudFlare Inc., Date: None, Delay: -1 ms, Speed: 0.00 M/s, Resolution: None
Name: CCTV-9, URL: https://migu.188766.xyz/?migutoken=6bb24f9f573c808ee527e62b7a72d3a9&id=CCTV9&type=yy, From: subscribe, IPv_Type: ipv6, Location: 美国, ISP: CloudFlare Inc., Date: None, Delay: -1 ms, Speed: 0.00 M/s, Resolution: None
Name: CCTV-9, URL: https://migu.188766.xyz/?migutoken=f5ca4e95caff3afcd30489d69eb79560&id=CCTV9&type=yy, From: subscribe, IPv_Type: ipv6, Location: 美国, ISP: CloudFlare Inc., Date: None, Delay: -1 ms, Speed: 0.00 M/s, Resolution: None
Name: CCTV-9, URL: https://migu.188766.xyz/?migutoken=416fa4069f926a3d332687553ffb34a0&id=CCTV9&type=yy, From: subscribe, IPv_Type: ipv6, Location: 美国, ISP: CloudFlare Inc., Date: None, Delay: -1 ms, Speed: 0.00 M/s, Resolution: None
Name: CCTV-9, URL: https://migu.188766.xyz/?migutoken=2d84a3e9f03e54a689a3de408a5f9465&id=CCTV9&type=yy, From: subscribe, IPv_Type: ipv6, Location: 美国, ISP: CloudFlare Inc., Date: None, Delay: -1 ms, Speed: 0.00 M/s, Resolution: None
Name: CCTV-9, URL: https://migu.188766.xyz/?migutoken=89fcb43c7d62fe9c96fcbf787330f083&id=CCTV9&type=yy, From: subscribe, IPv_Type: ipv6, Location: 美国, ISP: CloudFlare Inc., Date: None, Delay: -1 ms, Speed: 0.00 M/s, Resolution: None
Name: CCTV-9, URL: https://migu.188766.xyz/?migutoken=a765ba06bf148280c89a3cf9ccb8b373&id=CCTV9&type=yy, From: subscribe, IPv_Type: ipv6, Location: 美国, ISP: CloudFlare Inc., Date: None, Delay: -1 ms, Speed: 0.00 M/s, Resolution: None
Name: CCTV-9, URL: https://migu.188766.xyz/?migutoken=cd17eb6de03ff3767341b78292801ac7&id=CCTV9&type=yy, From: subscribe, IPv_Type: ipv6, Location: 美国, ISP: CloudFlare Inc., Date: None, Delay: -1 ms, Speed: 0.00 M/s, Resolution: None
Name: CCTV-9, URL: https://migu.188766.xyz/?migutoken=b2ee40d6178c03089db9a0ea1af820b9&id=CCTV9&type=yy, From: subscribe, IPv_Type: ipv6, Location: 美国, ISP: CloudFlare Inc., Date: None, Delay: -1 ms, Speed: 0.00 M/s, Resolution: None
Name: CCTV-9, URL: https://migu.188766.xyz/?migutoken=39f5d785425973838f4bd08db78c66b3&id=CCTV9&type=yy, From: subscribe, IPv_Type: ipv6, Location: 美国, ISP: CloudFlare Inc., Date: None, Delay: -1 ms, Speed: 0.00 M/s, Resolution: None
Name: CCTV-9, URL: https://migu.188766.xyz/?migutoken=0fa25ae5d4a7ea6e74211d0bc26ce7b4&id=CCTV9&type=yy, From: subscribe, IPv_Type: ipv6, Location: 美国, ISP: CloudFlare Inc., Date: None, Delay: -1 ms, Speed: 0.00 M/s, Resolution: None
Name: CCTV-9, URL: https://migu.188766.xyz/?migutoken=39d30bdfcb53b7b8ad1d386a806d4ad9&id=CCTV9&type=yy, From: subscribe, IPv_Type: ipv6, Location: 美国, ISP: CloudFlare Inc., Date: None, Delay: -1 ms, Speed: 0.00 M/s, Resolution: None
Name: CCTV-9, URL: https://migu.188766.xyz/?migutoken=df17b6caa83a3527488df3b092e1f959&id=CCTV9&type=yy, From: subscribe, IPv_Type: ipv6, Location: 美国, ISP: CloudFlare Inc., Date: None, Delay: -1 ms, Speed: 0.00 M/s, Resolution: None
Name: CCTV-9, URL: https://migu.188766.xyz/?migutoken=2ca68161ae823be00665db2a76eea016&id=CCTV9&type=yy, From: subscribe, IPv_Type: ipv6, Location: 美国, ISP: CloudFlare Inc., Date: None, Delay: -1 ms, Speed: 0.00 M/s, Resolution: None
Name: CCTV-9, URL: https://migu.188766.xyz/?migutoken=bb734687d3f05c3b676b9134ab55801f&id=CCTV9&type=yy, From: subscribe, IPv_Type: ipv6, Location: 美国, ISP: CloudFlare Inc., Date: None, Delay: -1 ms, Speed: 0.00 M/s, Resolution: None
Name: CCTV-9, URL: https://migu.188766.xyz/?migutoken=c904884d91a06bf74c65bc86ddc35c98&id=CCTV9&type=yy, From: subscribe, IPv_Type: ipv6, Location: 美国, ISP: CloudFlare Inc., Date: None, Delay: -1 ms, Speed: 0.00 M/s, Resolution: None
Name: CCTV-9, URL: https://migu.188766.xyz/?migutoken=9e7c478075020abeeda636a53701a7b1&id=CCTV9&type=yy, From: subscribe, IPv_Type: ipv6, Location: 美国, ISP: CloudFlare Inc., Date: None, Delay: -1 ms, Speed: 0.00 M/s, Resolution: None
Name: CCTV-9, URL: https://migu.188766.xyz/?migutoken=5dea409fe6a7ed74ea95fd56e67c6d3a&id=CCTV9&type=yy, From: subscribe, IPv_Type: ipv6, Location: 美国, ISP: CloudFlare Inc., Date: None, Delay: -1 ms, Speed: 0.00 M/s, Resolution: None
Name: CCTV-9, URL: https://migu.188766.xyz/?migutoken=99adab05483433b9bbf4c1af110760b3&id=CCTV9&type=yy, From: subscribe, IPv_Type: ipv6, Location: 美国, ISP: CloudFlare Inc., Date: None, Delay: -1 ms, Speed: 0.00 M/s, Resolution: None
Name: CCTV-9, URL: https://migu.188766.xyz/?migutoken=fac42ea373b9f84dd39b533438525583&id=CCTV9&type=yy, From: subscribe, IPv_Type: ipv6, Location: 美国, ISP: CloudFlare Inc., Date: None, Delay: -1 ms, Speed: 0.00 M/s, Resolution: None
Name: CCTV-9, URL: https://migu.188766.xyz/?migutoken=d677c38017eac0710844dbcee7e2f3bb&id=CCTV9&type=yy, From: subscribe, IPv_Type: ipv6, Location: 美国, ISP: CloudFlare Inc., Date: None, Delay: -1 ms, Speed: 0.00 M/s, Resolution: None
Name: CCTV-9, URL: https://migu.188766.xyz/?migutoken=5d5c0fbe37e987b7a21e5be4a0f9dccb&id=CCTV9&type=yy, From: subscribe, IPv_Type: ipv6, Location: 美国, ISP: CloudFlare Inc., Date: None, Delay: -1 ms, Speed: 0.00 M/s, Resolution: None
Name: CCTV-9, URL: https://migu.188766.xyz/?migutoken=153de0a033a55c8ceaf6e039979599ef&id=CCTV9&type=yy, From: subscribe, IPv_Type: ipv6, Location: 美国, ISP: CloudFlare Inc., Date: None, Delay: -1 ms, Speed: 0.00 M/s, Resolution: None
Name: CCTV-9, URL: https://migu.188766.xyz/?migutoken=afe2117a10c80d26c9581dd214d56fa9&id=CCTV9&type=yy, From: subscribe, IPv_Type: ipv6, Location: 美国, ISP: CloudFlare Inc., Date: None, Delay: -1 ms, Speed: 0.00 M/s, Resolution: None
Name: CCTV-9, URL: https://migu.188766.xyz/?migutoken=04cd2cc8970d8153f9dad9ecc1d6dd29&id=CCTV9&type=yy, From: subscribe, IPv_Type: ipv6, Location: 美国, ISP: CloudFlare Inc., Date: None, Delay: -1 ms, Speed: 0.00 M/s, Resolution: None
Name: CCTV-9, URL: https://migu.188766.xyz/?migutoken=e7002072abe31eb664ee38b68a1b8664&id=CCTV9&type=yy, From: subscribe, IPv_Type: ipv6, Location: 美国, ISP: CloudFlare Inc., Date: None, Delay: -1 ms, Speed: 0.00 M/s, Resolution: None
Name: CCTV-9, URL: https://migu.188766.xyz/?migutoken=cd95a235a7cfc0765c98efadfcf5b03c&id=CCTV9&type=yy, From: subscribe, IPv_Type: ipv6, Location: 美国, ISP: CloudFlare Inc., Date: None, Delay: -1 ms, Speed: 0.00 M/s, Resolution: None
Name: CCTV-9, URL: https://migu.188766.xyz/?migutoken=379ce64d80e9b2e1cd4c6deae52f24bf&id=CCTV9&type=yy, From: subscribe, IPv_Type: ipv6, Location: 美国, ISP: CloudFlare Inc., Date: None, Delay: -1 ms, Speed: 0.00 M/s, Resolution: None
Name: CCTV-9, URL: https://migu.188766.xyz/?migutoken=50b2ed0172f262453904d5af3a6d4bdb&id=CCTV9&type=yy, From: subscribe, IPv_Type: ipv6, Location: 美国, ISP: CloudFlare Inc., Date: None, Delay: -1 ms, Speed: 0.00 M/s, Resolution: None
Name: CCTV-9, URL: https://migu.188766.xyz/?migutoken=4b4fcf74218d43cc86ab51bb0ca9ac63&id=CCTV9&type=yy, From: subscribe, IPv_Type: ipv6, Location: 美国, ISP: CloudFlare Inc., Date: None, Delay: -1 ms, Speed: 0.00 M/s, Resolution: None
Name: CCTV-9, URL: https://migu.188766.xyz/?migutoken=bf2e9042229fd4c91f53340eb191dd44&id=CCTV9&type=yy, From: subscribe, IPv_Type: ipv6, Location: 美国, ISP: CloudFlare Inc., Date: None, Delay: -1 ms, Speed: 0.00 M/s, Resolution: None
Name: CCTV-9, URL: https://migu.188766.xyz/?migutoken=47fafd9372b3556d8a58e25d7df0c9be&id=CCTV9&type=yy, From: subscribe, IPv_Type: ipv6, Location: 美国, ISP: CloudFlare Inc., Date: None, Delay: -1 ms, Speed: 0.00 M/s, Resolution: None
Name: CCTV-9, URL: https://migu.188766.xyz/?migutoken=ae67bb121c504e33d6a480573cf01c56&id=CCTV9&type=yy, From: subscribe, IPv_Type: ipv6, Location: 美国, ISP: CloudFlare Inc., Date: None, Delay: -1 ms, Speed: 0.00 M/s, Resolution: None
Name: CCTV-9, URL: https://migu.188766.xyz/?migutoken=00d973c3f525481ffb1868ab71fcc370&id=CCTV9&type=yy, From: subscribe, IPv_Type: ipv6, Location: 美国, ISP: CloudFlare Inc., Date: None, Delay: -1 ms, Speed: 0.00 M/s, Resolution: None
Name: CCTV-9, URL: https://migu.188766.xyz/?migutoken=6fe6657a61135652c4fdf43513880faa&id=CCTV9&type=yy, From: subscribe, IPv_Type: ipv6, Location: 美国, ISP: CloudFlare Inc., Date: None, Delay: -1 ms, Speed: 0.00 M/s, Resolution: None
Name: CCTV-9, URL: https://migu.188766.xyz/?migutoken=3ac2cc8bff9ba38b60b1cf6be9cc2cba&id=CCTV9&type=yy, From: subscribe, IPv_Type: ipv6, Location: 美国, ISP: CloudFlare Inc., Date: None, Delay: -1 ms, Speed: 0.00 M/s, Resolution: None
Name: CCTV-9, URL: https://migu.188766.xyz/?migutoken=82c847286a8a13d5aaeb14cef695b662&id=CCTV9&type=yy, From: subscribe, IPv_Type: ipv6, Location: 美国, ISP: CloudFlare Inc., Date: None, Delay: -1 ms, Speed: 0.00 M/s, Resolution: None
Name: CCTV-9, URL: https://migu.188766.xyz/?migutoken=bbbff28daaaff65ddb942d01d5ba1bed&id=CCTV9&type=yy, From: subscribe, IPv_Type: ipv6, Location: 美国, ISP: CloudFlare Inc., Date: None, Delay: -1 ms, Speed: 0.00 M/s, Resolution: None
Name: CCTV-9, URL: https://migu.188766.xyz/?migutoken=1a3e7901821a691e0b0a6f69238673c1&id=CCTV9&type=yy, From: subscribe, IPv_Type: ipv6, Location: 美国, ISP: CloudFlare Inc., Date: None, Delay: -1 ms, Speed: 0.00 M/s, Resolution: None
Name: CCTV-9, URL: https://migu.188766.xyz/?migutoken=6ad7e66f96bcd2d6994e7fe33db06e8a&id=CCTV9&type=yy, From: subscribe, IPv_Type: ipv6, Location: 美国, ISP: CloudFlare Inc., Date: None, Delay: -1 ms, Speed: 0.00 M/s, Resolution: None
Name: CCTV-9, URL: https://migu.188766.xyz/?migutoken=5a255fbdfcadae20ecbc8ca798490178&id=CCTV9&type=yy, From: subscribe, IPv_Type: ipv6, Location: 美国, ISP: CloudFlare Inc., Date: None, Delay: -1 ms, Speed: 0.00 M/s, Resolution: None
Name: CCTV-9, URL: https://migu.188766.xyz/?migutoken=e6ba43d799b0fbaf377be28384b3f769&id=CCTV9&type=yy, From: subscribe, IPv_Type: ipv6, Location: 美国, ISP: CloudFlare Inc., Date: None, Delay: -1 ms, Speed: 0.00 M/s, Resolution: None
Name: CCTV-9, URL: https://migu.188766.xyz/?migutoken=f379b3bf793c588f64c146eede91e20a&id=CCTV9&type=yy, From: subscribe, IPv_Type: ipv6, Location: 美国, ISP: CloudFlare Inc., Date: None, Delay: -1 ms, Speed: 0.00 M/s, Resolution: None
Name: CCTV-9, URL: https://migu.188766.xyz/?migutoken=e8225452aac9aaf3fd5398a0db538269&id=CCTV9&type=yy, From: subscribe, IPv_Type: ipv6, Location: 美国, ISP: CloudFlare Inc., Date: None, Delay: -1 ms, Speed: 0.00 M/s, Resolution: None
Name: CCTV-9, URL: https://migu.188766.xyz/?migutoken=90dc658e63d21d365f3cec5ad3e4e53b&id=CCTV9&type=yy, From: subscribe, IPv_Type: ipv6, Location: 美国, ISP: CloudFlare Inc., Date: None, Delay: -1 ms, Speed: 0.00 M/s, Resolution: None
Name: CCTV-9, URL: https://migu.188766.xyz/?migutoken=682e7220fc0e84a1337533bf8569939e&id=CCTV9&type=yy, From: subscribe, IPv_Type: ipv6, Location: 美国, ISP: CloudFlare Inc., Date: None, Delay: -1 ms, Speed: 0.00 M/s, Resolution: None
Name: CCTV-9, URL: https://migu.188766.xyz/?migutoken=af1d818b0d6a4d8910e63ec1fa6d826b&id=CCTV9&type=yy, From: subscribe, IPv_Type: ipv6, Location: 美国, ISP: CloudFlare Inc., Date: None, Delay: -1 ms, Speed: 0.00 M/s, Resolution: None
Name: CCTV-9, URL: https://migu.188766.xyz/?migutoken=ce8147797001f8e6280943dc0863d36b&id=CCTV9&type=yy, From: subscribe, IPv_Type: ipv6, Location: 美国, ISP: CloudFlare Inc., Date: None, Delay: -1 ms, Speed: 0.00 M/s, Resolution: None
Name: CCTV-9, URL: https://migu.188766.xyz/?migutoken=cd5cfd9afe2a583f2a02de29f59a18b6&id=CCTV9&type=yy, From: subscribe, IPv_Type: ipv6, Location: 美国, ISP: CloudFlare Inc., Date: None, Delay: -1 ms, Speed: 0.00 M/s, Resolution: None
Name: CCTV-9, URL: https://migu.188766.xyz/?migutoken=bcae14069fe6f976a293decbf9be859b&id=CCTV9&type=yy, From: subscribe, IPv_Type: ipv6, Location: 美国, ISP: CloudFlare Inc., Date: None, Delay: -1 ms, Speed: 0.00 M/s, Resolution: None
Name: CCTV-9, URL: https://migu.188766.xyz/?migutoken=a6cc7471a83ac68153a166f647d78d01&id=CCTV9&type=yy, From: subscribe, IPv_Type: ipv6, Location: 美国, ISP: CloudFlare Inc., Date: None, Delay: -1 ms, Speed: 0.00 M/s, Resolution: None
Name: CCTV-9, URL: https://migu.188766.xyz/?migutoken=a9eb0a54904b01b2c89a4e4ef29cc917&id=CCTV9&type=yy, From: subscribe, IPv_Type: ipv6, Location: 美国, ISP: CloudFlare Inc., Date: None, Delay: -1 ms, Speed: 0.00 M/s, Resolution: None
Name: CCTV-9, URL: https://migu.188766.xyz/?migutoken=24ce5b4342887d87ef64ce6f5ff5b2bd&id=CCTV9&type=yy, From: subscribe, IPv_Type: ipv6, Location: 美国, ISP: CloudFlare Inc., Date: None, Delay: -1 ms, Speed: 0.00 M/s, Resolution: None
Name: CCTV-9, URL: https://migu.188766.xyz/?migutoken=d3d0b26dd63468e6df73ccfe2241f324&id=CCTV9&type=yy, From: subscribe, IPv_Type: ipv6, Location: 美国, ISP: CloudFlare Inc., Date: None, Delay: -1 ms, Speed: 0.00 M/s, Resolution: None
Name: CCTV-9, URL: https://migu.188766.xyz/?migutoken=829a887c0e5602be9149303f14d6b716&id=CCTV9&type=yy, From: subscribe, IPv_Type: ipv6, Location: 美国, ISP: CloudFlare Inc., Date: None, Delay: -1 ms, Speed: 0.00 M/s, Resolution: None
Name: CCTV-9, URL: https://migu.188766.xyz/?migutoken=290f591d224def7bd1390b7f32de19a8&id=CCTV9&type=yy, From: subscribe, IPv_Type: ipv6, Location: 美国, ISP: CloudFlare Inc., Date: None, Delay: -1 ms, Speed: 0.00 M/s, Resolution: None
Name: CCTV-9, URL: https://migu.188766.xyz/?migutoken=cce598abbc281e6fb843c9031cc1ce9c&id=CCTV9&type=yy, From: subscribe, IPv_Type: ipv6, Location: 美国, ISP: CloudFlare Inc., Date: None, Delay: -1 ms, Speed: 0.00 M/s, Resolution: None
Name: CCTV-9, URL: https://migu.188766.xyz/?migutoken=f74a40833b7378f78954d83203b8577f&id=CCTV9&type=yy, From: subscribe, IPv_Type: ipv6, Location: 美国, ISP: CloudFlare Inc., Date: None, Delay: -1 ms, Speed: 0.00 M/s, Resolution: None
Name: CCTV-9, URL: https://migu.188766.xyz/?migutoken=ac2675d2e69d8b81d236ca5103390dcc&id=CCTV9&type=yy, From: subscribe, IPv_Type: ipv6, Location: 美国, ISP: CloudFlare Inc., Date: None, Delay: -1 ms, Speed: 0.00 M/s, Resolution: None
Name: CCTV-9, URL: https://migu.188766.xyz/?migutoken=1899b4ffb8bec2a690be09ca8120a1f8&id=CCTV9&type=yy, From: subscribe, IPv_Type: ipv6, Location: 美国, ISP: CloudFlare Inc., Date: None, Delay: -1 ms, Speed: 0.00 M/s, Resolution: None
Name: CCTV-9, URL: http://mgsp-ws2.live.miguvideo.com:8088/migu/kailu/20200324/cctv9hd/51/index.m3u8?msisdn=e55e9ee71b42d2d7008a152c069625e3&mdspid=&spid=699004&netType=0&sid=5501083624&pid=2028597139&timestamp=20260215080204&Channel_ID=0116_2600034600-99000-201600010010028&ProgramID=673168140&ParentNodeID=-99&assertID=5501083624&client_ip=218.28.233.106&SecurityKey=20260215080204&promotionId=&mvid=5102910384&mcid=500020&playurlVersion=WX-A1-9.2.1-RELEASE&userid=&jmhm=&videocodec=h264&appCode=miguvideo_android&bean=mgspad&tid=android&conFee=0&encrypt=e8b5325449b108360b5342f2c57cd141&sv=10004&ct=android, From: subscribe, IPv_Type: ipv6, Location: 加拿大, ISP: , Date: None, Delay: -1 ms, Speed: 0.00 M/s, Resolution: None
Name: CCTV-9, URL: https://migu.188766.xyz/?migutoken=cab0cedaf6583f8997f7570aaccba263&id=CCTV9&type=yy, From: subscribe, IPv_Type: ipv6, Location: 美国, ISP: CloudFlare Inc., Date: None, Delay: -1 ms, Speed: 0.00 M/s, Resolution: None
Name: CCTV-9, URL: https://migu.188766.xyz/?migutoken=cddc3da619b8e41639d516327747f105&id=CCTV9&type=yy, From: subscribe, IPv_Type: ipv6, Location: 美国, ISP: CloudFlare Inc., Date: None, Delay: -1 ms, Speed: 0.00 M/s, Resolution: None
Name: CCTV-9, URL: https://migu.188766.xyz/?migutoken=118ad8d8cd200c99a3e952749600900e&id=CCTV9&type=yy, From: subscribe, IPv_Type: ipv6, Location: 美国, ISP: CloudFlare Inc., Date: None, Delay: -1 ms, Speed: 0.00 M/s, Resolution: None
Name: CCTV-9, URL: http://74.91.26.218:82/live/cctv9hd.m3u8, From: subscribe, IPv_Type: ipv4, Location: 美国, ISP: , Date: None, Delay: 10179 ms, Speed: 0.28 M/s, Resolution: 1280x720
Name: CCTV-10, URL: http://z.b.bkpcp.top/m.php?id=CCTV-10科教科教, From: subscribe, IPv_Type: ipv6, Location: 美国, ISP: CloudFlare Inc., Date: None, Delay: 0.1 ms, Speed: inf M/s, Resolution: 1920x1080
Name: CCTV-10, URL: http://goo.bkpcp.top/mg/cctv10, From: subscribe, IPv_Type: ipv6, Location: 美国, ISP: CloudFlare Inc., Date: None, Delay: 0.1 ms, Speed: inf M/s, Resolution: 1920x1080
Name: CCTV-10, URL: http://iptv.huuc.edu.cn/hls/cctv10hd.m3u8, From: subscribe, IPv_Type: ipv6, Location: 中国, ISP: 教育网, Date: None, Delay: 0.1 ms, Speed: inf M/s, Resolution: 1920x1080
Name: CCTV-10, URL: https://smart.pendy.dpdns.org/Smart.php?id=cctv10hd, From: subscribe, IPv_Type: ipv6, Location: 美国, ISP: CloudFlare Inc., Date: None, Delay: 0.1 ms, Speed: inf M/s, Resolution: 1920x1080
Name: CCTV-10, URL: http://[2409:8087:1a01:df::4077]/ottrrs.hl.chinamobile.com/PLTV/88888888/8/3221225730/index.m3u8, From: subscribe, IPv_Type: ipv6, Location: 中国, ISP: 中国移动, Date: None, Delay: 0.1 ms, Speed: inf M/s, Resolution: 1920x1080
Name: CCTV-10, URL: http://[2409:8087:8:21::18]:6610/otttv.bj.chinamobile.com/PLTV/88888888/224/3221226449/1.m3u8, From: subscribe, IPv_Type: ipv6, Location: 中国, ISP: 中国移动, Date: None, Delay: 0.1 ms, Speed: inf M/s, Resolution: 1920x1080
Name: CCTV-10, URL: http://[2409:8087:8:21::18]:6610/otttv.bj.chinamobile.com/PLTV/88888888/224/3221226464/1.m3u8, From: subscribe, IPv_Type: ipv6, Location: 中国, ISP: 中国移动, Date: None, Delay: 0.1 ms, Speed: inf M/s, Resolution: 1920x1080
Name: CCTV-10, URL: http://[2409:8087:1a0a:df::404b]/ottrrs.hl.chinamobile.com/TVOD/88888888/224/3221225730/index.m3u8, From: subscribe, IPv_Type: ipv6, Location: 中国, ISP: 中国移动, Date: None, Delay: 0.1 ms, Speed: inf M/s, Resolution: 1920x1080
Name: CCTV-10, URL: http://[2409:8087:1a01:df::4077]/ottrrs.hl.chinamobile.com/PLTV/88888888/224/3221225730/index.m3u8, From: subscribe, IPv_Type: ipv6, Location: 中国, ISP: 中国移动, Date: None, Delay: -1 ms, Speed: 0.00 M/s, Resolution: None
Name: CCTV-10, URL: https://www.freetv.top/migu/624878405.m3u8?migutoken=e7e8abe9ae322869a93e8450014e08c5949217331c53007abb9f6eee64b06cc42f81828befee8b129005bcdebf805a1bbd19f0949e8329cf7ff4ab9379e930cfb8185ddf66c83b972ea6481e86, From: subscribe, IPv_Type: ipv6, Location: 美国-加利福尼亚州-圣克拉拉, ISP: DigitalOcean, Date: None, Delay: 0.1 ms, Speed: inf M/s, Resolution: 1920x1080
Name: CCTV-10, URL: http://www.freetv.top/migu/624878405.m3u8?migutoken=994dc87ce4767211215bbc02fa208301259959a2d995deb9996c41b650e244fc75c3d5bae41d623bed5ba96aa38c7ea483d856771c119f74e8bb93fb60dc8304e146d0bf46405e88554d84e414, From: subscribe, IPv_Type: ipv6, Location: 美国-加利福尼亚州-圣克拉拉, ISP: DigitalOcean, Date: None, Delay: 0.1 ms, Speed: inf M/s, Resolution: 1920x1080
Name: CCTV-10, URL: https://www.freetv.top/migu/624878405.m3u8?migutoken=b1b22121df2bcd800e793b36913fab68d316021b76f648524809136fb73c1f61bca55e7a5b0562383be65dfcb00d638501b42d41f4e66fc266c568cf7a9986d9178f59c8f802bee2700c475a63, From: subscribe, IPv_Type: ipv6, Location: 美国-加利福尼亚州-圣克拉拉, ISP: DigitalOcean, Date: None, Delay: 0.1 ms, Speed: inf M/s, Resolution: 1920x1080
Name: CCTV-10, URL: https://www.freetv.top/migu/624878405.m3u8?migutoken=1a5db77292df44fecb968ef668ab090a7c82238b19114752945a92ba9ec29e57ce0ad92b07b97b3cb4c6dd2adf0e09784884ac82d7325841dd730b589ed13204f702613169b1590d2cebc3a3c9, From: subscribe, IPv_Type: ipv6, Location: 美国-加利福尼亚州-圣克拉拉, ISP: DigitalOcean, Date: None, Delay: 0.1 ms, Speed: inf M/s, Resolution: 1920x1080
Name: CCTV-10, URL: https://www.freetv.top/migu/624878405.m3u8?migutoken=cdd677bf376d3c88ad570a045459ef0e4297b0711bb8efa426e16b4c0d069c853fdc539b08e8af8014b7362ec2443685fa9b75e5e55c425a2700ddd298bb7a0a104c8e034135b4f2456d0c26ca, From: subscribe, IPv_Type: ipv6, Location: 美国-加利福尼亚州-圣克拉拉, ISP: DigitalOcean, Date: None, Delay: 0.1 ms, Speed: inf M/s, Resolution: 1920x1080
Name: CCTV-10, URL: https://www.freetv.top/migu/624878405.m3u8?migutoken=57856cbec134c6ff7a049829b18cdb5c22c6e65b4d00db56bf05367137ce52b45d1641ce2d193f0e2bc4b2fb3a0253c58dcd15e7ccd521b07f795e8bc2e63a68c24bb377becebc67f96cd23d21, From: subscribe, IPv_Type: ipv6, Location: 美国-加利福尼亚州-圣克拉拉, ISP: DigitalOcean, Date: None, Delay: 0.1 ms, Speed: inf M/s, Resolution: 1920x1080
Name: CCTV-10, URL: https://www.freetv.top/migu/624878405.m3u8?migutoken=dc9e41d483fefd536dad7a6eb4d91f4a9d37e906ce1c582b1cc85960d34d36df8b864db7f8148188e2997210544c1455ac19fa4063b67d5521ece7addf0089d1209518e453b304d3fde926ff6a, From: subscribe, IPv_Type: ipv6, Location: 美国-加利福尼亚州-圣克拉拉, ISP: DigitalOcean, Date: None, Delay: 0.1 ms, Speed: inf M/s, Resolution: 1920x1080
Name: CCTV-10, URL: https://www.freetv.top/migu/624878405.m3u8?migutoken=b031282d8102da601efdb58208602ae789e7b6f55c9d261e7847daab04f4426ab3eb370da9611721f213b7b78101e1bbe55b066bfcce6410254cdcadb36bfac54a47b7a7b24cda1b4c19590f8d, From: subscribe, IPv_Type: ipv6, Location: 美国-加利福尼亚州-圣克拉拉, ISP: DigitalOcean, Date: None, Delay: 0.1 ms, Speed: inf M/s, Resolution: 1920x1080
Name: CCTV-10, URL: https://www.freetv.top/migu/624878405.m3u8?migutoken=a825f44b603419477b95fed9f1e947fea9e27bcde29c94cf67aec76845bd588aa5c9914b79d29cb3014756c2909a95f0941589b5faaddc8b9eba64ec444d9c9999083bc0240af4f194167d81e3, From: subscribe, IPv_Type: ipv6, Location: 美国-加利福尼亚州-圣克拉拉, ISP: DigitalOcean, Date: None, Delay: 0.1 ms, Speed: inf M/s, Resolution: 1920x1080
Name: CCTV-10, URL: https://www.freetv.top/migu/624878405.m3u8?migutoken=07b6e1d4124dd85ca8138b8d8dcd646323952053748d7d5ac0a2b31dcb6626c605fb05470545bd0f7e0d23e807e6909b517b2b8b5e2eaa926600edaa15d80aee9b900245924108c86040411cd4, From: subscribe, IPv_Type: ipv6, Location: 美国-加利福尼亚州-圣克拉拉, ISP: DigitalOcean, Date: None, Delay: 0.1 ms, Speed: inf M/s, Resolution: 1920x1080
Name: CCTV-10, URL: https://www.freetv.top/migu/624878405.m3u8?migutoken=c9f89ca38aecd9efd7438d02f07aae1d622407222b2143b84ac81a0b8046d4edf31dff9b382a346f7ec0e11cfbe4780dc7b671024edc7d941d9f8e52bc23439b00a4cd935c472de660659d90ae, From: subscribe, IPv_Type: ipv6, Location: 美国-加利福尼亚州-圣克拉拉, ISP: DigitalOcean, Date: None, Delay: 0.1 ms, Speed: inf M/s, Resolution: 1920x1080
Name: CCTV-10, URL: https://www.freetv.top/migu/624878405.m3u8?migutoken=5783d6764a44078f77c189aa651d24d01f75d2491bf506a64e6beb4a124aa6939c36d394986e5113c18af52d6caa965b757edb8436760bd448a102e94fdfe0e89f12cbfcd443a8bbfff3b85a4a, From: subscribe, IPv_Type: ipv6, Location: 美国-加利福尼亚州-圣克拉拉, ISP: DigitalOcean, Date: None, Delay: 0.1 ms, Speed: inf M/s, Resolution: 1920x1080
Name: CCTV-10, URL: http://yc.myds.me:35455/gaoma/cctv10.m3u8, From: subscribe, IPv_Type: ipv6, Location: 中国, ISP: 中国电信, Date: None, Delay: 0.1 ms, Speed: inf M/s, Resolution: 1920x1080
Name: CCTV-10, URL: http://nas.suntao.online:35455/itv/1000000005000265010.m3u8?cdn=ystenlive, From: subscribe, IPv_Type: ipv6, Location: 中国, ISP: 中国联通, Date: None, Delay: 0.1 ms, Speed: inf M/s, Resolution: 1920x1080
Name: CCTV-10, URL: http://iptv.cdn.ha.chinamobile.com/PLTV/88888888/224/3221227169/index.m3u8, From: subscribe, IPv_Type: ipv6, Location: 中国, ISP: 中国移动, Date: None, Delay: 0.1 ms, Speed: inf M/s, Resolution: 1920x1080
Name: CCTV-10, URL: https://stream1.freetv.fun/0097d6d3aaaae0d7ba50b88694af9eedac6c2c47f58f439b7df562d5d69db3b1.m3u8, From: subscribe, IPv_Type: ipv6, Location: 美国, ISP: CloudFlare Inc., Date: None, Delay: 0.1 ms, Speed: inf M/s, Resolution: 1920x1080
Name: CCTV-10, URL: https://stream1.freetv.fun/702a248005dd0225d8ed1dfb970e3a9bf4c3c41c0369865e4844b6130b4ff0d0.m3u8, From: subscribe, IPv_Type: ipv6, Location: 美国, ISP: CloudFlare Inc., Date: None, Delay: 0.1 ms, Speed: inf M/s, Resolution: 1920x1080
Name: CCTV-10, URL: https://stream1.freetv.fun/fec45b2900e5d858cb7375e33af1adf63d089424e7d37955bb3b957ce7239f60.m3u8, From: subscribe, IPv_Type: ipv6, Location: 美国, ISP: CloudFlare Inc., Date: None, Delay: 0.1 ms, Speed: inf M/s, Resolution: 1920x1080
Name: CCTV-10, URL: https://stream1.freetv.fun/fc4ec3776e35fb26e916aaaf8b4dddcb61d40160981a5a95143383f610d272df.m3u8, From: subscribe, IPv_Type: ipv6, Location: 美国, ISP: CloudFlare Inc., Date: None, Delay: 0.1 ms, Speed: inf M/s, Resolution: 1920x1080
Name: CCTV-10, URL: https://stream1.freetv.fun/0ea747e2b910912d7b767737051b09d3af710dd38a7ec89f24090e34e3e4f08a.m3u8, From: subscribe, IPv_Type: ipv6, Location: 美国, ISP: CloudFlare Inc., Date: None, Delay: 0.1 ms, Speed: inf M/s, Resolution: 1920x1080
Name: CCTV-10, URL: https://stream1.freetv.fun/7323c2efe49f2613b76b504466d61dff2076e1f0c54b5d23d35d9b51f02123c8.m3u8, From: subscribe, IPv_Type: ipv6, Location: 美国, ISP: CloudFlare Inc., Date: None, Delay: 0.1 ms, Speed: inf M/s, Resolution: 1920x1080
Name: CCTV-10, URL: https://stream1.freetv.fun/f799599318015da6eec5ee838c7d8b18fc0f42177d00ea972d167878b7364da4.m3u8, From: subscribe, IPv_Type: ipv6, Location: 美国, ISP: CloudFlare Inc., Date: None, Delay: 0.1 ms, Speed: inf M/s, Resolution: 1920x1080
Name: CCTV-10, URL: https://stream1.freetv.fun/e80c42bf7edf60df8a31f6bd221d0798622512c7c3adc6f3fe2bae17dfed5b97.m3u8, From: subscribe, IPv_Type: ipv6, Location: 美国, ISP: CloudFlare Inc., Date: None, Delay: 0.1 ms, Speed: inf M/s, Resolution: 1920x1080
Name: CCTV-10, URL: https://stream1.freetv.fun/eebadcfaecdf8fdfc207da4e2201043e5c7f5d79f56b03f1e44d17886d7546f5.m3u8, From: subscribe, IPv_Type: ipv6, Location: 美国, ISP: CloudFlare Inc., Date: None, Delay: 0.1 ms, Speed: inf M/s, Resolution: 1920x1080
Name: CCTV-10, URL: https://stream1.freetv.fun/3025f062afb1cb23784f5ffdfaa4ff243b2d34cbaa22fc930a83afefea1b644d.m3u8, From: subscribe, IPv_Type: ipv6, Location: 美国, ISP: CloudFlare Inc., Date: None, Delay: 0.1 ms, Speed: inf M/s, Resolution: 1920x1080
Name: CCTV-10, URL: https://stream1.freetv.fun/7d9ec2d79c502c67b791e5edfa7d2b7a8da27cc1196fe4a011e67e8bc54c886d.m3u8, From: subscribe, IPv_Type: ipv6, Location: 美国, ISP: CloudFlare Inc., Date: None, Delay: 0.1 ms, Speed: inf M/s, Resolution: 1920x1080
Name: CCTV-10, URL: https://stream1.freetv.fun/9ff529699f3b6a0d5a7f0aae87d4944817ba39cc804d10262699252a5a624bf2.m3u8, From: subscribe, IPv_Type: ipv6, Location: 美国, ISP: CloudFlare Inc., Date: None, Delay: 0.1 ms, Speed: inf M/s, Resolution: 1920x1080
Name: CCTV-10, URL: https://stream1.freetv.fun/cc782ceeaaa1103be2593c8ad493ee337d4abd4f903f28d9fa21016020914069.m3u8, From: subscribe, IPv_Type: ipv6, Location: 美国, ISP: CloudFlare Inc., Date: None, Delay: 0.1 ms, Speed: inf M/s, Resolution: 1920x1080
Name: CCTV-10, URL: https://stream1.freetv.fun/f469851fa4b0067631736e4bded110d5c7590a800adc30e535c02044b6301a09.m3u8, From: subscribe, IPv_Type: ipv6, Location: 美国, ISP: CloudFlare Inc., Date: None, Delay: 0.1 ms, Speed: inf M/s, Resolution: 1920x1080
Name: CCTV-10, URL: https://stream1.freetv.fun/47f2da5e9e93a257e9c47aeccfacef9ddb6665ab0752caa93aa4c6e3583ec64f.m3u8, From: subscribe, IPv_Type: ipv6, Location: 美国, ISP: CloudFlare Inc., Date: None, Delay: 0.1 ms, Speed: inf M/s, Resolution: 1920x1080
Name: CCTV-10, URL: https://stream1.freetv.fun/0dcbed2ed662304a0dfedbfd136a829adf1c5248c533627626fddff02fb1b19f.m3u8, From: subscribe, IPv_Type: ipv6, Location: 美国, ISP: CloudFlare Inc., Date: None, Delay: 0.1 ms, Speed: inf M/s, Resolution: 1920x1080
Name: CCTV-10, URL: https://stream1.freetv.fun/0937483bd03ffa7801b20d2dd1857d0806bb69dbd4a947475f1511d7d448c44a.m3u8, From: subscribe, IPv_Type: ipv6, Location: 美国, ISP: CloudFlare Inc., Date: None, Delay: 0.1 ms, Speed: inf M/s, Resolution: 1920x1080
Name: CCTV-10, URL: https://stream1.freetv.fun/a069427ccbbbce55eac15cf669f292774fdba54d938286ecaa0dfcb7209fa3c7.m3u8, From: subscribe, IPv_Type: ipv6, Location: 美国, ISP: CloudFlare Inc., Date: None, Delay: 0.1 ms, Speed: inf M/s, Resolution: 1920x1080
Name: CCTV-10, URL: http://hwrr.jx.chinamobile.com:8080/PLTV/88888888/224/3221225627/index.m3u8, From: subscribe, IPv_Type: ipv6, Location: 中国, ISP: 中国移动, Date: None, Delay: 0.1 ms, Speed: inf M/s, Resolution: 1920x1080
Name: CCTV-10, URL: http://hwrr.jx.chinamobile.com:8080/PLTV/88888888/224/3221225636/index.m3u8, From: subscribe, IPv_Type: ipv6, Location: 中国, ISP: 中国移动, Date: None, Delay: 0.1 ms, Speed: inf M/s, Resolution: 1920x1080
Name: CCTV-10, URL: http://lu.wqwqwq.sbs/itv/1000000005000265010.m3u8?cdn=ystenlive, From: subscribe, IPv_Type: ipv6, Location: 美国, ISP: CloudFlare Inc., Date: None, Delay: 0.1 ms, Speed: inf M/s, Resolution: 1920x1080
Name: CCTV-10, URL: http://[2409:8087:5e01:34::20]:6610/ZTE_CMS/00000001000000060000000000000375/index.m3u8?IAS, From: subscribe, IPv_Type: ipv6, Location: 中国, ISP: 中国移动, Date: None, Delay: 0.1 ms, Speed: inf M/s, Resolution: 1920x1080
Name: CCTV-10, URL: http://[2409:8087:5e01:34::22]:6610/ZTE_CMS/00000001000000060000000000000375/index.m3u8?IAS, From: subscribe, IPv_Type: ipv6, Location: 中国, ISP: 中国移动, Date: None, Delay: 0.1 ms, Speed: inf M/s, Resolution: 1920x1080
Name: CCTV-10, URL: http://[2409:8087:5e01:34::23]:6610/ZTE_CMS/00000001000000060000000000000375/index.m3u8?IAS, From: subscribe, IPv_Type: ipv6, Location: 中国, ISP: 中国移动, Date: None, Delay: 0.1 ms, Speed: inf M/s, Resolution: 1920x1080
Name: CCTV-10, URL: http://dbiptv.sn.chinamobile.com/PLTV/88888890/224/3221226189/index.m3u8, From: subscribe, IPv_Type: ipv6, Location: 中国, ISP: 中国移动, Date: None, Delay: 0.1 ms, Speed: inf M/s, Resolution: 1920x1080
Name: CCTV-10, URL: https://stream1.freetv.fun/6f4489c5bc615294be1c5af5c9abd1f0b3d4e9728da4a010e6385f2ca11facb0.m3u8, From: subscribe, IPv_Type: ipv6, Location: 美国, ISP: CloudFlare Inc., Date: None, Delay: 0.1 ms, Speed: inf M/s, Resolution: 1920x1080
Name: CCTV-10, URL: http://zteres.sn.chinamobile.com:6060/000000001000/5000000004000012827/1.m3u8?channel-id=bestzb&Contentid=5000000004000012827&livemode=1&stbId=3, From: subscribe, IPv_Type: ipv6, Location: 中国, ISP: 中国移动, Date: None, Delay: 0.1 ms, Speed: inf M/s, Resolution: 1920x1080
Name: CCTV-10, URL: http://zteres.sn.chinamobile.com:6060/000000001000/5000000010000016738/1.m3u8?channel-id=bestzb&Contentid=5000000010000016738&livemode=1&stbId=3, From: subscribe, IPv_Type: ipv6, Location: 中国, ISP: 中国移动, Date: None, Delay: 0.1 ms, Speed: inf M/s, Resolution: 1920x1080
Name: CCTV-10, URL: http://[2409:8087:4c0a:22:1::11]:6410/170000001115/UmaiCHAN3949784BESTVSMGSMG/index.m3u8?AuthInfo=9kOOdBn7MFF%2F2bWjKgahUXt3TPFwzzdHCkOT9AjSv5OuXozn3alq9%2BUx7ZLG1w9aOfkLjZvYj56D3xkOAtSOIoLsdw8c1%2BCwLDg1aS4esN4, From: subscribe, IPv_Type: ipv6, Location: 中国, ISP: 中国移动, Date: None, Delay: 0.1 ms, Speed: inf M/s, Resolution: 1920x1080
Name: CCTV-10, URL: http://[2409:8087:5e01:34::38]:6610/ZTE_CMS/00000001000000060000000000000375/index.m3u8, From: subscribe, IPv_Type: ipv6, Location: 中国, ISP: 中国移动, Date: None, Delay: 0.1 ms, Speed: inf M/s, Resolution: 1920x1080
Name: CCTV-10, URL: http://[2409:8087:5e00:24::1f]:6060/ZTE_CMS/00000001000000060000000000000375/index.m3u8, From: subscribe, IPv_Type: ipv6, Location: 中国, ISP: 中国移动, Date: None, Delay: 0.1 ms, Speed: inf M/s, Resolution: 1920x1080
Name: CCTV-10, URL: http://[2409:8087:5e01:34::21]:6610/ZTE_CMS/00000001000000060000000000000375/index.m3u8?IAS, From: subscribe, IPv_Type: ipv6, Location: 中国, ISP: 中国移动, Date: None, Delay: 0.1 ms, Speed: inf M/s, Resolution: 1920x1080
Name: CCTV-10, URL: http://[2409:8087:74f0:22::4]:6410/270000001128/9900000506/index.m3u8, From: subscribe, IPv_Type: ipv6, Location: 中国, ISP: 中国移动, Date: None, Delay: 0.1 ms, Speed: inf M/s, Resolution: 1920x1080
Name: CCTV-10, URL: http://[2409:8087:1a01:df::7005]/ottrrs.hl.chinamobile.com/PLTV/88888888/224/3221226473/index.m3u8, From: subscribe, IPv_Type: ipv6, Location: 中国, ISP: 中国移动, Date: None, Delay: 0.1 ms, Speed: inf M/s, Resolution: 1920x1080
Name: CCTV-10, URL: http://[2409:8087:3869:8021:1001::e5]:6610/PLTV/88888910/224/3221225636/index.m3u8, From: subscribe, IPv_Type: ipv6, Location: 中国, ISP: 中国移动, Date: None, Delay: -1 ms, Speed: 0.00 M/s, Resolution: None
Name: CCTV-10, URL: http://[2409:8087:8:21::18]:6610/otttv.bj.chinamobile.com/PLTV/88888888/224/3221226937/1.m3u8, From: subscribe, IPv_Type: ipv6, Location: 中国, ISP: 中国移动, Date: None, Delay: -1 ms, Speed: 0.00 M/s, Resolution: None
Name: CCTV-10, URL: http://rrs01.hw.gmcc.net:8088/PLTV/81/224/3221226708/1.m3u8, From: subscribe, IPv_Type: ipv6, Location: 中国, ISP: 中国移动, Date: None, Delay: -1 ms, Speed: 0.00 M/s, Resolution: None
Name: CCTV-10, URL: http://k.061899.xyz/m.php?id=cctv10, From: subscribe, IPv_Type: ipv6, Location: 新加坡, ISP: Aceville Pte.Ltd., Date: None, Delay: -1 ms, Speed: 0.00 M/s, Resolution: None
Name: CCTV-10, URL: http://[2409:8087:1a15:10d1::33]/ottrrs.hl.chinamobile.com/PLTV/88888888/224/3221225730/index.m3u8, From: subscribe, IPv_Type: ipv6, Location: 中国, ISP: 中国移动, Date: None, Delay: -1 ms, Speed: 0.00 M/s, Resolution: None
Name: CCTV-10, URL: http://[2409:8087:1a15:10d1::38]/ottrrs.hl.chinamobile.com/PLTV/88888888/224/3221225730/index.m3u8, From: subscribe, IPv_Type: ipv6, Location: 中国, ISP: 中国移动, Date: None, Delay: -1 ms, Speed: 0.00 M/s, Resolution: None
Name: CCTV-10, URL: http://[2409:8087:5e00:24::1e]:6060/200000001898/460000089800010046/1.m3u8, From: subscribe, IPv_Type: ipv6, Location: 中国, ISP: 中国移动, Date: None, Delay: -1 ms, Speed: 0.00 M/s, Resolution: None
Name: CCTV-10, URL: http://[2409:8087:5e08:25::16]:6610/200000001898/460000089800010046/1.m3u8, From: subscribe, IPv_Type: ipv6, Location: 中国, ISP: 中国移动, Date: None, Delay: -1 ms, Speed: 0.00 M/s, Resolution: None
Name: CCTV-10, URL: https://migu.188766.xyz/?migutoken=3374e5c8ddcbddb0de5b275c44014151&id=CCTV10&pp=1, From: subscribe, IPv_Type: ipv6, Location: 美国, ISP: CloudFlare Inc., Date: None, Delay: -1 ms, Speed: 0.00 M/s, Resolution: None
Name: CCTV-10, URL: https://cc06.tv12.xyz/11.m3u8, From: subscribe, IPv_Type: ipv6, Location: 美国, ISP: CloudFlare Inc., Date: None, Delay: -1 ms, Speed: 0.00 M/s, Resolution: None
Name: CCTV-10, URL: http://gslbmgsplive.miguvideo.com/wd_r2/2018/ocn/cctv10hd/2000/index.m3u8?msisdn=20250919080130be0f201daeef4284aaa4fd46aa1656b8&mdspid=&spid=699004&netType=0&sid=5500212874&pid=2028597139&timestamp=20250919080130&Channel_ID=0116_2600000900-99000-201600010010027&ProgramID=624878405&ParentNodeID=-99&assertID=5500212874&client_ip=106.13.250.88&SecurityKey=20250919080130&promotionId=&mvid=5100001696&mcid=500020&playurlVersion=WX-A1-8.9.1-RELEASE&userid=&jmhm=&videocodec=h264&bean=mgspad&tid=android&conFee=0&puData=48fc0bf9cfcaf223645c29909f38c27b&ddCalcu=b478e2f1cc48003bff990c9f9c2acf524263, From: subscribe, IPv_Type: ipv6, Location: 中国, ISP: 中国移动, Date: None, Delay: -1 ms, Speed: 0.00 M/s, Resolution: None
Name: CCTV-10, URL: https://jzb.wwkejishe.top/?id=588, From: subscribe, IPv_Type: ipv6, Location: 美国, ISP: CloudFlare Inc., Date: None, Delay: -1 ms, Speed: 0.00 M/s, Resolution: None
Name: CCTV-10, URL: https://migu.188766.xyz/?migutoken=9a1a35707f50f68e084865c504660239&id=CCTV10&type=yy, From: subscribe, IPv_Type: ipv6, Location: 美国, ISP: CloudFlare Inc., Date: None, Delay: -1 ms, Speed: 0.00 M/s, Resolution: None
Name: CCTV-10, URL: https://live.chinacert.cftest5.cn/mg/?id=624878405, From: subscribe, IPv_Type: ipv6, Location: 中国, ISP: 中国移动, Date: None, Delay: -1 ms, Speed: 0.00 M/s, Resolution: None
Name: CCTV-10, URL: https://migu.188766.xyz/?migutoken=3632204d54c6bba971bca7c0868cd87c&id=CCTV10&type=yy, From: subscribe, IPv_Type: ipv6, Location: 美国, ISP: CloudFlare Inc., Date: None, Delay: -1 ms, Speed: 0.00 M/s, Resolution: None
Name: CCTV-10, URL: https://iptv.catvod.com/live.php?id=CCTV-10%20%E7%A7%91%E6%95%99, From: subscribe, IPv_Type: ipv6, Location: 美国, ISP: CloudFlare Inc., Date: None, Delay: -1 ms, Speed: 0.00 M/s, Resolution: None
Name: CCTV-10, URL: https://zby.130519.xyz/PLTV/11/224/3221226169/index.m3u8, From: subscribe, IPv_Type: ipv6, Location: 美国, ISP: CloudFlare Inc., Date: None, Delay: -1 ms, Speed: 0.00 M/s, Resolution: None
Name: CCTV-10, URL: http://[2409:8087:8:21::18]:6610/otttv.bj.chinamobile.com/PLTV/88888888/224/3221226937/1.m3u8?, From: subscribe, IPv_Type: ipv6, Location: 中国, ISP: 中国移动, Date: None, Delay: -1 ms, Speed: 0.00 M/s, Resolution: None
Name: CCTV-10, URL: https://migu.188766.xyz/?migutoken=7d51d044bc46ed34de89e7e81f1a2bcc&id=CCTV10&type=yy, From: subscribe, IPv_Type: ipv6, Location: 美国, ISP: CloudFlare Inc., Date: None, Delay: -1 ms, Speed: 0.00 M/s, Resolution: None
Name: CCTV-10, URL: https://migu.188766.xyz/?migutoken=3c83b3513dfa45e4be049fd49ef32b95&id=CCTV10&type=yy, From: subscribe, IPv_Type: ipv6, Location: 美国, ISP: CloudFlare Inc., Date: None, Delay: -1 ms, Speed: 0.00 M/s, Resolution: None
Name: CCTV-10, URL: https://migu.188766.xyz/?migutoken=7f8038dae28deeffa94e38f5c1d7beec&id=CCTV10&type=yy, From: subscribe, IPv_Type: ipv6, Location: 美国, ISP: CloudFlare Inc., Date: None, Delay: -1 ms, Speed: 0.00 M/s, Resolution: None
Name: CCTV-10, URL: https://migu.188766.xyz/?migutoken=903bd1a689257933532b4f7113e686f4&id=CCTV10&type=yy, From: subscribe, IPv_Type: ipv6, Location: 美国, ISP: CloudFlare Inc., Date: None, Delay: -1 ms, Speed: 0.00 M/s, Resolution: None
Name: CCTV-10, URL: https://migu.188766.xyz/?migutoken=69e95eba392f59b1e425e79ac8b6311f&id=CCTV10&type=yy, From: subscribe, IPv_Type: ipv6, Location: 美国, ISP: CloudFlare Inc., Date: None, Delay: -1 ms, Speed: 0.00 M/s, Resolution: None
Name: CCTV-10, URL: https://migu.188766.xyz/?migutoken=3ef32e7bc95538780307ea381da3fcab&id=CCTV10&type=yy, From: subscribe, IPv_Type: ipv6, Location: 美国, ISP: CloudFlare Inc., Date: None, Delay: -1 ms, Speed: 0.00 M/s, Resolution: None
Name: CCTV-10, URL: https://migu.188766.xyz/?migutoken=57fc197e6bfc1a66dfb7c3f013b8c221&id=CCTV10&type=yy, From: subscribe, IPv_Type: ipv6, Location: 美国, ISP: CloudFlare Inc., Date: None, Delay: -1 ms, Speed: 0.00 M/s, Resolution: None
Name: CCTV-10, URL: https://iptv.catvod.com/live.php?id=CCTV10, From: subscribe, IPv_Type: ipv6, Location: 美国, ISP: CloudFlare Inc., Date: None, Delay: -1 ms, Speed: 0.00 M/s, Resolution: None
Name: CCTV-10, URL: https://migu.188766.xyz/?migutoken=66d13d5831dc5a53acb27b850566202a&id=CCTV10&type=yy, From: subscribe, IPv_Type: ipv6, Location: 美国, ISP: CloudFlare Inc., Date: None, Delay: -1 ms, Speed: 0.00 M/s, Resolution: None
Name: CCTV-10, URL: https://iptv.catvod.com/live.php?id=CCTV-10, From: subscribe, IPv_Type: ipv6, Location: 美国, ISP: CloudFlare Inc., Date: None, Delay: -1 ms, Speed: 0.00 M/s, Resolution: None
Name: CCTV-10, URL: https://migu.188766.xyz/?migutoken=5b233e8eba8bedecd761abfe3b49164f&id=CCTV10&type=yy, From: subscribe, IPv_Type: ipv6, Location: 美国, ISP: CloudFlare Inc., Date: None, Delay: -1 ms, Speed: 0.00 M/s, Resolution: None
Name: CCTV-10, URL: https://migu.188766.xyz/?migutoken=a8aff76bc0c5797c09c588d07002d9b6&id=CCTV10&type=yy, From: subscribe, IPv_Type: ipv6, Location: 美国, ISP: CloudFlare Inc., Date: None, Delay: -1 ms, Speed: 0.00 M/s, Resolution: None
Name: CCTV-10, URL: https://migu.188766.xyz/?migutoken=32ae961de0630b6c4f8cf6ea2c64e0dc&id=CCTV10&type=yy, From: subscribe, IPv_Type: ipv6, Location: 美国, ISP: CloudFlare Inc., Date: None, Delay: -1 ms, Speed: 0.00 M/s, Resolution: None
Name: CCTV-10, URL: https://migu.188766.xyz/?migutoken=2c017e50257a1ec031b3741001ab7ad2&id=CCTV10&type=yy, From: subscribe, IPv_Type: ipv6, Location: 美国, ISP: CloudFlare Inc., Date: None, Delay: -1 ms, Speed: 0.00 M/s, Resolution: None
Name: CCTV-10, URL: http://gslbmgsplive.miguvideo.com/wd_r2/2018/ocn/cctv10hd/1000/index.m3u8?msisdn=202512120802155a97fdafcb184b868dec794f41787793&mdspid=&spid=699004&netType=0&sid=5500212874&pid=2028597139&timestamp=20251212080215&Channel_ID=0116_2600037000-99000-200300220100002&ProgramID=624878405&ParentNodeID=-99&assertID=5500212874&client_ip=218.28.233.106&SecurityKey=20251212080215&promotionId=&mvid=5100001696&mcid=500020&playurlVersion=ZQ-A1-8.12.1-RELEASE&userid=&jmhm=&videocodec=h264&appCode=miguvideo_android&bean=mgspad&tid=android&conFee=0&puData=0c8020a269fb2fe299b52d6fdcab426d&ddCalcu=d06cv28a40yb2aa0cad2f669df2b52bf9e92&sv=10004&ct=android, From: subscribe, IPv_Type: ipv6, Location: 中国, ISP: 中国移动, Date: None, Delay: -1 ms, Speed: 0.00 M/s, Resolution: None
Name: CCTV-10, URL: https://migu.188766.xyz/?migutoken=cf6a18edbb9249bf81373ae27d37b763&id=CCTV10&type=yy, From: subscribe, IPv_Type: ipv6, Location: 美国, ISP: CloudFlare Inc., Date: None, Delay: -1 ms, Speed: 0.00 M/s, Resolution: None
Name: CCTV-10, URL: https://migu.188766.xyz/?migutoken=5f46fa6ad6d30e232d4e9b5e72b283e8&id=CCTV10&type=yy, From: subscribe, IPv_Type: ipv6, Location: 美国, ISP: CloudFlare Inc., Date: None, Delay: -1 ms, Speed: 0.00 M/s, Resolution: None
Name: CCTV-10, URL: https://migu.188766.xyz/?migutoken=d84d9bb4e0f8c1f54a8b01098cb1aa2d&id=CCTV10&type=yy, From: subscribe, IPv_Type: ipv6, Location: 美国, ISP: CloudFlare Inc., Date: None, Delay: -1 ms, Speed: 0.00 M/s, Resolution: None
Name: CCTV-10, URL: https://migu.188766.xyz/?migutoken=8cb1587cb2d9a4964cacb3c588fecb7c&id=CCTV10&type=yy, From: subscribe, IPv_Type: ipv6, Location: 美国, ISP: CloudFlare Inc., Date: None, Delay: -1 ms, Speed: 0.00 M/s, Resolution: None
Name: CCTV-10, URL: https://migu.188766.xyz/?migutoken=ac43394f9bf577bc204aa5477a1ab01d&id=CCTV10&type=yy, From: subscribe, IPv_Type: ipv6, Location: 美国, ISP: CloudFlare Inc., Date: None, Delay: -1 ms, Speed: 0.00 M/s, Resolution: None
Name: CCTV-10, URL: https://migu.188766.xyz/?migutoken=665fdb7a1625538afb82d9dc22dedd34&id=CCTV10&type=yy, From: subscribe, IPv_Type: ipv6, Location: 美国, ISP: CloudFlare Inc., Date: None, Delay: -1 ms, Speed: 0.00 M/s, Resolution: None
Name: CCTV-10, URL: https://migu.188766.xyz/?migutoken=ffa4124e9fdc2c917db6ab752bd09e45&id=CCTV10&type=yy, From: subscribe, IPv_Type: ipv6, Location: 美国, ISP: CloudFlare Inc., Date: None, Delay: -1 ms, Speed: 0.00 M/s, Resolution: None
Name: CCTV-10, URL: https://migu.188766.xyz/?migutoken=3d0e19c9e0a2e31b95b6b213955f7c05&id=CCTV10&type=yy, From: subscribe, IPv_Type: ipv6, Location: 美国, ISP: CloudFlare Inc., Date: None, Delay: -1 ms, Speed: 0.00 M/s, Resolution: None
Name: CCTV-10, URL: https://migu.188766.xyz/?migutoken=d914edf27df07b0ab85ae7eaa9948de4&id=CCTV10&type=yy, From: subscribe, IPv_Type: ipv6, Location: 美国, ISP: CloudFlare Inc., Date: None, Delay: -1 ms, Speed: 0.00 M/s, Resolution: None
Name: CCTV-10, URL: https://migu.188766.xyz/?migutoken=b59fbc3fdfabd44e0dceb93316154bcf&id=CCTV10&type=yy, From: subscribe, IPv_Type: ipv6, Location: 美国, ISP: CloudFlare Inc., Date: None, Delay: -1 ms, Speed: 0.00 M/s, Resolution: None
Name: CCTV-10, URL: https://migu.188766.xyz/?migutoken=8aaf1e4dc834a5c8ca7b890749989632&id=CCTV10&type=yy, From: subscribe, IPv_Type: ipv6, Location: 美国, ISP: CloudFlare Inc., Date: None, Delay: -1 ms, Speed: 0.00 M/s, Resolution: None
Name: CCTV-10, URL: https://migu.188766.xyz/?migutoken=3740bbd435b9f3fcfcd3d913f11a924a&id=CCTV10&type=yy, From: subscribe, IPv_Type: ipv6, Location: 美国, ISP: CloudFlare Inc., Date: None, Delay: -1 ms, Speed: 0.00 M/s, Resolution: None
Name: CCTV-10, URL: https://migu.188766.xyz/?migutoken=9abfe2aa0d0550332f0abb4f84c5106b&id=CCTV10&type=yy, From: subscribe, IPv_Type: ipv6, Location: 美国, ISP: CloudFlare Inc., Date: None, Delay: -1 ms, Speed: 0.00 M/s, Resolution: None
Name: CCTV-10, URL: https://migu.188766.xyz/?migutoken=16884ff4fd95dbab302a3d0c8a3f5c64&id=CCTV10&type=yy, From: subscribe, IPv_Type: ipv6, Location: 美国, ISP: CloudFlare Inc., Date: None, Delay: -1 ms, Speed: 0.00 M/s, Resolution: None
Name: CCTV-10, URL: https://migu.188766.xyz/?migutoken=6991daf2f4ed0ae990762eddf211c2f2&id=CCTV10&type=yy, From: subscribe, IPv_Type: ipv6, Location: 美国, ISP: CloudFlare Inc., Date: None, Delay: -1 ms, Speed: 0.00 M/s, Resolution: None
Name: CCTV-10, URL: https://migu.188766.xyz/?migutoken=d41a8f78551b190f43c49712c0b478b1&id=CCTV10&type=yy, From: subscribe, IPv_Type: ipv6, Location: 美国, ISP: CloudFlare Inc., Date: None, Delay: -1 ms, Speed: 0.00 M/s, Resolution: None
Name: CCTV-10, URL: https://migu.188766.xyz/?migutoken=11910a49b78457d30f49d41977140800&id=CCTV10&type=yy, From: subscribe, IPv_Type: ipv6, Location: 美国, ISP: CloudFlare Inc., Date: None, Delay: -1 ms, Speed: 0.00 M/s, Resolution: None
Name: CCTV-10, URL: https://migu.188766.xyz/?migutoken=52db7d2641e1ede637b63c25ef599ee7&id=CCTV10&type=yy, From: subscribe, IPv_Type: ipv6, Location: 美国, ISP: CloudFlare Inc., Date: None, Delay: -1 ms, Speed: 0.00 M/s, Resolution: None
Name: CCTV-10, URL: https://migu.188766.xyz/?migutoken=7b9a1e4a315ef06b5f8b77eff7f1a210&id=CCTV10&type=yy, From: subscribe, IPv_Type: ipv6, Location: 美国, ISP: CloudFlare Inc., Date: None, Delay: -1 ms, Speed: 0.00 M/s, Resolution: None
Name: CCTV-10, URL: https://migu.188766.xyz/?migutoken=8d7cddb1121e89ac9b800115cf57e745&id=CCTV10&type=yy, From: subscribe, IPv_Type: ipv6, Location: 美国, ISP: CloudFlare Inc., Date: None, Delay: -1 ms, Speed: 0.00 M/s, Resolution: None
Name: CCTV-10, URL: https://migu.188766.xyz/?migutoken=447ce6aad45b5a4b595b811421dbdeb3&id=CCTV10&type=yy, From: subscribe, IPv_Type: ipv6, Location: 美国, ISP: CloudFlare Inc., Date: None, Delay: -1 ms, Speed: 0.00 M/s, Resolution: None
Name: CCTV-10, URL: https://migu.188766.xyz/?migutoken=c996e39b9e3ea44b0fe33fdcececf16f&id=CCTV10&type=yy, From: subscribe, IPv_Type: ipv6, Location: 美国, ISP: CloudFlare Inc., Date: None, Delay: -1 ms, Speed: 0.00 M/s, Resolution: None
Name: CCTV-10, URL: https://migu.188766.xyz/?migutoken=5e5b009b11332982ae52a6914cae6a2b&id=CCTV10&type=yy, From: subscribe, IPv_Type: ipv6, Location: 美国, ISP: CloudFlare Inc., Date: None, Delay: -1 ms, Speed: 0.00 M/s, Resolution: None
Name: CCTV-10, URL: https://migu.188766.xyz/?migutoken=c1bf3b4f3a84441b01cb5908dc27819d&id=CCTV10&type=yy, From: subscribe, IPv_Type: ipv6, Location: 美国, ISP: CloudFlare Inc., Date: None, Delay: -1 ms, Speed: 0.00 M/s, Resolution: None
Name: CCTV-10, URL: https://migu.188766.xyz/?migutoken=a3b126baa1404c962561e26e7573d92c&id=CCTV10&type=yy, From: subscribe, IPv_Type: ipv6, Location: 美国, ISP: CloudFlare Inc., Date: None, Delay: -1 ms, Speed: 0.00 M/s, Resolution: None
Name: CCTV-10, URL: https://migu.188766.xyz/?migutoken=63aea3ad21bad2e478f88a1ff78cfcff&id=CCTV10&type=yy, From: subscribe, IPv_Type: ipv6, Location: 美国, ISP: CloudFlare Inc., Date: None, Delay: -1 ms, Speed: 0.00 M/s, Resolution: None
Name: CCTV-10, URL: https://migu.188766.xyz/?migutoken=a18a479b60a85b83a6d48f84304ae093&id=CCTV10&type=yy, From: subscribe, IPv_Type: ipv6, Location: 美国, ISP: CloudFlare Inc., Date: None, Delay: -1 ms, Speed: 0.00 M/s, Resolution: None
Name: CCTV-10, URL: https://migu.188766.xyz/?migutoken=06c9d1a309a7a6071ceae95f0cf2d729&id=CCTV10&type=yy, From: subscribe, IPv_Type: ipv6, Location: 美国, ISP: CloudFlare Inc., Date: None, Delay: -1 ms, Speed: 0.00 M/s, Resolution: None
Name: CCTV-10, URL: https://migu.188766.xyz/?migutoken=280988fa45eb264870fe9a9cd50095fc&id=CCTV10&type=yy, From: subscribe, IPv_Type: ipv6, Location: 美国, ISP: CloudFlare Inc., Date: None, Delay: -1 ms, Speed: 0.00 M/s, Resolution: None
Name: CCTV-10, URL: https://migu.188766.xyz/?migutoken=379fe12e911d1daf514a399b38e6d944&id=CCTV10&type=yy, From: subscribe, IPv_Type: ipv6, Location: 美国, ISP: CloudFlare Inc., Date: None, Delay: -1 ms, Speed: 0.00 M/s, Resolution: None
Name: CCTV-10, URL: https://migu.188766.xyz/?migutoken=768a97c80f07aa03ed0b1bc74eac2054&id=CCTV10&type=yy, From: subscribe, IPv_Type: ipv6, Location: 美国, ISP: CloudFlare Inc., Date: None, Delay: -1 ms, Speed: 0.00 M/s, Resolution: None
Name: CCTV-10, URL: https://migu.188766.xyz/?migutoken=f7f06ac0278e183b637ae0e09e333cd4&id=CCTV10&type=yy, From: subscribe, IPv_Type: ipv6, Location: 美国, ISP: CloudFlare Inc., Date: None, Delay: -1 ms, Speed: 0.00 M/s, Resolution: None
Name: CCTV-10, URL: https://migu.188766.xyz/?migutoken=f8c5c12f585af3734c649c321310f165&id=CCTV10&type=yy, From: subscribe, IPv_Type: ipv6, Location: 美国, ISP: CloudFlare Inc., Date: None, Delay: -1 ms, Speed: 0.00 M/s, Resolution: None
Name: CCTV-10, URL: https://migu.188766.xyz/?migutoken=8c17679bda5d654613c2e5ae8f557dbb&id=CCTV10&type=yy, From: subscribe, IPv_Type: ipv6, Location: 美国, ISP: CloudFlare Inc., Date: None, Delay: -1 ms, Speed: 0.00 M/s, Resolution: None
Name: CCTV-10, URL: https://migu.188766.xyz/?migutoken=5eedc9428baa23e15b81a25555cc4ce6&id=CCTV10&type=yy, From: subscribe, IPv_Type: ipv6, Location: 美国, ISP: CloudFlare Inc., Date: None, Delay: -1 ms, Speed: 0.00 M/s, Resolution: None
Name: CCTV-10, URL: https://migu.188766.xyz/?migutoken=2c67a406171df650854d4f4b2e513d22&id=CCTV10&type=yy, From: subscribe, IPv_Type: ipv6, Location: 美国, ISP: CloudFlare Inc., Date: None, Delay: -1 ms, Speed: 0.00 M/s, Resolution: None
Name: CCTV-10, URL: https://migu.188766.xyz/?migutoken=d10e415fc917d35df1fa251d00a8d4b9&id=CCTV10&type=yy, From: subscribe, IPv_Type: ipv6, Location: 美国, ISP: CloudFlare Inc., Date: None, Delay: -1 ms, Speed: 0.00 M/s, Resolution: None
Name: CCTV-10, URL: https://migu.188766.xyz/?migutoken=77682c897c2a39311f9cc175a532dacb&id=CCTV10&type=yy, From: subscribe, IPv_Type: ipv6, Location: 美国, ISP: CloudFlare Inc., Date: None, Delay: -1 ms, Speed: 0.00 M/s, Resolution: None
Name: CCTV-10, URL: https://migu.188766.xyz/?migutoken=e8e3fabf12713820b7433174548f288f&id=CCTV10&type=yy, From: subscribe, IPv_Type: ipv6, Location: 美国, ISP: CloudFlare Inc., Date: None, Delay: -1 ms, Speed: 0.00 M/s, Resolution: None
Name: CCTV-10, URL: https://migu.188766.xyz/?migutoken=3e171fc1f8d092c799e1556eafd6daca&id=CCTV10&type=yy, From: subscribe, IPv_Type: ipv6, Location: 美国, ISP: CloudFlare Inc., Date: None, Delay: -1 ms, Speed: 0.00 M/s, Resolution: None
Name: CCTV-10, URL: https://migu.188766.xyz/?migutoken=b55466cfda87238a14c01253a415529a&id=CCTV10&type=yy, From: subscribe, IPv_Type: ipv6, Location: 美国, ISP: CloudFlare Inc., Date: None, Delay: -1 ms, Speed: 0.00 M/s, Resolution: None
Name: CCTV-10, URL: https://migu.188766.xyz/?migutoken=8c000c282439f84b9c8d70f70461f3b9&id=CCTV10&type=yy, From: subscribe, IPv_Type: ipv6, Location: 美国, ISP: CloudFlare Inc., Date: None, Delay: -1 ms, Speed: 0.00 M/s, Resolution: None
Name: CCTV-10, URL: https://migu.188766.xyz/?migutoken=932c6be8bc52299701f04b2bd6e1a7ef&id=CCTV10&type=yy, From: subscribe, IPv_Type: ipv6, Location: 美国, ISP: CloudFlare Inc., Date: None, Delay: -1 ms, Speed: 0.00 M/s, Resolution: None
Name: CCTV-10, URL: https://migu.188766.xyz/?migutoken=34b6b5dfb6c9cad3bc0fb8f8527edcc2&id=CCTV10&type=yy, From: subscribe, IPv_Type: ipv6, Location: 美国, ISP: CloudFlare Inc., Date: None, Delay: -1 ms, Speed: 0.00 M/s, Resolution: None
Name: CCTV-10, URL: https://migu.188766.xyz/?migutoken=a05a83e6d37e78d2e6e929091763f3ed&id=CCTV10&type=yy, From: subscribe, IPv_Type: ipv6, Location: 美国, ISP: CloudFlare Inc., Date: None, Delay: -1 ms, Speed: 0.00 M/s, Resolution: None
Name: CCTV-10, URL: https://migu.188766.xyz/?migutoken=ca3ca2b0ca5fa9e235c8e5b483be46d2&id=CCTV10&type=yy, From: subscribe, IPv_Type: ipv6, Location: 美国, ISP: CloudFlare Inc., Date: None, Delay: -1 ms, Speed: 0.00 M/s, Resolution: None
Name: CCTV-10, URL: https://migu.188766.xyz/?migutoken=750e4d2ba7cbbedfcc5bce296611a893&id=CCTV10&type=yy, From: subscribe, IPv_Type: ipv6, Location: 美国, ISP: CloudFlare Inc., Date: None, Delay: -1 ms, Speed: 0.00 M/s, Resolution: None
Name: CCTV-10, URL: https://migu.188766.xyz/?migutoken=ef15a388825f312a12d299da51d46679&id=CCTV10&type=yy, From: subscribe, IPv_Type: ipv6, Location: 美国, ISP: CloudFlare Inc., Date: None, Delay: -1 ms, Speed: 0.00 M/s, Resolution: None
Name: CCTV-10, URL: https://migu.188766.xyz/?migutoken=0b44b920dada06c51d734a635baf4126&id=CCTV10&type=yy, From: subscribe, IPv_Type: ipv6, Location: 美国, ISP: CloudFlare Inc., Date: None, Delay: -1 ms, Speed: 0.00 M/s, Resolution: None
Name: CCTV-10, URL: https://migu.188766.xyz/?migutoken=dc48ac0e90b4c0d0a92b17de7de573f5&id=CCTV10&type=yy, From: subscribe, IPv_Type: ipv6, Location: 美国, ISP: CloudFlare Inc., Date: None, Delay: -1 ms, Speed: 0.00 M/s, Resolution: None
Name: CCTV-10, URL: https://t.freetv.fun/live/cctv-10-1.php, From: subscribe, IPv_Type: ipv6, Location: 美国, ISP: CloudFlare Inc., Date: None, Delay: -1 ms, Speed: 0.00 M/s, Resolution: None
Name: CCTV-10, URL: https://migu.188766.xyz/?migutoken=d70434f9af8fb2ce8e00bbbebb09cbd3&id=CCTV10&type=yy, From: subscribe, IPv_Type: ipv6, Location: 美国, ISP: CloudFlare Inc., Date: None, Delay: -1 ms, Speed: 0.00 M/s, Resolution: None
Name: CCTV-10, URL: https://migu.188766.xyz/?migutoken=cff8d140a9394c7bc2e45997663639cf&id=CCTV10&type=yy, From: subscribe, IPv_Type: ipv6, Location: 美国, ISP: CloudFlare Inc., Date: None, Delay: -1 ms, Speed: 0.00 M/s, Resolution: None
Name: CCTV-10, URL: https://migu.188766.xyz/?migutoken=07f7d9cce33c248b58d69a4f965d0560&id=CCTV10&type=yy, From: subscribe, IPv_Type: ipv6, Location: 美国, ISP: CloudFlare Inc., Date: None, Delay: -1 ms, Speed: 0.00 M/s, Resolution: None
Name: CCTV-10, URL: https://migu.188766.xyz/?migutoken=cada92d28899cda0a6ba961ac8c29b2f&id=CCTV10&type=yy, From: subscribe, IPv_Type: ipv6, Location: 美国, ISP: CloudFlare Inc., Date: None, Delay: -1 ms, Speed: 0.00 M/s, Resolution: None
Name: CCTV-10, URL: https://migu.188766.xyz/?migutoken=eba8a3018899d9d05966d7a7ab59e820&id=CCTV10&type=yy, From: subscribe, IPv_Type: ipv6, Location: 美国, ISP: CloudFlare Inc., Date: None, Delay: -1 ms, Speed: 0.00 M/s, Resolution: None
Name: CCTV-10, URL: https://migu.188766.xyz/?migutoken=3f932e29f58cba3c332c6ecd935a1dbf&id=CCTV10&type=yy, From: subscribe, IPv_Type: ipv6, Location: 美国, ISP: CloudFlare Inc., Date: None, Delay: -1 ms, Speed: 0.00 M/s, Resolution: None
Name: CCTV-10, URL: https://migu.188766.xyz/?migutoken=bb610b4e57102c443af23339585b0a16&id=CCTV10&type=yy, From: subscribe, IPv_Type: ipv6, Location: 美国, ISP: CloudFlare Inc., Date: None, Delay: -1 ms, Speed: 0.00 M/s, Resolution: None
Name: CCTV-10, URL: https://migu.188766.xyz/?migutoken=8fc2c8970be23d5b614f4a8cce3a5117&id=CCTV10&type=yy, From: subscribe, IPv_Type: ipv6, Location: 美国, ISP: CloudFlare Inc., Date: None, Delay: -1 ms, Speed: 0.00 M/s, Resolution: None
Name: CCTV-10, URL: https://migu.188766.xyz/?migutoken=d208a99eb9fedad689660d9dbf840ac4&id=CCTV10&type=yy, From: subscribe, IPv_Type: ipv6, Location: 美国, ISP: CloudFlare Inc., Date: None, Delay: -1 ms, Speed: 0.00 M/s, Resolution: None
Name: CCTV-10, URL: https://migu.188766.xyz/?migutoken=4d2775a13c7049cfcac105e87fb4f9ef&id=CCTV10&type=yy, From: subscribe, IPv_Type: ipv6, Location: 美国, ISP: CloudFlare Inc., Date: None, Delay: -1 ms, Speed: 0.00 M/s, Resolution: None
Name: CCTV-10, URL: https://migu.188766.xyz/?migutoken=9c415eefba1f4ff4cd4353eaeb2d62a9&id=CCTV10&type=yy, From: subscribe, IPv_Type: ipv6, Location: 美国, ISP: CloudFlare Inc., Date: None, Delay: -1 ms, Speed: 0.00 M/s, Resolution: None
Name: CCTV-10, URL: https://migu.188766.xyz/?migutoken=bb13011bb7f2267cdd3c661ed35f2425&id=CCTV10&type=yy, From: subscribe, IPv_Type: ipv6, Location: 美国, ISP: CloudFlare Inc., Date: None, Delay: -1 ms, Speed: 0.00 M/s, Resolution: None
Name: CCTV-10, URL: https://migu.188766.xyz/?migutoken=73d80ba593519a3f8435ed0311282988&id=CCTV10&type=yy, From: subscribe, IPv_Type: ipv6, Location: 美国, ISP: CloudFlare Inc., Date: None, Delay: -1 ms, Speed: 0.00 M/s, Resolution: None
Name: CCTV-10, URL: https://migu.188766.xyz/?migutoken=b996c505d7fc2c6071fb1c6004678c30&id=CCTV10&type=yy, From: subscribe, IPv_Type: ipv6, Location: 美国, ISP: CloudFlare Inc., Date: None, Delay: -1 ms, Speed: 0.00 M/s, Resolution: None
Name: CCTV-10, URL: https://migu.188766.xyz/?migutoken=21687aa50e205ff7daa9d28adb22e08a&id=CCTV10&type=yy, From: subscribe, IPv_Type: ipv6, Location: 美国, ISP: CloudFlare Inc., Date: None, Delay: -1 ms, Speed: 0.00 M/s, Resolution: None
Name: CCTV-10, URL: http://mgsp-hs2.live.miguvideo.com:8088/migu/kailu/cctv10hd265/54/20200407/index.m3u8?msisdn=e55e9ee71b42d2d7008a152c069625e3&mdspid=&spid=699004&netType=0&sid=5500212874&pid=2028597139&timestamp=20260215080204&Channel_ID=0116_2600034600-99000-201600010010028&ProgramID=624878405&ParentNodeID=-99&assertID=5500212874&client_ip=218.28.233.106&SecurityKey=20260215080204&promotionId=&mvid=5100001696&mcid=500020&playurlVersion=WX-A1-9.2.1-RELEASE&userid=&jmhm=&videocodec=h265&appCode=miguvideo_android&bean=mgspad&tid=android&conFee=0&encrypt=10435f48159255c71d97072e02ee6c1f&sv=10004&ct=android, From: subscribe, IPv_Type: ipv6, Location: 中国, ISP: 中国移动, Date: None, Delay: -1 ms, Speed: 0.00 M/s, Resolution: None
Name: CCTV-10, URL: https://migu.188766.xyz/?migutoken=17a0cdb6d7ede59faa04a1bb4f481daf&id=CCTV10&type=yy, From: subscribe, IPv_Type: ipv6, Location: 美国, ISP: CloudFlare Inc., Date: None, Delay: -1 ms, Speed: 0.00 M/s, Resolution: None
Name: CCTV-10, URL: http://mgsp-tx2.live.miguvideo.com:8088/migu/kailu/cctv10hd265/54/20200407/index.m3u8?msisdn=e55e9ee71b42d2d7008a152c069625e3&mdspid=&spid=699004&netType=0&sid=5500212874&pid=2028597139&timestamp=20260216080221&Channel_ID=0116_2600034600-99000-201600010010028&ProgramID=624878405&ParentNodeID=-99&assertID=5500212874&client_ip=218.28.233.106&SecurityKey=20260216080221&promotionId=&mvid=5100001696&mcid=500020&playurlVersion=WX-A1-9.2.1-RELEASE&userid=&jmhm=&videocodec=h265&appCode=miguvideo_android&bean=mgspad&tid=android&conFee=0&encrypt=78f6d16ffc36a37a0419850a658f689b&sv=10004&ct=android, From: subscribe, IPv_Type: ipv6, Location: 中国, ISP: 中国联通, Date: None, Delay: -1 ms, Speed: 0.00 M/s, Resolution: None
Name: CCTV-10, URL: https://migu.188766.xyz/?migutoken=495649abd8d817ebf7d2b45f3dccdb3f&id=CCTV10&type=yy, From: subscribe, IPv_Type: ipv6, Location: 美国, ISP: CloudFlare Inc., Date: None, Delay: -1 ms, Speed: 0.00 M/s, Resolution: None
Name: CCTV-10, URL: https://migu.188766.xyz/?migutoken=1b729b3220ed7e7356fe9864ade21694&id=CCTV10&type=yy, From: subscribe, IPv_Type: ipv6, Location: 美国, ISP: CloudFlare Inc., Date: None, Delay: -1 ms, Speed: 0.00 M/s, Resolution: None
Name: CCTV-10, URL: https://t.freetv.fun/live/cctv-10-2.m3u8, From: subscribe, IPv_Type: ipv6, Location: 美国, ISP: CloudFlare Inc., Date: None, Delay: -1 ms, Speed: 0.00 M/s, Resolution: None
Name: CCTV-11, URL: http://php.jdshipin.com/TVOD/hljyd.php?id=3221226565, From: subscribe, IPv_Type: ipv6, Location: 美国, ISP: CloudFlare Inc., Date: None, Delay: 0.1 ms, Speed: inf M/s, Resolution: 1920x1080
Name: CCTV-11, URL: http://iptv.huuc.edu.cn/hls/cctv11hd.m3u8, From: subscribe, IPv_Type: ipv6, Location: 中国, ISP: 教育网, Date: None, Delay: 0.1 ms, Speed: inf M/s, Resolution: 1920x1080
Name: CCTV-11, URL: http://[2409:8087:1a01:df::4077]/ottrrs.hl.chinamobile.com/PLTV/88888888/224/3221225597/index.m3u8, From: subscribe, IPv_Type: ipv6, Location: 中国, ISP: 中国移动, Date: None, Delay: -1 ms, Speed: 0.00 M/s, Resolution: None
Name: CCTV-11, URL: https://smart.pendy.dpdns.org/Smart.php?id=cctv11, From: subscribe, IPv_Type: ipv6, Location: 美国, ISP: CloudFlare Inc., Date: None, Delay: 0.1 ms, Speed: inf M/s, Resolution: 1920x1080
Name: CCTV-11, URL: http://[2409:8087:1a01:df::4077]:80/ottrrs.hl.chinamobile.com/yinhe/88888888/224/3221225597/index.m3u8, From: subscribe, IPv_Type: ipv6, Location: 中国, ISP: 中国移动, Date: None, Delay: -1 ms, Speed: 0.00 M/s, Resolution: None
Name: CCTV-11, URL: http://[2409:8087:1a0a:df::404b]/ottrrs.hl.chinamobile.com/TVOD/88888888/224/3221225597/index.m3u8, From: subscribe, IPv_Type: ipv6, Location: 中国, ISP: 中国移动, Date: None, Delay: 0.1 ms, Speed: inf M/s, Resolution: 1920x1080
Name: CCTV-11, URL: http://[2409:8087:1a01:df::4077]/ottrrs.hl.chinamobile.com/PLTV/88888888/8/3221225597/index.m3u8, From: subscribe, IPv_Type: ipv6, Location: 中国, ISP: 中国移动, Date: None, Delay: 0.1 ms, Speed: inf M/s, Resolution: 1920x1080
Name: CCTV-11, URL: http://[2409:8087:1a01:df::4077]/ottrrs.hl.chinamobile.com/yinhe/88888888/224/3221225597/index.m3u8, From: subscribe, IPv_Type: ipv6, Location: 中国, ISP: 中国移动, Date: None, Delay: 0.1 ms, Speed: inf M/s, Resolution: 1920x1080
Name: CCTV-11, URL: http://[2409:8087:1a01:df::4077]:80/ottrrs.hl.chinamobile.com/PLTV/88888888/8/3221225597/index.m3u8, From: subscribe, IPv_Type: ipv6, Location: 中国, ISP: 中国移动, Date: None, Delay: 0.1 ms, Speed: inf M/s, Resolution: 1920x1080
Name: CCTV-11, URL: http://[2409:8087:1a01:df::4077]:80/ottrrs.hl.chinamobile.com/PLTV/88888888/224/3221225597/index.m3u8, From: subscribe, IPv_Type: ipv6, Location: 中国, ISP: 中国移动, Date: None, Delay: -1 ms, Speed: 0.00 M/s, Resolution: None
Name: CCTV-11, URL: http://[2409:8087:8:21::18]:6610/otttv.bj.chinamobile.com/PLTV/88888888/224/3221226334/1.m3u8, From: subscribe, IPv_Type: ipv6, Location: 中国, ISP: 中国移动, Date: None, Delay: 0.1 ms, Speed: inf M/s, Resolution: 1920x1080
Name: CCTV-11, URL: http://[2409:8087:8:21::18]:6610/otttv.bj.chinamobile.com/PLTV/88888888/224/3221226448/1.m3u8, From: subscribe, IPv_Type: ipv6, Location: 中国, ISP: 中国移动, Date: None, Delay: 0.1 ms, Speed: inf M/s, Resolution: 1920x1080
Name: CCTV-11, URL: http://iptv.cdn.ha.chinamobile.com/PLTV/88888888/224/3221227171/index.m3u8, From: subscribe, IPv_Type: ipv6, Location: 中国, ISP: 中国移动, Date: None, Delay: 0.1 ms, Speed: inf M/s, Resolution: 1920x1080
Name: CCTV-11, URL: http://yc.myds.me:35455/gaoma/cctv11.m3u8, From: subscribe, IPv_Type: ipv6, Location: 中国, ISP: 中国电信, Date: None, Delay: 0.1 ms, Speed: inf M/s, Resolution: 1920x1080
Name: CCTV-11, URL: https://stream1.freetv.fun/522d8760b9c0e8172aefbf6b1aac7030daf6f613fabce8b1d00a15416ad0b052.m3u8, From: subscribe, IPv_Type: ipv6, Location: 美国, ISP: CloudFlare Inc., Date: None, Delay: 0.1 ms, Speed: inf M/s, Resolution: 1920x1080
Name: CCTV-11, URL: https://stream1.freetv.fun/bd26ce297532d5423d61f7d895a47df82cacfee0a5987faaf4202574329d7686.m3u8, From: subscribe, IPv_Type: ipv6, Location: 美国, ISP: CloudFlare Inc., Date: None, Delay: 0.1 ms, Speed: inf M/s, Resolution: 1920x1080
Name: CCTV-11, URL: https://stream1.freetv.fun/0873471d1f3080eb9ba37ba7d0b57b5c8ec5fc1ff0bf01cf76e8377d5dde63b9.m3u8, From: subscribe, IPv_Type: ipv6, Location: 美国, ISP: CloudFlare Inc., Date: None, Delay: 0.1 ms, Speed: inf M/s, Resolution: 1920x1080
Name: CCTV-11, URL: https://stream1.freetv.fun/883cf5ed5a80c6930564927ac008c9239378987db7d355ae42e6634b9dc86bbc.m3u8, From: subscribe, IPv_Type: ipv6, Location: 美国, ISP: CloudFlare Inc., Date: None, Delay: 0.1 ms, Speed: inf M/s, Resolution: 1920x1080
Name: CCTV-11, URL: https://stream1.freetv.fun/d5f782070cc8a23fe81a95f05759b6fedf6c99e4d9aca6798c4211a901af4e1c.m3u8, From: subscribe, IPv_Type: ipv6, Location: 美国, ISP: CloudFlare Inc., Date: None, Delay: 0.1 ms, Speed: inf M/s, Resolution: 1920x1080
Name: CCTV-11, URL: https://stream1.freetv.fun/68c070855220396db2e41066321af8293ced387cb0158997b30c961f539a0433.m3u8, From: subscribe, IPv_Type: ipv6, Location: 美国, ISP: CloudFlare Inc., Date: None, Delay: 0.1 ms, Speed: inf M/s, Resolution: 1920x1080
Name: CCTV-11, URL: https://stream1.freetv.fun/3f3cbe35e4ab51d5138589e61d79f5d29e6862401940478ddfa92fb6fcd8a874.m3u8, From: subscribe, IPv_Type: ipv6, Location: 美国, ISP: CloudFlare Inc., Date: None, Delay: 0.1 ms, Speed: inf M/s, Resolution: 1920x1080
Name: CCTV-11, URL: https://stream1.freetv.fun/635ba8554e3fc76ebc506d5883bd01d5fff103a7cee73ee07099cc8e2c1b6499.m3u8, From: subscribe, IPv_Type: ipv6, Location: 美国, ISP: CloudFlare Inc., Date: None, Delay: 0.1 ms, Speed: inf M/s, Resolution: 1920x1080
Name: CCTV-11, URL: https://stream1.freetv.fun/b295e709dd85615bdf34e8da41eb11931d04f54e06fe15c04652d69725f20095.m3u8, From: subscribe, IPv_Type: ipv6, Location: 美国, ISP: CloudFlare Inc., Date: None, Delay: 0.1 ms, Speed: inf M/s, Resolution: 1920x1080
Name: CCTV-11, URL: https://stream1.freetv.fun/dcd677dc3f9178f01747897336aa53a4b8bc6a4a38157873c7520bed79dad523.m3u8, From: subscribe, IPv_Type: ipv6, Location: 美国, ISP: CloudFlare Inc., Date: None, Delay: 0.1 ms, Speed: inf M/s, Resolution: 1920x1080
Name: CCTV-11, URL: https://stream1.freetv.fun/37b1c14c3378e510bd07d553a1abcca238f13e040b5b0419b3ece2c9d4f50efd.m3u8, From: subscribe, IPv_Type: ipv6, Location: 美国, ISP: CloudFlare Inc., Date: None, Delay: 0.1 ms, Speed: inf M/s, Resolution: 1920x1080
Name: CCTV-11, URL: https://stream1.freetv.fun/ac135f3f5e389db99311c5a5acf9e673707e60b26de5f34a4035377c59d4a316.m3u8, From: subscribe, IPv_Type: ipv6, Location: 美国, ISP: CloudFlare Inc., Date: None, Delay: 0.1 ms, Speed: inf M/s, Resolution: 1920x1080
Name: CCTV-11, URL: https://stream1.freetv.fun/35a2fbcacbefea4356860da239a47e740d38a880572de2de20476bead6129246.m3u8, From: subscribe, IPv_Type: ipv6, Location: 美国, ISP: CloudFlare Inc., Date: None, Delay: 0.1 ms, Speed: inf M/s, Resolution: 1920x1080
Name: CCTV-11, URL: https://stream1.freetv.fun/d97937f325c81b2f57f5393f84f278753f1333cfb102b0077f647864187b224c.m3u8, From: subscribe, IPv_Type: ipv6, Location: 美国, ISP: CloudFlare Inc., Date: None, Delay: 0.1 ms, Speed: inf M/s, Resolution: 1920x1080
Name: CCTV-11, URL: https://stream1.freetv.fun/f55a0dc8c0307b296b9df7bbb1e751b12df6f8cad452f9693311ca7bab34e245.m3u8, From: subscribe, IPv_Type: ipv6, Location: 美国, ISP: CloudFlare Inc., Date: None, Delay: 0.1 ms, Speed: inf M/s, Resolution: 1920x1080
Name: CCTV-11, URL: https://stream1.freetv.fun/45924a133f951974f16567235e54151d56b5a41ab7cae3866a9e79a8d366cd09.m3u8, From: subscribe, IPv_Type: ipv6, Location: 美国, ISP: CloudFlare Inc., Date: None, Delay: 0.1 ms, Speed: inf M/s, Resolution: 1920x1080
Name: CCTV-11, URL: https://stream1.freetv.fun/35afa74920f53491fd0b0d0b59d19ab68031b5ae3609ebf8371fd52e7102849b.m3u8, From: subscribe, IPv_Type: ipv6, Location: 美国, ISP: CloudFlare Inc., Date: None, Delay: 0.1 ms, Speed: inf M/s, Resolution: 1920x1080
Name: CCTV-11, URL: https://stream1.freetv.fun/27632416c2d0b7008c9115ce0cc3fa91d296004c069613241b48e72241bf3f42.m3u8, From: subscribe, IPv_Type: ipv6, Location: 美国, ISP: CloudFlare Inc., Date: None, Delay: 0.1 ms, Speed: inf M/s, Resolution: 1920x1080
Name: CCTV-11, URL: https://stream1.freetv.fun/c582369f1cbc0a3d932f6f6b04fbdee2da4f94b2f00d0ae29d3cd8e950dd1a34.m3u8, From: subscribe, IPv_Type: ipv6, Location: 美国, ISP: CloudFlare Inc., Date: None, Delay: 0.1 ms, Speed: inf M/s, Resolution: 1920x1080
Name: CCTV-11, URL: https://stream1.freetv.fun/dcef14ce5251b74634feed59c5fe81680a6c6808c27c2c4646e99d2f73be088c.m3u8, From: subscribe, IPv_Type: ipv6, Location: 美国, ISP: CloudFlare Inc., Date: None, Delay: 0.1 ms, Speed: inf M/s, Resolution: 1920x1080
Name: CCTV-11, URL: https://stream1.freetv.fun/6123793b04047f9d1985cdab1ce37c47bee9c9b8668d8e453b5242a2bb62d3f3.m3u8, From: subscribe, IPv_Type: ipv6, Location: 美国, ISP: CloudFlare Inc., Date: None, Delay: 0.1 ms, Speed: inf M/s, Resolution: 1920x1080
Name: CCTV-11, URL: https://stream1.freetv.fun/91c6c9a30aa46414e233ccad6dbcf8680e624440eadccb1ab8a7e16f5a37ba75.m3u8, From: subscribe, IPv_Type: ipv6, Location: 美国, ISP: CloudFlare Inc., Date: None, Delay: 0.1 ms, Speed: inf M/s, Resolution: 1920x1080
Name: CCTV-11, URL: https://stream1.freetv.fun/a2291aca1f34c2adb00726f287981230a15e9fe84c5350e104f7704947052e52.m3u8, From: subscribe, IPv_Type: ipv6, Location: 美国, ISP: CloudFlare Inc., Date: None, Delay: 0.1 ms, Speed: inf M/s, Resolution: 1920x1080
Name: CCTV-11, URL: https://stream1.freetv.fun/b0a1851b132a32c2caf37955097c561857438e3b9224ad437299c503249be6f4.m3u8, From: subscribe, IPv_Type: ipv6, Location: 美国, ISP: CloudFlare Inc., Date: None, Delay: 0.1 ms, Speed: inf M/s, Resolution: 1920x1080
Name: CCTV-11, URL: https://stream1.freetv.fun/17d891eae505df11015721769460efb5710e894fe09b781364d6b052e6255b4e.m3u8, From: subscribe, IPv_Type: ipv6, Location: 美国, ISP: CloudFlare Inc., Date: None, Delay: 0.1 ms, Speed: inf M/s, Resolution: 1920x1080
Name: CCTV-11, URL: https://stream1.freetv.fun/c23a4f52a9d9d0b34759b80498722011be190bd0d11d4425312946cb5f42cc75.m3u8, From: subscribe, IPv_Type: ipv6, Location: 美国, ISP: CloudFlare Inc., Date: None, Delay: 0.1 ms, Speed: inf M/s, Resolution: 1920x1080
Name: CCTV-11, URL: https://stream1.freetv.fun/a296e075276025c13fccaa815a2a2968db83b532e3dcdd87dea6d56e3b63152a.m3u8, From: subscribe, IPv_Type: ipv6, Location: 美国, ISP: CloudFlare Inc., Date: None, Delay: 0.1 ms, Speed: inf M/s, Resolution: 1920x1080
Name: CCTV-11, URL: https://stream1.freetv.fun/8feb8630d696cc1b00fc6689b933f13c899a4326fd16df1bdba40c6acd1df63e.m3u8, From: subscribe, IPv_Type: ipv6, Location: 美国, ISP: CloudFlare Inc., Date: None, Delay: 0.1 ms, Speed: inf M/s, Resolution: 1920x1080
Name: CCTV-11, URL: https://stream1.freetv.fun/380fd2a0e12a88935db9c3b90b011270ffebeaa45361fe123a2db80942184264.m3u8, From: subscribe, IPv_Type: ipv6, Location: 美国, ISP: CloudFlare Inc., Date: None, Delay: 0.1 ms, Speed: inf M/s, Resolution: 1920x1080
Name: CCTV-11, URL: http://lu.wqwqwq.sbs/itv/1000000005000265011.m3u8?cdn=ystenlive, From: subscribe, IPv_Type: ipv6, Location: 美国, ISP: CloudFlare Inc., Date: None, Delay: 0.1 ms, Speed: inf M/s, Resolution: 1920x1080
Name: CCTV-11, URL: http://www.freetv.top/migu/667987558.m3u8?migutoken=00a21f1483e571da068c555e3eea928f7c6183b26d7acc2afe9bb5e115f0005e02b6118176789d76765ae297bd6dfe4e14966e64415f0781535d91ed266aac177d6ff10fa6358e0eedddc2223b, From: subscribe, IPv_Type: ipv6, Location: 美国-加利福尼亚州-圣克拉拉, ISP: DigitalOcean, Date: None, Delay: 0.1 ms, Speed: inf M/s, Resolution: 1920x1080
Name: CCTV-11, URL: http://[2409:8087:5e01:34::20]:6610/ZTE_CMS/00000001000000060000000000000497/index.m3u8?IAS, From: subscribe, IPv_Type: ipv6, Location: 中国, ISP: 中国移动, Date: None, Delay: 0.1 ms, Speed: inf M/s, Resolution: 1920x1080
Name: CCTV-11, URL: http://dbiptv.sn.chinamobile.com/PLTV/88888890/224/3221226240/index.m3u8, From: subscribe, IPv_Type: ipv6, Location: 中国, ISP: 中国移动, Date: None, Delay: 0.1 ms, Speed: inf M/s, Resolution: 1920x1080
Name: CCTV-11, URL: https://www.freetv.top/migu/667987558.m3u8?migutoken=dfda8acb7dfd1d1149e2e4a381e46a298c47e88f939d7deef7846d6e15f76fc596a0a58e349a64678edbb921fc353b458211c4bbf22e23bb75fd1dc9384d8c251c729958bddd28ec81d8c0922f, From: subscribe, IPv_Type: ipv6, Location: 美国-加利福尼亚州-圣克拉拉, ISP: DigitalOcean, Date: None, Delay: 0.1 ms, Speed: inf M/s, Resolution: 1920x1080
Name: CCTV-11, URL: https://www.freetv.top/migu/667987558.m3u8?migutoken=0889c33c8749b813b28c533d0ceb5e64bdf62396a1f0d2d849b8980a53dc7a8553dda3a862c070fb58ada9d23f299446643d38d44ab5b1506b0ff3a5033bd766ae621fd4e8c886ae46a9905d73, From: subscribe, IPv_Type: ipv6, Location: 美国-加利福尼亚州-圣克拉拉, ISP: DigitalOcean, Date: None, Delay: 0.1 ms, Speed: inf M/s, Resolution: 1920x1080
Name: CCTV-11, URL: https://www.freetv.top/migu/667987558.m3u8?migutoken=16827d54043eba69d051685229b1d0623c01f398f643b3a7d912c9929d6525025ef57eb61666d45bb70dfc86405aa336ca762f0bda4f0284d98eddae4042805df42661f954a1d40820829ec8c2, From: subscribe, IPv_Type: ipv6, Location: 美国-加利福尼亚州-圣克拉拉, ISP: DigitalOcean, Date: None, Delay: 0.1 ms, Speed: inf M/s, Resolution: 1920x1080
Name: CCTV-11, URL: https://www.freetv.top/migu/667987558.m3u8?migutoken=dbfc420c420e30228efe23e562fc0ee670a65ddac45cc355845b855f27a4e5ba04a7e18d73eb58be7427a4bed6ef9056659fbcf58979a56ccbe84899cfdf0644fc1215333ca6210639196795f2, From: subscribe, IPv_Type: ipv6, Location: 美国-加利福尼亚州-圣克拉拉, ISP: DigitalOcean, Date: None, Delay: 0.1 ms, Speed: inf M/s, Resolution: 1920x1080
Name: CCTV-11, URL: https://www.freetv.top/migu/667987558.m3u8?migutoken=14896515d1514a4437b9fc787f82cc339fe93aeeb6c156d0db550c36ad47ad15227653e5e1212a901544141c80eaeb141492d17e72b51ec0f8367c6081e6f56027d717b45ee0502bd44fc7b295, From: subscribe, IPv_Type: ipv6, Location: 美国-加利福尼亚州-圣克拉拉, ISP: DigitalOcean, Date: None, Delay: 0.1 ms, Speed: inf M/s, Resolution: 1920x1080
Name: CCTV-11, URL: https://www.freetv.top/migu/667987558.m3u8?migutoken=408059f9700f7f56e62184e265e65547e81239e202e8eca9e4c8b6af6d24f1b95ecc82d9a995833141f0ac6d599ff24fc9f1a323a6beb60301088388f1601c0e7c72b52ba0a58472e525714823, From: subscribe, IPv_Type: ipv6, Location: 美国-加利福尼亚州-圣克拉拉, ISP: DigitalOcean, Date: None, Delay: 0.1 ms, Speed: inf M/s, Resolution: 1920x1080
Name: CCTV-11, URL: https://www.freetv.top/migu/667987558.m3u8?migutoken=b64f3a361e8074b39bbbad35bdf17e43f722bcfa61647fe1ac137ea76cd90f034c1ab08fffb962f33c8dbe34b78847898aa262bf4eb0da6bbe3ef3975c49ee67fa1049054ac575c70a5fe5836e, From: subscribe, IPv_Type: ipv6, Location: 美国-加利福尼亚州-圣克拉拉, ISP: DigitalOcean, Date: None, Delay: 0.1 ms, Speed: inf M/s, Resolution: 1920x1080
Name: CCTV-11, URL: https://www.freetv.top/migu/667987558.m3u8?migutoken=0960d7e074be53abeacd988e7daaca6d1477b1f255f98a01c33c7adf74ac246fe65a23451c3cff9b1203a6285cec778b6d488bd805e9d2433abe3ca23eb24e4f2a5f36bba821773558e1dec231, From: subscribe, IPv_Type: ipv6, Location: 美国-加利福尼亚州-圣克拉拉, ISP: DigitalOcean, Date: None, Delay: 0.1 ms, Speed: inf M/s, Resolution: 1920x1080
Name: CCTV-11, URL: https://www.freetv.top/migu/667987558.m3u8?migutoken=4c903e5316196f2e3d586dc059cbb28c4bee023a690e5e366a6178f6c339df906f37cc0cf3efc277fd847991bc5c69f5d53eb0a19222cf25d5a646a7ae998a25cefc549cdf0f8c5a1c2d38fe88, From: subscribe, IPv_Type: ipv6, Location: 美国-加利福尼亚州-圣克拉拉, ISP: DigitalOcean, Date: None, Delay: 0.1 ms, Speed: inf M/s, Resolution: 1920x1080
Name: CCTV-11, URL: https://www.freetv.top/migu/667987558.m3u8?migutoken=94966fdba4386de76a59ad1052a1c8095cf8663510a3916813c5e60acb984ae723c749b8fc8917a8201dcae662c135045ceb026cdb90e5c76804938cb26605a70e496eb6695eb30a63b32270a9, From: subscribe, IPv_Type: ipv6, Location: 美国-加利福尼亚州-圣克拉拉, ISP: DigitalOcean, Date: None, Delay: 0.1 ms, Speed: inf M/s, Resolution: 1920x1080
Name: CCTV-11, URL: https://www.freetv.top/migu/667987558.m3u8?migutoken=1d0a7c51349d0d29392d62f5685c0adeccb58bc9a3ffea11a91caa97486b3676f1419283c7373cda120fc07d90d911e4191c58663b10666354a5140046e37437b3dfa6cb78242873fb16b97565, From: subscribe, IPv_Type: ipv6, Location: 美国-加利福尼亚州-圣克拉拉, ISP: DigitalOcean, Date: None, Delay: 0.1 ms, Speed: inf M/s, Resolution: 1920x1080
Name: CCTV-11, URL: https://www.freetv.top/migu/667987558.m3u8?migutoken=6f0aba8bb528e29d40340f6930899fd9d7af9fd013c355a61146d5528e6ac297c46d65935ffcea640455737c324736dd8a29f22083f5450155873c9e89d3a4fb8b6b92b897a7dc62ad55fd891d, From: subscribe, IPv_Type: ipv6, Location: 美国-加利福尼亚州-圣克拉拉, ISP: DigitalOcean, Date: None, Delay: 0.1 ms, Speed: inf M/s, Resolution: 1920x1080
Name: CCTV-11, URL: http://zteres.sn.chinamobile.com:6060/000000001000/5000000011000031106/1.m3u8?channel-id=bestzb&Contentid=5000000011000031106&livemode=1&stbId=3, From: subscribe, IPv_Type: ipv6, Location: 中国, ISP: 中国移动, Date: None, Delay: 0.1 ms, Speed: inf M/s, Resolution: 1920x1080
Name: CCTV-11, URL: http://zteres.sn.chinamobile.com:6060/000000001000/5000000006000040011/1.m3u8?channel-id=bestzb&Contentid=5000000006000040011&livemode=1&stbId=3, From: subscribe, IPv_Type: ipv6, Location: 中国, ISP: 中国移动, Date: None, Delay: 0.1 ms, Speed: inf M/s, Resolution: 1920x1080
Name: CCTV-11, URL: http://[2409:8087:4c0a:22:1::11]:6410/170000001115/UmaiCHAN6000053BESTVSMGSMG/index.m3u8?AuthInfo=9kOOdBn7MFF%2F2bWjKgahUTWDyIgRkFJBAHMhA2ayG0Qj2xHA4vdPGsjBbxSL3p%2FmAObVTfznR%2Fpc%2B76QYmLRMuL3Lj9iabhv8arW7kJe6%2F4, From: subscribe, IPv_Type: ipv6, Location: 中国, ISP: 中国移动, Date: None, Delay: 0.1 ms, Speed: inf M/s, Resolution: 1920x1080
Name: CCTV-11, URL: http://[2409:8087:5e01:34::38]:6610/ZTE_CMS/00000001000000060000000000000497/index.m3u8, From: subscribe, IPv_Type: ipv6, Location: 中国, ISP: 中国移动, Date: None, Delay: 0.1 ms, Speed: inf M/s, Resolution: 1920x1080
Name: CCTV-11, URL: http://[2409:8087:5e00:24::1f]:6060/ZTE_CMS/00000001000000060000000000000497/index.m3u8, From: subscribe, IPv_Type: ipv6, Location: 中国, ISP: 中国移动, Date: None, Delay: 0.1 ms, Speed: inf M/s, Resolution: 1920x1080
Name: CCTV-11, URL: http://[2409:8087:5e01:34::22]:6610/ZTE_CMS/00000001000000060000000000000497/index.m3u8?IAS, From: subscribe, IPv_Type: ipv6, Location: 中国, ISP: 中国移动, Date: None, Delay: 0.1 ms, Speed: inf M/s, Resolution: 1920x1080
Name: CCTV-11, URL: http://[2409:8087:5e01:34::21]:6610/ZTE_CMS/00000001000000060000000000000497/index.m3u8?IAS, From: subscribe, IPv_Type: ipv6, Location: 中国, ISP: 中国移动, Date: None, Delay: 0.1 ms, Speed: inf M/s, Resolution: 1920x1080
Name: CCTV-11, URL: http://[2409:8087:5e01:34::23]:6610/ZTE_CMS/00000001000000060000000000000497/index.m3u8?IAS, From: subscribe, IPv_Type: ipv6, Location: 中国, ISP: 中国移动, Date: None, Delay: 0.1 ms, Speed: inf M/s, Resolution: 1920x1080
Name: CCTV-11, URL: http://[2409:8087:74f0:22::4]:6410/270000001128/9900000508/index.m3u8, From: subscribe, IPv_Type: ipv6, Location: 中国, ISP: 中国移动, Date: None, Delay: 0.1 ms, Speed: inf M/s, Resolution: 1920x1080
Name: CCTV-11, URL: http://[2409:8087:1a01:df::7005]/ottrrs.hl.chinamobile.com/PLTV/88888888/224/3221226565/index.m3u8, From: subscribe, IPv_Type: ipv6, Location: 中国, ISP: 中国移动, Date: None, Delay: 0.1 ms, Speed: inf M/s, Resolution: 1920x1080
Name: CCTV-11, URL: http://[2409:8087:3869:8021:1001::e5]:6610/PLTV/88888910/224/3221225628/index.m3u8, From: subscribe, IPv_Type: ipv6, Location: 中国, ISP: 中国移动, Date: None, Delay: -1 ms, Speed: 0.00 M/s, Resolution: None
Name: CCTV-11, URL: http://rrs01.hw.gmcc.net:8088/PLTV/81/224/3221226714/1.m3u8, From: subscribe, IPv_Type: ipv6, Location: 中国, ISP: 中国移动, Date: None, Delay: -1 ms, Speed: 0.00 M/s, Resolution: None
Name: CCTV-11, URL: http://[2409:8087:8:21::18]:6610/otttv.bj.chinamobile.com/PLTV/88888888/224/3221226228/1.m3u8, From: subscribe, IPv_Type: ipv6, Location: 中国, ISP: 中国移动, Date: None, Delay: -1 ms, Speed: 0.00 M/s, Resolution: None
Name: CCTV-11, URL: http://k.061899.xyz/m.php?id=cctv11, From: subscribe, IPv_Type: ipv6, Location: 新加坡, ISP: Aceville Pte.Ltd., Date: None, Delay: -1 ms, Speed: 0.00 M/s, Resolution: None
Name: CCTV-11, URL: http://[2409:8087:1a15:10d1::34]/ottrrs.hl.chinamobile.com/PLTV/88888888/224/3221226565/index.m3u8, From: subscribe, IPv_Type: ipv6, Location: 中国, ISP: 中国移动, Date: None, Delay: -1 ms, Speed: 0.00 M/s, Resolution: None
Name: CCTV-11, URL: http://[2409:8087:1a15:10d1::35]/ottrrs.hl.chinamobile.com/PLTV/88888888/224/3221226565/index.m3u8, From: subscribe, IPv_Type: ipv6, Location: 中国, ISP: 中国移动, Date: None, Delay: -1 ms, Speed: 0.00 M/s, Resolution: None
Name: CCTV-11, URL: http://[2409:8087:5e00:24::1e]:6060/200000001898/460000089800010092/1.m3u8, From: subscribe, IPv_Type: ipv6, Location: 中国, ISP: 中国移动, Date: None, Delay: -1 ms, Speed: 0.00 M/s, Resolution: None
Name: CCTV-11, URL: http://[2409:8087:5e08:25::16]:6610/200000001898/460000089800010092/1.m3u8, From: subscribe, IPv_Type: ipv6, Location: 中国, ISP: 中国移动, Date: None, Delay: -1 ms, Speed: 0.00 M/s, Resolution: None
Name: CCTV-11, URL: https://migu.188766.xyz/?migutoken=7161126eb697caf582490927b3d3abde&id=CCTV11&pp=1, From: subscribe, IPv_Type: ipv6, Location: 美国, ISP: CloudFlare Inc., Date: None, Delay: -1 ms, Speed: 0.00 M/s, Resolution: None
Name: CCTV-11, URL: https://cc06.tv12.xyz/12.m3u8, From: subscribe, IPv_Type: ipv6, Location: 美国, ISP: CloudFlare Inc., Date: None, Delay: -1 ms, Speed: 0.00 M/s, Resolution: None
Name: CCTV-11, URL: http://gslbmgsplive.miguvideo.com/migu/kailu/cctv11hd/51/20200103/index.m3u8?msisdn=20250919080130c1fe0d6b584b40d49983bb267d5ace05&mdspid=&spid=699004&netType=0&sid=5500988610&pid=2028597139&timestamp=20250919080130&Channel_ID=0116_2600000900-99000-201600010010027&ProgramID=667987558&ParentNodeID=-99&assertID=5500988610&client_ip=106.13.250.88&SecurityKey=20250919080130&promotionId=&mvid=5102751362&mcid=500020&playurlVersion=WX-A1-8.9.1-RELEASE&userid=&jmhm=&videocodec=h264&bean=mgspad&tid=android&conFee=0&puData=5d8e7ba8974c1c0f5168f13b53c20302&ddCalcu=250de3810e7270cb3a58b93714fc816c105f, From: subscribe, IPv_Type: ipv6, Location: 中国, ISP: 中国移动, Date: None, Delay: -1 ms, Speed: 0.00 M/s, Resolution: None
Name: CCTV-11, URL: https://jzb.wwkejishe.top/?id=589, From: subscribe, IPv_Type: ipv6, Location: 美国, ISP: CloudFlare Inc., Date: None, Delay: -1 ms, Speed: 0.00 M/s, Resolution: None
Name: CCTV-11, URL: https://migu.188766.xyz/?migutoken=e4ce96dd50797c418c1c75a472e1eecf&id=CCTV11&type=yy, From: subscribe, IPv_Type: ipv6, Location: 美国, ISP: CloudFlare Inc., Date: None, Delay: -1 ms, Speed: 0.00 M/s, Resolution: None
Name: CCTV-11, URL: https://live.chinacert.cftest5.cn/mg/?id=667987558, From: subscribe, IPv_Type: ipv6, Location: 中国, ISP: 中国移动, Date: None, Delay: -1 ms, Speed: 0.00 M/s, Resolution: None
Name: CCTV-11, URL: https://migu.188766.xyz/?migutoken=cf40a34a5bd351dafdbffe0293183975&id=CCTV11&type=yy, From: subscribe, IPv_Type: ipv6, Location: 美国, ISP: CloudFlare Inc., Date: None, Delay: -1 ms, Speed: 0.00 M/s, Resolution: None
Name: CCTV-11, URL: https://iptv.catvod.com/live.php?id=CCTV-11%20%E6%88%8F%E6%9B%B2, From: subscribe, IPv_Type: ipv6, Location: 美国, ISP: CloudFlare Inc., Date: None, Delay: -1 ms, Speed: 0.00 M/s, Resolution: None
Name: CCTV-11, URL: http://[2409:8087:8:21::18]:6610/otttv.bj.chinamobile.com/PLTV/88888888/224/3221226334/1.m3u8?, From: subscribe, IPv_Type: ipv6, Location: 中国, ISP: 中国移动, Date: None, Delay: -1 ms, Speed: 0.00 M/s, Resolution: None
Name: CCTV-11, URL: https://migu.188766.xyz/?migutoken=a8663fd5273fb7afa18fcc3bd124346d&id=CCTV11&type=yy, From: subscribe, IPv_Type: ipv6, Location: 美国, ISP: CloudFlare Inc., Date: None, Delay: -1 ms, Speed: 0.00 M/s, Resolution: None
Name: CCTV-11, URL: https://migu.188766.xyz/?migutoken=ee60d4bd4771b8f001e4007e09323f50&id=CCTV11&type=yy, From: subscribe, IPv_Type: ipv6, Location: 美国, ISP: CloudFlare Inc., Date: None, Delay: -1 ms, Speed: 0.00 M/s, Resolution: None
Name: CCTV-11, URL: https://migu.188766.xyz/?migutoken=23409453a4f57e1190f4e17a9ae5c8cb&id=CCTV11&type=yy, From: subscribe, IPv_Type: ipv6, Location: 美国, ISP: CloudFlare Inc., Date: None, Delay: -1 ms, Speed: 0.00 M/s, Resolution: None
Name: CCTV-11, URL: https://migu.188766.xyz/?migutoken=46d0dddc525f353b35924a0ac1de2864&id=CCTV11&type=yy, From: subscribe, IPv_Type: ipv6, Location: 美国, ISP: CloudFlare Inc., Date: None, Delay: -1 ms, Speed: 0.00 M/s, Resolution: None
Name: CCTV-11, URL: https://migu.188766.xyz/?migutoken=6648e1848385832018f98e52ca39414f&id=CCTV11&type=yy, From: subscribe, IPv_Type: ipv6, Location: 美国, ISP: CloudFlare Inc., Date: None, Delay: -1 ms, Speed: 0.00 M/s, Resolution: None
Name: CCTV-11, URL: https://migu.188766.xyz/?migutoken=ff5819c006c6a3afb8569aa636cdbf41&id=CCTV11&type=yy, From: subscribe, IPv_Type: ipv6, Location: 美国, ISP: CloudFlare Inc., Date: None, Delay: -1 ms, Speed: 0.00 M/s, Resolution: None
Name: CCTV-11, URL: https://migu.188766.xyz/?migutoken=2124129c967010f4a79728e80c6e6fb8&id=CCTV11&type=yy, From: subscribe, IPv_Type: ipv6, Location: 美国, ISP: CloudFlare Inc., Date: None, Delay: -1 ms, Speed: 0.00 M/s, Resolution: None
Name: CCTV-11, URL: https://iptv.catvod.com/live.php?id=CCTV11, From: subscribe, IPv_Type: ipv6, Location: 美国, ISP: CloudFlare Inc., Date: None, Delay: -1 ms, Speed: 0.00 M/s, Resolution: None
Name: CCTV-11, URL: https://migu.188766.xyz/?migutoken=e790bc7541e9067b8f757fdb5c920a44&id=CCTV11&type=yy, From: subscribe, IPv_Type: ipv6, Location: 美国, ISP: CloudFlare Inc., Date: None, Delay: -1 ms, Speed: 0.00 M/s, Resolution: None
Name: CCTV-11, URL: https://migu.188766.xyz/?migutoken=0927bf82a45c1f9364f65c0ef218a10a&id=CCTV11&type=yy, From: subscribe, IPv_Type: ipv6, Location: 美国, ISP: CloudFlare Inc., Date: None, Delay: -1 ms, Speed: 0.00 M/s, Resolution: None
Name: CCTV-11, URL: https://migu.188766.xyz/?migutoken=f857d4afb5d2339bb55ab17b6d66a79b&id=CCTV11&type=yy, From: subscribe, IPv_Type: ipv6, Location: 美国, ISP: CloudFlare Inc., Date: None, Delay: -1 ms, Speed: 0.00 M/s, Resolution: None
Name: CCTV-11, URL: https://migu.188766.xyz/?migutoken=3bb0a07abc01805ec80a5b2b8072fbeb&id=CCTV11&type=yy, From: subscribe, IPv_Type: ipv6, Location: 美国, ISP: CloudFlare Inc., Date: None, Delay: -1 ms, Speed: 0.00 M/s, Resolution: None
Name: CCTV-11, URL: https://migu.188766.xyz/?migutoken=b044f890fbd453ee66441e86498b1027&id=CCTV11&type=yy, From: subscribe, IPv_Type: ipv6, Location: 美国, ISP: CloudFlare Inc., Date: None, Delay: -1 ms, Speed: 0.00 M/s, Resolution: None
Name: CCTV-11, URL: http://gslbmgsplive.miguvideo.com/migu/kailu/cctv11hd/50/20200103/index.m3u8?msisdn=20251212080216b7fcd0a5589e40ee82222182d382f6ab&mdspid=&spid=699004&netType=0&sid=5500988610&pid=2028597139&timestamp=20251212080216&Channel_ID=0116_2600037000-99000-200300220100002&ProgramID=667987558&ParentNodeID=-99&assertID=5500988610&client_ip=218.28.233.106&SecurityKey=20251212080216&promotionId=&mvid=5102751362&mcid=500020&playurlVersion=ZQ-A1-8.12.1-RELEASE&userid=&jmhm=&videocodec=h264&appCode=miguvideo_android&bean=mgspad&tid=android&conFee=0&puData=9ced51d0acd6e7b0123db368ea6b8317&ddCalcu=791cv3ea8dzb5a61ade08a6c3db6de372b10&sv=10004&ct=android, From: subscribe, IPv_Type: ipv6, Location: 中国, ISP: 中国移动, Date: None, Delay: -1 ms, Speed: 0.00 M/s, Resolution: None
Name: CCTV-11, URL: https://migu.188766.xyz/?migutoken=8e7b1f54290f6eb27b9254c2d01774ca&id=CCTV11&type=yy, From: subscribe, IPv_Type: ipv6, Location: 美国, ISP: CloudFlare Inc., Date: None, Delay: -1 ms, Speed: 0.00 M/s, Resolution: None
Name: CCTV-11, URL: https://migu.188766.xyz/?migutoken=7beabf3f47f2045fbf2ad78e4a537de7&id=CCTV11&type=yy, From: subscribe, IPv_Type: ipv6, Location: 美国, ISP: CloudFlare Inc., Date: None, Delay: -1 ms, Speed: 0.00 M/s, Resolution: None
Name: CCTV-11, URL: https://migu.188766.xyz/?migutoken=c38264c7c8c2bf958b519ef0c1c4ceec&id=CCTV11&type=yy, From: subscribe, IPv_Type: ipv6, Location: 美国, ISP: CloudFlare Inc., Date: None, Delay: -1 ms, Speed: 0.00 M/s, Resolution: None
Name: CCTV-11, URL: https://migu.188766.xyz/?migutoken=bf9ced76d24e2c7b258316e618a575f2&id=CCTV11&type=yy, From: subscribe, IPv_Type: ipv6, Location: 美国, ISP: CloudFlare Inc., Date: None, Delay: -1 ms, Speed: 0.00 M/s, Resolution: None
Name: CCTV-11, URL: https://migu.188766.xyz/?migutoken=c7dffe357e78bacacffdbdbc768f7182&id=CCTV11&type=yy, From: subscribe, IPv_Type: ipv6, Location: 美国, ISP: CloudFlare Inc., Date: None, Delay: -1 ms, Speed: 0.00 M/s, Resolution: None
Name: CCTV-11, URL: https://migu.188766.xyz/?migutoken=c8244bb5924ec506a3a5f08c19943981&id=CCTV11&type=yy, From: subscribe, IPv_Type: ipv6, Location: 美国, ISP: CloudFlare Inc., Date: None, Delay: -1 ms, Speed: 0.00 M/s, Resolution: None
Name: CCTV-11, URL: https://migu.188766.xyz/?migutoken=690b4d87e7f8735af6f4be2d9e3e5850&id=CCTV11&type=yy, From: subscribe, IPv_Type: ipv6, Location: 美国, ISP: CloudFlare Inc., Date: None, Delay: -1 ms, Speed: 0.00 M/s, Resolution: None
Name: CCTV-11, URL: https://iptv.catvod.com/live.php?id=CCTV-11, From: subscribe, IPv_Type: ipv6, Location: 美国, ISP: CloudFlare Inc., Date: None, Delay: -1 ms, Speed: 0.00 M/s, Resolution: None
Name: CCTV-11, URL: https://migu.188766.xyz/?migutoken=f6f4653e471a9cbb31051a81ccd9b51f&id=CCTV11&type=yy, From: subscribe, IPv_Type: ipv6, Location: 美国, ISP: CloudFlare Inc., Date: None, Delay: -1 ms, Speed: 0.00 M/s, Resolution: None
Name: CCTV-11, URL: https://migu.188766.xyz/?migutoken=292ce3f7844a769a5be1b21ca6ca48a9&id=CCTV11&type=yy, From: subscribe, IPv_Type: ipv6, Location: 美国, ISP: CloudFlare Inc., Date: None, Delay: -1 ms, Speed: 0.00 M/s, Resolution: None
Name: CCTV-11, URL: https://migu.188766.xyz/?migutoken=8818e5880aab1c1db6feed20b2eebaa7&id=CCTV11&type=yy, From: subscribe, IPv_Type: ipv6, Location: 美国, ISP: CloudFlare Inc., Date: None, Delay: -1 ms, Speed: 0.00 M/s, Resolution: None
Name: CCTV-11, URL: https://migu.188766.xyz/?migutoken=3b46787f030651169ff7dfa0acaa05c8&id=CCTV11&type=yy, From: subscribe, IPv_Type: ipv6, Location: 美国, ISP: CloudFlare Inc., Date: None, Delay: -1 ms, Speed: 0.00 M/s, Resolution: None
Name: CCTV-11, URL: https://migu.188766.xyz/?migutoken=c746934b1aecb42991b0532f7b497638&id=CCTV11&type=yy, From: subscribe, IPv_Type: ipv6, Location: 美国, ISP: CloudFlare Inc., Date: None, Delay: -1 ms, Speed: 0.00 M/s, Resolution: None
Name: CCTV-11, URL: https://migu.188766.xyz/?migutoken=cc5ca00e927603cc9d04531fc216716c&id=CCTV11&type=yy, From: subscribe, IPv_Type: ipv6, Location: 美国, ISP: CloudFlare Inc., Date: None, Delay: -1 ms, Speed: 0.00 M/s, Resolution: None
Name: CCTV-11, URL: https://migu.188766.xyz/?migutoken=4f1674ecb8cf83b89139571ab78212b3&id=CCTV11&type=yy, From: subscribe, IPv_Type: ipv6, Location: 美国, ISP: CloudFlare Inc., Date: None, Delay: -1 ms, Speed: 0.00 M/s, Resolution: None
Name: CCTV-11, URL: https://migu.188766.xyz/?migutoken=0e50c6b799b8a771ecf579ea0d7a04f0&id=CCTV11&type=yy, From: subscribe, IPv_Type: ipv6, Location: 美国, ISP: CloudFlare Inc., Date: None, Delay: -1 ms, Speed: 0.00 M/s, Resolution: None
Name: CCTV-11, URL: https://migu.188766.xyz/?migutoken=d627f213e505421fdf50261c2ac14f86&id=CCTV11&type=yy, From: subscribe, IPv_Type: ipv6, Location: 美国, ISP: CloudFlare Inc., Date: None, Delay: -1 ms, Speed: 0.00 M/s, Resolution: None
Name: CCTV-11, URL: https://migu.188766.xyz/?migutoken=6c3757274a2f75c78e4738243726a6a1&id=CCTV11&type=yy, From: subscribe, IPv_Type: ipv6, Location: 美国, ISP: CloudFlare Inc., Date: None, Delay: -1 ms, Speed: 0.00 M/s, Resolution: None
Name: CCTV-11, URL: https://migu.188766.xyz/?migutoken=45ff78d9262d7a8917b78b88be921b98&id=CCTV11&type=yy, From: subscribe, IPv_Type: ipv6, Location: 美国, ISP: CloudFlare Inc., Date: None, Delay: -1 ms, Speed: 0.00 M/s, Resolution: None
Name: CCTV-11, URL: https://migu.188766.xyz/?migutoken=1b8adfdeda344c5703c2054fc613060d&id=CCTV11&type=yy, From: subscribe, IPv_Type: ipv6, Location: 美国, ISP: CloudFlare Inc., Date: None, Delay: -1 ms, Speed: 0.00 M/s, Resolution: None
Name: CCTV-11, URL: https://migu.188766.xyz/?migutoken=aa814646836aa9633c2e7532578aa2d9&id=CCTV11&type=yy, From: subscribe, IPv_Type: ipv6, Location: 美国, ISP: CloudFlare Inc., Date: None, Delay: -1 ms, Speed: 0.00 M/s, Resolution: None
Name: CCTV-11, URL: https://migu.188766.xyz/?migutoken=cdea265e52ed1e6cf2c80f7a4b4a50a6&id=CCTV11&type=yy, From: subscribe, IPv_Type: ipv6, Location: 美国, ISP: CloudFlare Inc., Date: None, Delay: -1 ms, Speed: 0.00 M/s, Resolution: None
Name: CCTV-11, URL: https://migu.188766.xyz/?migutoken=b6ba945fd23509773bc822b18852fed6&id=CCTV11&type=yy, From: subscribe, IPv_Type: ipv6, Location: 美国, ISP: CloudFlare Inc., Date: None, Delay: -1 ms, Speed: 0.00 M/s, Resolution: None
Name: CCTV-11, URL: https://migu.188766.xyz/?migutoken=914830b2abd9bcfb0efb870877925d0c&id=CCTV11&type=yy, From: subscribe, IPv_Type: ipv6, Location: 美国, ISP: CloudFlare Inc., Date: None, Delay: -1 ms, Speed: 0.00 M/s, Resolution: None
Name: CCTV-11, URL: https://migu.188766.xyz/?migutoken=adf985ee23b98a42ef9d96f9e0f06765&id=CCTV11&type=yy, From: subscribe, IPv_Type: ipv6, Location: 美国, ISP: CloudFlare Inc., Date: None, Delay: -1 ms, Speed: 0.00 M/s, Resolution: None
Name: CCTV-11, URL: https://migu.188766.xyz/?migutoken=b7de758c618b823614e998dc8962fad0&id=CCTV11&type=yy, From: subscribe, IPv_Type: ipv6, Location: 美国, ISP: CloudFlare Inc., Date: None, Delay: -1 ms, Speed: 0.00 M/s, Resolution: None
Name: CCTV-11, URL: https://migu.188766.xyz/?migutoken=76f60a268ee95af412b067e1a7424db4&id=CCTV11&type=yy, From: subscribe, IPv_Type: ipv6, Location: 美国, ISP: CloudFlare Inc., Date: None, Delay: -1 ms, Speed: 0.00 M/s, Resolution: None
Name: CCTV-11, URL: https://migu.188766.xyz/?migutoken=cf74138b7c9c7d4f9e75c54946611604&id=CCTV11&type=yy, From: subscribe, IPv_Type: ipv6, Location: 美国, ISP: CloudFlare Inc., Date: None, Delay: -1 ms, Speed: 0.00 M/s, Resolution: None
Name: CCTV-11, URL: https://migu.188766.xyz/?migutoken=24c2694489732396bcd1cf77af4615ad&id=CCTV11&type=yy, From: subscribe, IPv_Type: ipv6, Location: 美国, ISP: CloudFlare Inc., Date: None, Delay: -1 ms, Speed: 0.00 M/s, Resolution: None
Name: CCTV-11, URL: https://migu.188766.xyz/?migutoken=24eb749cd35f826873690586e3fd08cd&id=CCTV11&type=yy, From: subscribe, IPv_Type: ipv6, Location: 美国, ISP: CloudFlare Inc., Date: None, Delay: -1 ms, Speed: 0.00 M/s, Resolution: None
Name: CCTV-11, URL: https://migu.188766.xyz/?migutoken=6fc332702b7a97bf5df028f00c0477fa&id=CCTV11&type=yy, From: subscribe, IPv_Type: ipv6, Location: 美国, ISP: CloudFlare Inc., Date: None, Delay: -1 ms, Speed: 0.00 M/s, Resolution: None
Name: CCTV-11, URL: https://migu.188766.xyz/?migutoken=03cfeeebedb7b45955201657de7b0c4d&id=CCTV11&type=yy, From: subscribe, IPv_Type: ipv6, Location: 美国, ISP: CloudFlare Inc., Date: None, Delay: -1 ms, Speed: 0.00 M/s, Resolution: None
Name: CCTV-11, URL: https://migu.188766.xyz/?migutoken=9e855aa78c58762ee308d0cf072f7834&id=CCTV11&type=yy, From: subscribe, IPv_Type: ipv6, Location: 美国, ISP: CloudFlare Inc., Date: None, Delay: -1 ms, Speed: 0.00 M/s, Resolution: None
Name: CCTV-11, URL: https://migu.188766.xyz/?migutoken=50679bf783d9523c4b1a1905e6ecef93&id=CCTV11&type=yy, From: subscribe, IPv_Type: ipv6, Location: 美国, ISP: CloudFlare Inc., Date: None, Delay: -1 ms, Speed: 0.00 M/s, Resolution: None
Name: CCTV-11, URL: https://migu.188766.xyz/?migutoken=ab09cf2618eca846d6910de0b30f046b&id=CCTV11&type=yy, From: subscribe, IPv_Type: ipv6, Location: 美国, ISP: CloudFlare Inc., Date: None, Delay: -1 ms, Speed: 0.00 M/s, Resolution: None
Name: CCTV-11, URL: https://migu.188766.xyz/?migutoken=e354b612ae8e2c45414dd1ddea5b96a9&id=CCTV11&type=yy, From: subscribe, IPv_Type: ipv6, Location: 美国, ISP: CloudFlare Inc., Date: None, Delay: -1 ms, Speed: 0.00 M/s, Resolution: None
Name: CCTV-11, URL: https://migu.188766.xyz/?migutoken=85558585b8c6f941aeca3d9658879c27&id=CCTV11&type=yy, From: subscribe, IPv_Type: ipv6, Location: 美国, ISP: CloudFlare Inc., Date: None, Delay: -1 ms, Speed: 0.00 M/s, Resolution: None
Name: CCTV-11, URL: https://migu.188766.xyz/?migutoken=a2cae1b13b6576a605a6d9819abde0fe&id=CCTV11&type=yy, From: subscribe, IPv_Type: ipv6, Location: 美国, ISP: CloudFlare Inc., Date: None, Delay: -1 ms, Speed: 0.00 M/s, Resolution: None
Name: CCTV-11, URL: https://migu.188766.xyz/?migutoken=31c8f62ab810c9c313ab51b7c792ebfa&id=CCTV11&type=yy, From: subscribe, IPv_Type: ipv6, Location: 美国, ISP: CloudFlare Inc., Date: None, Delay: -1 ms, Speed: 0.00 M/s, Resolution: None
Name: CCTV-11, URL: https://migu.188766.xyz/?migutoken=5e31341478191c2ce7c40f110ff256ae&id=CCTV11&type=yy, From: subscribe, IPv_Type: ipv6, Location: 美国, ISP: CloudFlare Inc., Date: None, Delay: -1 ms, Speed: 0.00 M/s, Resolution: None
Name: CCTV-11, URL: https://migu.188766.xyz/?migutoken=02f32d73f19cb7aa3b1d908ad84aff10&id=CCTV11&type=yy, From: subscribe, IPv_Type: ipv6, Location: 美国, ISP: CloudFlare Inc., Date: None, Delay: -1 ms, Speed: 0.00 M/s, Resolution: None
Name: CCTV-11, URL: https://migu.188766.xyz/?migutoken=92624fe65d197b415ee9cbdaa1eb9a86&id=CCTV11&type=yy, From: subscribe, IPv_Type: ipv6, Location: 美国, ISP: CloudFlare Inc., Date: None, Delay: -1 ms, Speed: 0.00 M/s, Resolution: None
Name: CCTV-11, URL: https://migu.188766.xyz/?migutoken=24305dea1bb29f2f635a98d44fe8af4e&id=CCTV11&type=yy, From: subscribe, IPv_Type: ipv6, Location: 美国, ISP: CloudFlare Inc., Date: None, Delay: -1 ms, Speed: 0.00 M/s, Resolution: None
Name: CCTV-11, URL: https://migu.188766.xyz/?migutoken=b7864809be33bab66196ebcea2ff71e0&id=CCTV11&type=yy, From: subscribe, IPv_Type: ipv6, Location: 美国, ISP: CloudFlare Inc., Date: None, Delay: -1 ms, Speed: 0.00 M/s, Resolution: None
Name: CCTV-11, URL: https://migu.188766.xyz/?migutoken=5ef811c5df419f6585837747baf60c1d&id=CCTV11&type=yy, From: subscribe, IPv_Type: ipv6, Location: 美国, ISP: CloudFlare Inc., Date: None, Delay: -1 ms, Speed: 0.00 M/s, Resolution: None
Name: CCTV-11, URL: https://migu.188766.xyz/?migutoken=4fbd4d33c3e0667cfe21695d48567a96&id=CCTV11&type=yy, From: subscribe, IPv_Type: ipv6, Location: 美国, ISP: CloudFlare Inc., Date: None, Delay: -1 ms, Speed: 0.00 M/s, Resolution: None
Name: CCTV-11, URL: https://migu.188766.xyz/?migutoken=389ffb8471e7a2b3d57977bfedacd65c&id=CCTV11&type=yy, From: subscribe, IPv_Type: ipv6, Location: 美国, ISP: CloudFlare Inc., Date: None, Delay: -1 ms, Speed: 0.00 M/s, Resolution: None
Name: CCTV-11, URL: https://migu.188766.xyz/?migutoken=22dad72b405bb572aca61983cdbd3a1a&id=CCTV11&type=yy, From: subscribe, IPv_Type: ipv6, Location: 美国, ISP: CloudFlare Inc., Date: None, Delay: -1 ms, Speed: 0.00 M/s, Resolution: None
Name: CCTV-11, URL: https://migu.188766.xyz/?migutoken=97f3af7bd08467224f59724ad8a2cf25&id=CCTV11&type=yy, From: subscribe, IPv_Type: ipv6, Location: 美国, ISP: CloudFlare Inc., Date: None, Delay: -1 ms, Speed: 0.00 M/s, Resolution: None
Name: CCTV-11, URL: https://migu.188766.xyz/?migutoken=baf66ca2eaac4068328081457d6a762f&id=CCTV11&type=yy, From: subscribe, IPv_Type: ipv6, Location: 美国, ISP: CloudFlare Inc., Date: None, Delay: -1 ms, Speed: 0.00 M/s, Resolution: None
Name: CCTV-11, URL: https://migu.188766.xyz/?migutoken=1b2cc2dc5483fc1140f9480118c417f4&id=CCTV11&type=yy, From: subscribe, IPv_Type: ipv6, Location: 美国, ISP: CloudFlare Inc., Date: None, Delay: -1 ms, Speed: 0.00 M/s, Resolution: None
Name: CCTV-11, URL: https://migu.188766.xyz/?migutoken=70405ed5c232ec904ebb75b03714de98&id=CCTV11&type=yy, From: subscribe, IPv_Type: ipv6, Location: 美国, ISP: CloudFlare Inc., Date: None, Delay: -1 ms, Speed: 0.00 M/s, Resolution: None
Name: CCTV-11, URL: https://migu.188766.xyz/?migutoken=8bb74c45252f39069d237932f73565b4&id=CCTV11&type=yy, From: subscribe, IPv_Type: ipv6, Location: 美国, ISP: CloudFlare Inc., Date: None, Delay: -1 ms, Speed: 0.00 M/s, Resolution: None
Name: CCTV-11, URL: https://migu.188766.xyz/?migutoken=256fc42cf509f77d38d6855086d91a31&id=CCTV11&type=yy, From: subscribe, IPv_Type: ipv6, Location: 美国, ISP: CloudFlare Inc., Date: None, Delay: -1 ms, Speed: 0.00 M/s, Resolution: None
Name: CCTV-11, URL: https://migu.188766.xyz/?migutoken=9e0817daf3e86f19d5377077bfaf743b&id=CCTV11&type=yy, From: subscribe, IPv_Type: ipv6, Location: 美国, ISP: CloudFlare Inc., Date: None, Delay: -1 ms, Speed: 0.00 M/s, Resolution: None
Name: CCTV-11, URL: https://migu.188766.xyz/?migutoken=c64e1088f6a65e2da7adfc48e0e6838c&id=CCTV11&type=yy, From: subscribe, IPv_Type: ipv6, Location: 美国, ISP: CloudFlare Inc., Date: None, Delay: -1 ms, Speed: 0.00 M/s, Resolution: None
Name: CCTV-11, URL: https://migu.188766.xyz/?migutoken=1c01c419885172f7a2802c7f21a0c510&id=CCTV11&type=yy, From: subscribe, IPv_Type: ipv6, Location: 美国, ISP: CloudFlare Inc., Date: None, Delay: -1 ms, Speed: 0.00 M/s, Resolution: None
Name: CCTV-11, URL: https://migu.188766.xyz/?migutoken=f5b97b32f018426bf208edf4d7b9fcf3&id=CCTV11&type=yy, From: subscribe, IPv_Type: ipv6, Location: 美国, ISP: CloudFlare Inc., Date: None, Delay: -1 ms, Speed: 0.00 M/s, Resolution: None
Name: CCTV-11, URL: https://migu.188766.xyz/?migutoken=e02cfb340f9c3b758f7f63994f428da3&id=CCTV11&type=yy, From: subscribe, IPv_Type: ipv6, Location: 美国, ISP: CloudFlare Inc., Date: None, Delay: -1 ms, Speed: 0.00 M/s, Resolution: None
Name: CCTV-11, URL: https://migu.188766.xyz/?migutoken=ad6f155195347da08ec83e83941c4b67&id=CCTV11&type=yy, From: subscribe, IPv_Type: ipv6, Location: 美国, ISP: CloudFlare Inc., Date: None, Delay: -1 ms, Speed: 0.00 M/s, Resolution: None
Name: CCTV-11, URL: https://migu.188766.xyz/?migutoken=4fa382b74f29fd96030a25a79d7e4870&id=CCTV11&type=yy, From: subscribe, IPv_Type: ipv6, Location: 美国, ISP: CloudFlare Inc., Date: None, Delay: -1 ms, Speed: 0.00 M/s, Resolution: None
Name: CCTV-11, URL: https://migu.188766.xyz/?migutoken=31437232b322f69473e587ddad1f2af7&id=CCTV11&type=yy, From: subscribe, IPv_Type: ipv6, Location: 美国, ISP: CloudFlare Inc., Date: None, Delay: -1 ms, Speed: 0.00 M/s, Resolution: None
Name: CCTV-11, URL: https://migu.188766.xyz/?migutoken=0d712773340f605be9b499fbb488c11c&id=CCTV11&type=yy, From: subscribe, IPv_Type: ipv6, Location: 美国, ISP: CloudFlare Inc., Date: None, Delay: -1 ms, Speed: 0.00 M/s, Resolution: None
Name: CCTV-11, URL: https://migu.188766.xyz/?migutoken=a3a8c96ec71bf711cc594060c5e2ab90&id=CCTV11&type=yy, From: subscribe, IPv_Type: ipv6, Location: 美国, ISP: CloudFlare Inc., Date: None, Delay: -1 ms, Speed: 0.00 M/s, Resolution: None
Name: CCTV-11, URL: https://migu.188766.xyz/?migutoken=896c825aa3f58eea32f21f9f8cc42f2b&id=CCTV11&type=yy, From: subscribe, IPv_Type: ipv6, Location: 美国, ISP: CloudFlare Inc., Date: None, Delay: -1 ms, Speed: 0.00 M/s, Resolution: None
Name: CCTV-11, URL: https://migu.188766.xyz/?migutoken=86fad70c3a00571d22141b2c2f1836bd&id=CCTV11&type=yy, From: subscribe, IPv_Type: ipv6, Location: 美国, ISP: CloudFlare Inc., Date: None, Delay: -1 ms, Speed: 0.00 M/s, Resolution: None
Name: CCTV-11, URL: http://mgsp-hs2.live.miguvideo.com:8088/migu/kailu/cctv11hd265/54/20200407/index.m3u8?msisdn=e55e9ee71b42d2d7008a152c069625e3&mdspid=&spid=699004&netType=0&sid=5500988610&pid=2028597139&timestamp=20260215080204&Channel_ID=0116_2600034600-99000-201600010010028&ProgramID=667987558&ParentNodeID=-99&assertID=5500988610&client_ip=218.28.233.106&SecurityKey=20260215080204&promotionId=&mvid=5102751362&mcid=500020&playurlVersion=WX-A1-9.2.1-RELEASE&userid=&jmhm=&videocodec=h265&appCode=miguvideo_android&bean=mgspad&tid=android&conFee=0&encrypt=b1dad7d89614a943a1e8cbefed7b0a42&sv=10004&ct=android, From: subscribe, IPv_Type: ipv6, Location: 中国, ISP: 中国移动, Date: None, Delay: -1 ms, Speed: 0.00 M/s, Resolution: None
Name: CCTV-11, URL: https://migu.188766.xyz/?migutoken=75be6e6dd50cdb8230da8389ce9f3f06&id=CCTV11&type=yy, From: subscribe, IPv_Type: ipv6, Location: 美国, ISP: CloudFlare Inc., Date: None, Delay: -1 ms, Speed: 0.00 M/s, Resolution: None
Name: CCTV-11, URL: http://mgsp-ws2.live.miguvideo.com:8088/migu/kailu/cctv11hd265/54/20200407/index.m3u8?msisdn=e55e9ee71b42d2d7008a152c069625e3&mdspid=&spid=699004&netType=0&sid=5500988610&pid=2028597139&timestamp=20260216080221&Channel_ID=0116_2600034600-99000-201600010010028&ProgramID=667987558&ParentNodeID=-99&assertID=5500988610&client_ip=218.28.233.106&SecurityKey=20260216080221&promotionId=&mvid=5102751362&mcid=500020&playurlVersion=WX-A1-9.2.1-RELEASE&userid=&jmhm=&videocodec=h265&appCode=miguvideo_android&bean=mgspad&tid=android&conFee=0&encrypt=21512c1ee254e9f24f87b8ae627cac4c&sv=10004&ct=android, From: subscribe, IPv_Type: ipv6, Location: 加拿大, ISP: , Date: None, Delay: -1 ms, Speed: 0.00 M/s, Resolution: None
Name: CCTV-11, URL: https://migu.188766.xyz/?migutoken=1b0f05f2c5ddec16f347aae0cf8db54c&id=CCTV11&type=yy, From: subscribe, IPv_Type: ipv6, Location: 美国, ISP: CloudFlare Inc., Date: None, Delay: -1 ms, Speed: 0.00 M/s, Resolution: None
Name: CCTV-11, URL: http://mgsp-zy2.live.miguvideo.com:8088/migu/kailu/cctv11hd265/54/20200407/index.m3u8?msisdn=e55e9ee71b42d2d7008a152c069625e3&mdspid=&spid=699004&netType=0&sid=5500988610&pid=2028597139&timestamp=20260217084014&Channel_ID=0116_2600034600-99000-201600010010028&ProgramID=667987558&ParentNodeID=-99&assertID=5500988610&client_ip=218.28.233.106&SecurityKey=20260217084014&promotionId=&mvid=5102751362&mcid=500020&playurlVersion=WX-A1-9.2.1-RELEASE&userid=&jmhm=&videocodec=h265&appCode=miguvideo_android&bean=mgspad&tid=android&conFee=0&encrypt=25bec36dcc421a595ef3d9498a70b531&sv=10004&ct=android, From: subscribe, IPv_Type: ipv6, Location: 中国, ISP: 中国电信, Date: None, Delay: -1 ms, Speed: 0.00 M/s, Resolution: None
Name: CCTV-11, URL: https://migu.188766.xyz/?migutoken=2caa75c089d1fbcf471112c59dc4021c&id=CCTV11&type=yy, From: subscribe, IPv_Type: ipv6, Location: 美国, ISP: CloudFlare Inc., Date: None, Delay: -1 ms, Speed: 0.00 M/s, Resolution: None
Name: CCTV-11, URL: https://iptv.catvod.com/live.php?id=CCTV11&line=8, From: subscribe, IPv_Type: ipv6, Location: 美国, ISP: CloudFlare Inc., Date: None, Delay: -1 ms, Speed: 0.00 M/s, Resolution: None
Name: CCTV-11, URL: https://iptv.catvod.com/live.php?id=CCTV11&line=9, From: subscribe, IPv_Type: ipv6, Location: 美国, ISP: CloudFlare Inc., Date: None, Delay: -1 ms, Speed: 0.00 M/s, Resolution: None
Name: CCTV-11, URL: https://iptv.catvod.com/live.php?id=CCTV11&line=10, From: subscribe, IPv_Type: ipv6, Location: 美国, ISP: CloudFlare Inc., Date: None, Delay: -1 ms, Speed: 0.00 M/s, Resolution: None
Name: CCTV-11, URL: https://iptv.catvod.com/live.php?id=CCTV11&line=11, From: subscribe, IPv_Type: ipv6, Location: 美国, ISP: CloudFlare Inc., Date: None, Delay: -1 ms, Speed: 0.00 M/s, Resolution: None
Name: CCTV-11, URL: https://iptv.catvod.com/live.php?id=CCTV11&line=12, From: subscribe, IPv_Type: ipv6, Location: 美国, ISP: CloudFlare Inc., Date: None, Delay: -1 ms, Speed: 0.00 M/s, Resolution: None
Name: CCTV-11, URL: https://iptv.catvod.com/live.php?id=CCTV11&line=13, From: subscribe, IPv_Type: ipv6, Location: 美国, ISP: CloudFlare Inc., Date: None, Delay: -1 ms, Speed: 0.00 M/s, Resolution: None
Name: CCTV-11, URL: https://iptv.catvod.com/live.php?id=CCTV11&line=14, From: subscribe, IPv_Type: ipv6, Location: 美国, ISP: CloudFlare Inc., Date: None, Delay: -1 ms, Speed: 0.00 M/s, Resolution: None
Name: CCTV-11, URL: https://iptv.catvod.com/live.php?id=CCTV11&line=15, From: subscribe, IPv_Type: ipv6, Location: 美国, ISP: CloudFlare Inc., Date: None, Delay: -1 ms, Speed: 0.00 M/s, Resolution: None
Name: CCTV-12, URL: http://php.jdshipin.com/TVOD/hljyd.php?id=3221225731, From: subscribe, IPv_Type: ipv6, Location: 美国, ISP: CloudFlare Inc., Date: None, Delay: 0.1 ms, Speed: inf M/s, Resolution: 1920x1080
Name: CCTV-12, URL: http://z.b.bkpcp.top/m.php?id=CCTV-12社会与法社会与法, From: subscribe, IPv_Type: ipv6, Location: 美国, ISP: CloudFlare Inc., Date: None, Delay: 0.1 ms, Speed: inf M/s, Resolution: 1920x1080
Name: CCTV-12, URL: http://iptv.huuc.edu.cn/hls/cctv12hd.m3u8, From: subscribe, IPv_Type: ipv6, Location: 中国, ISP: 教育网, Date: None, Delay: 0.1 ms, Speed: inf M/s, Resolution: 1920x1080
Name: CCTV-12, URL: https://www.freetv.top/migu/673168185.m3u8?migutoken=37acadb43b1d7932b0a1e8a4f2d01a06b42a10c31f3ccb417bae200ac3028f30a8110509f2cd6cd130aee4b21c85693aa49817f3381e4d28e140d8db1a20b6fecea22fec17a70ff1341efe6081, From: subscribe, IPv_Type: ipv6, Location: 美国-加利福尼亚州-圣克拉拉, ISP: DigitalOcean, Date: None, Delay: 0.1 ms, Speed: inf M/s, Resolution: 1920x1080
Name: CCTV-12, URL: http://[2409:8087:1a01:df::4077]/ottrrs.hl.chinamobile.com/PLTV/88888888/224/3221225731/index.m3u8, From: subscribe, IPv_Type: ipv6, Location: 中国, ISP: 中国移动, Date: None, Delay: -1 ms, Speed: 0.00 M/s, Resolution: None
Name: CCTV-12, URL: https://smart.pendy.dpdns.org/Smart.php?id=cctv12, From: subscribe, IPv_Type: ipv6, Location: 美国, ISP: CloudFlare Inc., Date: None, Delay: 0.1 ms, Speed: inf M/s, Resolution: 1920x1080
Name: CCTV-12, URL: http://[2409:8087:1:20:20::29]/otttv.bj.chinamobile.com/PLTV/88888888/224/3221226228/1.m3u8?GuardEncType=2&accountinfo=%7E%7EV2.0%7E2knJCFLHz_HqfBZXNGeA1A%7E_eNUb, From: subscribe, IPv_Type: ipv6, Location: 中国, ISP: 中国移动, Date: None, Delay: 0.1 ms, Speed: inf M/s, Resolution: 1920x1080
Name: CCTV-12, URL: http://[2409:8087:1a01:df::4077]:80/ottrrs.hl.chinamobile.com/TVOD/88888888/224/3221225731/index.m3u8, From: subscribe, IPv_Type: ipv6, Location: 中国, ISP: 中国移动, Date: None, Delay: -1 ms, Speed: 0.00 M/s, Resolution: None
Name: CCTV-12, URL: http://[2409:8087:1a01:df::4077]:80/ottrrs.hl.chinamobile.com/PLTV/88888888/224/3221225731/index.m3u8, From: subscribe, IPv_Type: ipv6, Location: 中国, ISP: 中国移动, Date: None, Delay: -1 ms, Speed: 0.00 M/s, Resolution: None
Name: CCTV-12, URL: http://[2409:8087:1a01:df::4077]/ottrrs.hl.chinamobile.com/PLTV/88888888/8/3221225731/index.m3u8, From: subscribe, IPv_Type: ipv6, Location: 中国, ISP: 中国移动, Date: None, Delay: 0.1 ms, Speed: inf M/s, Resolution: 1920x1080
Name: CCTV-12, URL: http://[2409:8087:1a01:df::4077]:80/ottrrs.hl.chinamobile.com/PLTV/88888888/8/3221225731/index.m3u8, From: subscribe, IPv_Type: ipv6, Location: 中国, ISP: 中国移动, Date: None, Delay: 0.1 ms, Speed: inf M/s, Resolution: 1920x1080
Name: CCTV-12, URL: http://[2409:8087:1a01:df::4077]/ottrrs.hl.chinamobile.com/yinhe/88888888/224/3221225731/index.m3u8, From: subscribe, IPv_Type: ipv6, Location: 中国, ISP: 中国移动, Date: None, Delay: 0.1 ms, Speed: inf M/s, Resolution: 1920x1080
Name: CCTV-12, URL: http://[2409:8087:8:21::18]:6610/otttv.bj.chinamobile.com/PLTV/88888888/224/3221226228/1.m3u8, From: subscribe, IPv_Type: ipv6, Location: 中国, ISP: 中国移动, Date: None, Delay: 0.1 ms, Speed: inf M/s, Resolution: 1920x1080
Name: CCTV-12, URL: http://[2409:8087:8:21::18]:6610/otttv.bj.chinamobile.com/PLTV/88888888/224/3221226447/1.m3u8, From: subscribe, IPv_Type: ipv6, Location: 中国, ISP: 中国移动, Date: None, Delay: 0.1 ms, Speed: inf M/s, Resolution: 1920x1080
Name: CCTV-12, URL: http://[2409:8087:8:21::18]:6610/otttv.bj.chinamobile.com/PLTV/88888888/224/3221226462/1.m3u8, From: subscribe, IPv_Type: ipv6, Location: 中国, ISP: 中国移动, Date: None, Delay: 0.1 ms, Speed: inf M/s, Resolution: 1920x1080
Name: CCTV-12, URL: http://[2409:8087:1a0a:df::404b]/ottrrs.hl.chinamobile.com/TVOD/88888888/224/3221225731/index.m3u8, From: subscribe, IPv_Type: ipv6, Location: 中国, ISP: 中国移动, Date: None, Delay: 0.1 ms, Speed: inf M/s, Resolution: 1920x1080
Name: CCTV-12, URL: https://www.freetv.top/migu/673168185.m3u8?migutoken=31f1f7706893174b07ad63d278f68bdbc05d1220b36e0b0e4562d7f178a678551b4a327c4a82e2d31097779e60029fb200d4b109d504cc7e3b1b689ebc69e062a20f41e4bbba0fadcf402d0293, From: subscribe, IPv_Type: ipv6, Location: 美国-加利福尼亚州-圣克拉拉, ISP: DigitalOcean, Date: None, Delay: 0.1 ms, Speed: inf M/s, Resolution: 1920x1080
Name: CCTV-12, URL: https://www.freetv.top/migu/673168185.m3u8?migutoken=ca060ebeb7798a2bd7e8b8cb4143386b12a2629519220accd5fd0a77a147ab06630fd8cf65f82517ba9db18cc4b5c5edf350c0734fdddbc216781b9944d8e7eaf326bac636110e27fcd980f4e2, From: subscribe, IPv_Type: ipv6, Location: 美国-加利福尼亚州-圣克拉拉, ISP: DigitalOcean, Date: None, Delay: 0.1 ms, Speed: inf M/s, Resolution: 1920x1080
Name: CCTV-12, URL: https://www.freetv.top/migu/673168185.m3u8?migutoken=40766e9859972e6ae171d58afa7e850faae4246a22bcbd157d273c1bd3b350c0a628f5bf360a7db1d2783c2aadcb2234c9655b4da63085bdef253dcca0b0c76b5ac80d0f95782b3b7bd4a0e881, From: subscribe, IPv_Type: ipv6, Location: 美国-加利福尼亚州-圣克拉拉, ISP: DigitalOcean, Date: None, Delay: 0.1 ms, Speed: inf M/s, Resolution: 1920x1080
Name: CCTV-12, URL: https://www.freetv.top/migu/673168185.m3u8?migutoken=876a940958defb8a6514e54b9a992f0208f7db15754439ec4131d690bb68982f44bdfa6edbdbbdaf91035ca931a5577a8de3f1af81b18ee26104662899818f2703ab8bf49c63365ef4c1abb782, From: subscribe, IPv_Type: ipv6, Location: 美国-加利福尼亚州-圣克拉拉, ISP: DigitalOcean, Date: None, Delay: 0.1 ms, Speed: inf M/s, Resolution: 1920x1080
Name: CCTV-12, URL: https://www.freetv.top/migu/673168185.m3u8?migutoken=dd69c6da4ca875bfa3b2c373a896be579823c971f68c14aae1624ddc25a0b5bbf046484c0809601c25014abc49cfbf2f72bf0c59ab5ff81f304a187856c7a50e4d2b12f9eaf5d5627b50786e85, From: subscribe, IPv_Type: ipv6, Location: 美国-加利福尼亚州-圣克拉拉, ISP: DigitalOcean, Date: None, Delay: 0.1 ms, Speed: inf M/s, Resolution: 1920x1080
Name: CCTV-12, URL: https://www.freetv.top/migu/673168185.m3u8?migutoken=2c8ff357aa2421f58bdbe7599a401e91b4e82c915fb4cdc01b7b5958d324557b8fe0b9dfc2848124c14b3c90fbeeaaec9a973e08efe51011771d0fbfcdfb36bbb23ba40211547f349c501b6997, From: subscribe, IPv_Type: ipv6, Location: 美国-加利福尼亚州-圣克拉拉, ISP: DigitalOcean, Date: None, Delay: 0.1 ms, Speed: inf M/s, Resolution: 1920x1080
Name: CCTV-12, URL: https://www.freetv.top/migu/673168185.m3u8?migutoken=76bebb6e232f0fab2255a916973032f09dc402780dd9463245d5237e70aa9461dc91a243e619fe0da57b167eb3d0dea54b5eb6fc957bb9cb07fe18e072e9c76b6e8a128db454b6b97d90206f5a, From: subscribe, IPv_Type: ipv6, Location: 美国-加利福尼亚州-圣克拉拉, ISP: DigitalOcean, Date: None, Delay: 0.1 ms, Speed: inf M/s, Resolution: 1920x1080
Name: CCTV-12, URL: https://www.freetv.top/migu/673168185.m3u8?migutoken=850e10c4b3e2559846e644627d1497207d19de95ff18847d49e0964a8624df5197b1262ebe2daea9c3cfc41d24fec5145f55e042a0eec5e360ac914bf90f7be722595f32839fa076275e91b466, From: subscribe, IPv_Type: ipv6, Location: 美国-加利福尼亚州-圣克拉拉, ISP: DigitalOcean, Date: None, Delay: 0.1 ms, Speed: inf M/s, Resolution: 1920x1080
Name: CCTV-12, URL: https://www.freetv.top/migu/673168185.m3u8?migutoken=ff6a5a89e6ad0f73cd78424df3be0abe3743e8bbd37698f2dcee8ece0d6ffbe0c1205c704c08924958889799dcc66d9333f4273e5dc9ead670713fd2b2292e201873fb66020ec85899c7bd2a05, From: subscribe, IPv_Type: ipv6, Location: 美国-加利福尼亚州-圣克拉拉, ISP: DigitalOcean, Date: None, Delay: 0.1 ms, Speed: inf M/s, Resolution: 1920x1080
Name: CCTV-12, URL: https://www.freetv.top/migu/673168185.m3u8?migutoken=5423237e9d331ddbd254f9b34f235d2d3a581587f12081d6f4dc2e5fd33889675377b585750675d9d08c0a7620fee257f9f2994877ebd92907417411e935c2e49fbcbe53ead412cd81dfa7dfba, From: subscribe, IPv_Type: ipv6, Location: 美国-加利福尼亚州-圣克拉拉, ISP: DigitalOcean, Date: None, Delay: 0.1 ms, Speed: inf M/s, Resolution: 1920x1080
Name: CCTV-12, URL: https://www.freetv.top/migu/673168185.m3u8?migutoken=6da0b98d673331a792733285434b6f75aefe1d72574d51d388f210f853362b7f5cd07a7969ae76778b0d05129f6c205abeb3a168906b638ece23bdde93d5a86f47482052cd9b44f53ceefb2207, From: subscribe, IPv_Type: ipv6, Location: 美国-加利福尼亚州-圣克拉拉, ISP: DigitalOcean, Date: None, Delay: 0.1 ms, Speed: inf M/s, Resolution: 1920x1080
Name: CCTV-12, URL: https://www.freetv.top/migu/673168185.m3u8?migutoken=a099c4781935e65ce141b770794c3b43ae66c9cff99a441ab85b8a676ceb9472ea0e60b610403e97c019904f7c814c2524dc1f8f884664706b7b5a1ce4fd076c7f8c776c9d73f4a0fc12b259f3, From: subscribe, IPv_Type: ipv6, Location: 美国-加利福尼亚州-圣克拉拉, ISP: DigitalOcean, Date: None, Delay: 0.1 ms, Speed: inf M/s, Resolution: 1920x1080
Name: CCTV-12, URL: http://www.freetv.top/migu/673168185.m3u8?migutoken=21a3954b28c73a4240272889ec94c3318c23068f666c79e61379cb154a890e4e7e3c998a578b29a381972f128751898531cb713221ff95385afec91149321ad772e31489fa01e553c8223e976a, From: subscribe, IPv_Type: ipv6, Location: 美国-加利福尼亚州-圣克拉拉, ISP: DigitalOcean, Date: None, Delay: 0.1 ms, Speed: inf M/s, Resolution: 1920x1080
Name: CCTV-12, URL: http://yc.myds.me:35455/gaoma/cctv12.m3u8, From: subscribe, IPv_Type: ipv6, Location: 中国, ISP: 中国电信, Date: None, Delay: 0.1 ms, Speed: inf M/s, Resolution: 1920x1080
Name: CCTV-12, URL: http://nas.suntao.online:35455/itv/1000000005000265012.m3u8?cdn=ystenlive, From: subscribe, IPv_Type: ipv6, Location: 中国, ISP: 中国联通, Date: None, Delay: 0.1 ms, Speed: inf M/s, Resolution: 1920x1080
Name: CCTV-12, URL: http://iptv.cdn.ha.chinamobile.com/PLTV/88888888/224/3221227184/index.m3u8, From: subscribe, IPv_Type: ipv6, Location: 中国, ISP: 中国移动, Date: None, Delay: 0.1 ms, Speed: inf M/s, Resolution: 1920x1080
Name: CCTV-12, URL: https://stream1.freetv.fun/3b7ab12e53d8940f11425a003775b632c1f36e38a900011df46af87afe869e85.m3u8, From: subscribe, IPv_Type: ipv6, Location: 美国, ISP: CloudFlare Inc., Date: None, Delay: 0.1 ms, Speed: inf M/s, Resolution: 1920x1080
Name: CCTV-12, URL: https://stream1.freetv.fun/42db57df2f3a527d3d4b1ae87be77b20322d9240d4337b0f15bcae2a25717083.m3u8, From: subscribe, IPv_Type: ipv6, Location: 美国, ISP: CloudFlare Inc., Date: None, Delay: 0.1 ms, Speed: inf M/s, Resolution: 1920x1080
Name: CCTV-12, URL: https://stream1.freetv.fun/9556fd1c9478795a55246e0e943c722fc1b47fd5e2ab6de9ebf371e1eca09d68.m3u8, From: subscribe, IPv_Type: ipv6, Location: 美国, ISP: CloudFlare Inc., Date: None, Delay: 0.1 ms, Speed: inf M/s, Resolution: 1920x1080
Name: CCTV-12, URL: https://stream1.freetv.fun/87253b3afaea039178ade58ec1a91b1e62964839905c18240f5e1ee7bb8c7e20.m3u8, From: subscribe, IPv_Type: ipv6, Location: 美国, ISP: CloudFlare Inc., Date: None, Delay: 0.1 ms, Speed: inf M/s, Resolution: 1920x1080
Name: CCTV-12, URL: https://stream1.freetv.fun/fd8feeadf3d281587366a5c57dfb6fe54baef1a61e6704b5e769aeccbcaf79f9.m3u8, From: subscribe, IPv_Type: ipv6, Location: 美国, ISP: CloudFlare Inc., Date: None, Delay: 0.1 ms, Speed: inf M/s, Resolution: 1920x1080
Name: CCTV-12, URL: https://stream1.freetv.fun/bc0c57f3ba2aafe4da0f9f2d7ab1daaa00b01f677be68a5bc68c11171cc3b6ca.m3u8, From: subscribe, IPv_Type: ipv6, Location: 美国, ISP: CloudFlare Inc., Date: None, Delay: 0.1 ms, Speed: inf M/s, Resolution: 1920x1080
Name: CCTV-12, URL: https://stream1.freetv.fun/f413444f457880c1a54a406268022be7f3af3d735d544c8eb9ce02d882acadde.m3u8, From: subscribe, IPv_Type: ipv6, Location: 美国, ISP: CloudFlare Inc., Date: None, Delay: 0.1 ms, Speed: inf M/s, Resolution: 1920x1080
Name: CCTV-12, URL: https://stream1.freetv.fun/08821321f1021399debb8c447ff401b821fd25732aa1387442824c741d2c3317.m3u8, From: subscribe, IPv_Type: ipv6, Location: 美国, ISP: CloudFlare Inc., Date: None, Delay: 0.1 ms, Speed: inf M/s, Resolution: 1920x1080
Name: CCTV-12, URL: https://stream1.freetv.fun/9939de51ca21fc72f5758427a32dcb3b7a91b86b5c36e00e2b639d7b81d2e4be.m3u8, From: subscribe, IPv_Type: ipv6, Location: 美国, ISP: CloudFlare Inc., Date: None, Delay: 0.1 ms, Speed: inf M/s, Resolution: 1920x1080
Name: CCTV-12, URL: https://stream1.freetv.fun/b91ab570797be93e5b35ff265d6af775a03ec73df9cedc59ea26a45eddacd474.m3u8, From: subscribe, IPv_Type: ipv6, Location: 美国, ISP: CloudFlare Inc., Date: None, Delay: 0.1 ms, Speed: inf M/s, Resolution: 1920x1080
Name: CCTV-12, URL: https://stream1.freetv.fun/2c98c616dcd0625e1925f95296d9a84fa33e6837825cc93edd4ec07f6d4b6ac0.m3u8, From: subscribe, IPv_Type: ipv6, Location: 美国, ISP: CloudFlare Inc., Date: None, Delay: 0.1 ms, Speed: inf M/s, Resolution: 1920x1080
Name: CCTV-12, URL: https://stream1.freetv.fun/72ad99a6a08c58c24868d3abddb6c4f7c8ac34a49c55133b957ff50d418f183f.m3u8, From: subscribe, IPv_Type: ipv6, Location: 美国, ISP: CloudFlare Inc., Date: None, Delay: 0.1 ms, Speed: inf M/s, Resolution: 1920x1080
Name: CCTV-12, URL: https://stream1.freetv.fun/c1158e9f574adaa9f9b0e6416e9e0f0077b18a48d85c31c916d87bf60790c74d.m3u8, From: subscribe, IPv_Type: ipv6, Location: 美国, ISP: CloudFlare Inc., Date: None, Delay: 0.1 ms, Speed: inf M/s, Resolution: 1920x1080
Name: CCTV-12, URL: https://stream1.freetv.fun/324e6aa1dded3b4f9b181969fad75b68afe050090a40010aba5b8eb9cf1493a2.m3u8, From: subscribe, IPv_Type: ipv6, Location: 美国, ISP: CloudFlare Inc., Date: None, Delay: 0.1 ms, Speed: inf M/s, Resolution: 1920x1080
Name: CCTV-12, URL: https://stream1.freetv.fun/b0468d79ea902e3b48781da5ff9767e3fa65491b9944500bab58e8fd9bced0f3.m3u8, From: subscribe, IPv_Type: ipv6, Location: 美国, ISP: CloudFlare Inc., Date: None, Delay: 0.1 ms, Speed: inf M/s, Resolution: 1920x1080
Name: CCTV-12, URL: https://stream1.freetv.fun/73e76f84f85f78d63807bfb8e51dff03850f7d1cafd1c6521d6eb45272bc4ead.m3u8, From: subscribe, IPv_Type: ipv6, Location: 美国, ISP: CloudFlare Inc., Date: None, Delay: 0.1 ms, Speed: inf M/s, Resolution: 1920x1080
Name: CCTV-12, URL: https://stream1.freetv.fun/713f8c42d89efd6b0b31ab22e8070a22a6eb54790b31f6e8ebe511775c1309f5.m3u8, From: subscribe, IPv_Type: ipv6, Location: 美国, ISP: CloudFlare Inc., Date: None, Delay: 0.1 ms, Speed: inf M/s, Resolution: 1920x1080
Name: CCTV-12, URL: https://stream1.freetv.fun/51337667e5647403507b5d7923c277b8154168e635f0401f2a4221c4d2ef9861.m3u8, From: subscribe, IPv_Type: ipv6, Location: 美国, ISP: CloudFlare Inc., Date: None, Delay: 0.1 ms, Speed: inf M/s, Resolution: 1920x1080
Name: CCTV-12, URL: http://hwrr.jx.chinamobile.com:8080/PLTV/88888888/224/3221225495/index.m3u8?fmt=ts2hls, From: subscribe, IPv_Type: ipv6, Location: 中国, ISP: 中国移动, Date: None, Delay: 0.1 ms, Speed: inf M/s, Resolution: 1920x1080
Name: CCTV-12, URL: http://lu.wqwqwq.sbs/itv/1000000005000265012.m3u8?cdn=ystenlive, From: subscribe, IPv_Type: ipv6, Location: 美国, ISP: CloudFlare Inc., Date: None, Delay: 0.1 ms, Speed: inf M/s, Resolution: 1920x1080
Name: CCTV-12, URL: http://[2409:8087:74F1:0021::0008]:80/270000001322/69900158041111100000002147/1.m3u8, From: subscribe, IPv_Type: ipv6, Location: 中国, ISP: 中国移动, Date: None, Delay: 0.1 ms, Speed: inf M/s, Resolution: 1920x1080
Name: CCTV-12, URL: http://[2409:8087:5e00:24::1e]:6060/200000001898/460000089800010205/1.m3u8, From: subscribe, IPv_Type: ipv6, Location: 中国, ISP: 中国移动, Date: None, Delay: 0.1 ms, Speed: inf M/s, Resolution: 1920x1080
Name: CCTV-12, URL: http://[2409:8087:5e01:34::21]:6610/ZTE_CMS/00000001000000060000000000000377/index.m3u8?IAS, From: subscribe, IPv_Type: ipv6, Location: 中国, ISP: 中国移动, Date: None, Delay: 0.1 ms, Speed: inf M/s, Resolution: 1920x1080
Name: CCTV-12, URL: http://[2409:8087:5e01:34::23]:6610/ZTE_CMS/00000001000000060000000000000377/index.m3u8?IAS, From: subscribe, IPv_Type: ipv6, Location: 中国, ISP: 中国移动, Date: None, Delay: 0.1 ms, Speed: inf M/s, Resolution: 1920x1080
Name: CCTV-12, URL: http://[2409:8087:5e01:34::22]:6610/ZTE_CMS/00000001000000060000000000000377/index.m3u8?IAS, From: subscribe, IPv_Type: ipv6, Location: 中国, ISP: 中国移动, Date: None, Delay: 0.1 ms, Speed: inf M/s, Resolution: 1920x1080
Name: CCTV-12, URL: http://[2409:8087:5e01:34::20]:6610/ZTE_CMS/00000001000000060000000000000377/index.m3u8?IAS, From: subscribe, IPv_Type: ipv6, Location: 中国, ISP: 中国移动, Date: None, Delay: 0.1 ms, Speed: inf M/s, Resolution: 1920x1080
Name: CCTV-12, URL: http://dbiptv.sn.chinamobile.com/PLTV/88888890/224/3221226190/index.m3u8, From: subscribe, IPv_Type: ipv6, Location: 中国, ISP: 中国移动, Date: None, Delay: 0.1 ms, Speed: inf M/s, Resolution: 1920x1080
Name: CCTV-12, URL: https://epg.pw/stream/aedb71e61961cd2a5a5b9a8a83b8ae489c9408e6b420593aecb92cc36de628fe.m3u8, From: subscribe, IPv_Type: ipv6, Location: 美国, ISP: CloudFlare Inc., Date: None, Delay: 0.1 ms, Speed: inf M/s, Resolution: 1920x1080
Name: CCTV-12, URL: http://zteres.sn.chinamobile.com:6060/000000001000/5000000011000031107/1.m3u8?channel-id=bestzb&Contentid=5000000011000031107&livemode=1&stbId=3, From: subscribe, IPv_Type: ipv6, Location: 中国, ISP: 中国移动, Date: None, Delay: 0.1 ms, Speed: inf M/s, Resolution: 1920x1080
Name: CCTV-12, URL: http://zteres.sn.chinamobile.com:6060/000000001000/5000000006000040012/1.m3u8?channel-id=bestzb&Contentid=5000000006000040012&livemode=1&stbId=3, From: subscribe, IPv_Type: ipv6, Location: 中国, ISP: 中国移动, Date: None, Delay: 0.1 ms, Speed: inf M/s, Resolution: 1920x1080
Name: CCTV-12, URL: http://[2409:8087:4c0a:22:1::11]:6410/170000001115/UmaiCHAN5000040BESTVSMGSMG/index.m3u8?AuthInfo=9kOOdBn7MFF%2F2bWjKgahUd3JM2PCgDefrKOVZLNt0QMAmpLefguRLiOPXiDRWhxHg8yim2giTBA8RILsb%2B8Y5pkFUyZBE%2FkNJAbwncEegkU, From: subscribe, IPv_Type: ipv6, Location: 中国, ISP: 中国移动, Date: None, Delay: 0.1 ms, Speed: inf M/s, Resolution: 1920x1080
Name: CCTV-12, URL: http://[2409:8087:5e01:34::38]:6610/ZTE_CMS/00000001000000060000000000000377/index.m3u8, From: subscribe, IPv_Type: ipv6, Location: 中国, ISP: 中国移动, Date: None, Delay: 0.1 ms, Speed: inf M/s, Resolution: 1920x1080
Name: CCTV-12, URL: http://[2409:8087:5e00:24::1f]:6060/ZTE_CMS/00000001000000060000000000000377/index.m3u8, From: subscribe, IPv_Type: ipv6, Location: 中国, ISP: 中国移动, Date: None, Delay: 0.1 ms, Speed: inf M/s, Resolution: 1920x1080
Name: CCTV-12, URL: http://[2409:8087:74f0:22::4]:6410/270000001128/9900000509/index.m3u8, From: subscribe, IPv_Type: ipv6, Location: 中国, ISP: 中国移动, Date: None, Delay: 0.1 ms, Speed: inf M/s, Resolution: 1920x1080
Name: CCTV-12, URL: http://[2409:8087:1a01:df::7005]/ottrrs.hl.chinamobile.com/PLTV/88888888/224/3221226568/index.m3u8, From: subscribe, IPv_Type: ipv6, Location: 中国, ISP: 中国移动, Date: None, Delay: 0.1 ms, Speed: inf M/s, Resolution: 1920x1080
Name: CCTV-12, URL: http://[2409:8087:3869:8021:1001::e5]:6610/PLTV/88888910/224/3221225637/index.m3u8, From: subscribe, IPv_Type: ipv6, Location: 中国, ISP: 中国移动, Date: None, Delay: -1 ms, Speed: 0.00 M/s, Resolution: None
Name: CCTV-12, URL: http://[2409:8087:8:21::18]:6610/otttv.bj.chinamobile.com/PLTV/88888888/224/3221226942/1.m3u8, From: subscribe, IPv_Type: ipv6, Location: 中国, ISP: 中国移动, Date: None, Delay: -1 ms, Speed: 0.00 M/s, Resolution: None
Name: CCTV-12, URL: http://rrs01.hw.gmcc.net:8088/PLTV/81/224/3221226723/1.m3u8, From: subscribe, IPv_Type: ipv6, Location: 中国, ISP: 中国移动, Date: None, Delay: -1 ms, Speed: 0.00 M/s, Resolution: None
Name: CCTV-12, URL: https://migu.188766.xyz/?migutoken=081e492d91f322784e7a210a96fafc93&id=CCTV12&pp=1, From: subscribe, IPv_Type: ipv6, Location: 美国, ISP: CloudFlare Inc., Date: None, Delay: -1 ms, Speed: 0.00 M/s, Resolution: None
Name: CCTV-12, URL: http://k.061899.xyz/m.php?id=cctv12, From: subscribe, IPv_Type: ipv6, Location: 新加坡, ISP: Aceville Pte.Ltd., Date: None, Delay: -1 ms, Speed: 0.00 M/s, Resolution: None
Name: CCTV-12, URL: http://[2409:8087:1a15:10d1::34]/ottrrs.hl.chinamobile.com/PLTV/88888888/224/3221225731/index.m3u8, From: subscribe, IPv_Type: ipv6, Location: 中国, ISP: 中国移动, Date: None, Delay: -1 ms, Speed: 0.00 M/s, Resolution: None
Name: CCTV-12, URL: http://[2409:8087:1a15:10d1::36]/ottrrs.hl.chinamobile.com/PLTV/88888888/224/3221226568/index.m3u8, From: subscribe, IPv_Type: ipv6, Location: 中国, ISP: 中国移动, Date: None, Delay: -1 ms, Speed: 0.00 M/s, Resolution: None
Name: CCTV-12, URL: http://[2409:8087:5e08:25::16]:6610/200000001898/460000089800010205/1.m3u8, From: subscribe, IPv_Type: ipv6, Location: 中国, ISP: 中国移动, Date: None, Delay: -1 ms, Speed: 0.00 M/s, Resolution: None
Name: CCTV-12, URL: https://mgtv.ottiptv.cc/migu/673168185.m3u8?migutoken=fc7337f383350fbb1ad2e26060782fb1429267aa9085aba00b3212b25d33265b7a00a505a972cd564f5c810010f3d1984c96dcfde712a2171468fb650e80e2d47ade21b53872a5c4cf89ab15a5, From: subscribe, IPv_Type: ipv6, Location: 美国-新泽西州-巴赛克, ISP: DigitalOcean, Date: None, Delay: -1 ms, Speed: 0.00 M/s, Resolution: None
Name: CCTV-12, URL: https://cc06.tv12.xyz/13.m3u8, From: subscribe, IPv_Type: ipv6, Location: 美国, ISP: CloudFlare Inc., Date: None, Delay: -1 ms, Speed: 0.00 M/s, Resolution: None
Name: CCTV-12, URL: http://gslbmgsplive.miguvideo.com/migu/kailu/20200324/cctv12hd/51/index.m3u8?msisdn=2025091908013191239f05d1094285bf8d1e13b39f285f&mdspid=&spid=699004&netType=0&sid=5501083627&pid=2028597139&timestamp=20250919080131&Channel_ID=0116_2600000900-99000-201600010010027&ProgramID=673168185&ParentNodeID=-99&assertID=5501083627&client_ip=106.13.250.88&SecurityKey=20250919080131&promotionId=&mvid=5102910389&mcid=500020&playurlVersion=WX-A1-8.9.1-RELEASE&userid=&jmhm=&videocodec=h264&bean=mgspad&tid=android&conFee=0&puData=0b899ed0422794f4cb3c6664234a18e9&ddCalcu=90ebe881193a904e3d2044626267c934bfc4, From: subscribe, IPv_Type: ipv6, Location: 中国, ISP: 中国移动, Date: None, Delay: -1 ms, Speed: 0.00 M/s, Resolution: None
Name: CCTV-12, URL: https://migu.188766.xyz/?migutoken=1681e3f5dc22b181499d681605657dae&id=CCTV12&type=yy, From: subscribe, IPv_Type: ipv6, Location: 美国, ISP: CloudFlare Inc., Date: None, Delay: -1 ms, Speed: 0.00 M/s, Resolution: None
Name: CCTV-12, URL: https://live.chinacert.cftest5.cn/mg/?id=673168185, From: subscribe, IPv_Type: ipv6, Location: 中国, ISP: 中国移动, Date: None, Delay: -1 ms, Speed: 0.00 M/s, Resolution: None
Name: CCTV-12, URL: https://migu.188766.xyz/?migutoken=35b4cfa13d71e29b4091f9d96bb673e0&id=CCTV12&type=yy, From: subscribe, IPv_Type: ipv6, Location: 美国, ISP: CloudFlare Inc., Date: None, Delay: -1 ms, Speed: 0.00 M/s, Resolution: None
Name: CCTV-12, URL: https://iptv.catvod.com/live.php?id=CCTV-12%20%E7%A4%BE%E4%BC%9A%E4%B8%8E%E6%B3%95, From: subscribe, IPv_Type: ipv6, Location: 美国, ISP: CloudFlare Inc., Date: None, Delay: -1 ms, Speed: 0.00 M/s, Resolution: None
Name: CCTV-12, URL: http://[2409:8087:8:21::18]:6610/otttv.bj.chinamobile.com/PLTV/88888888/224/3221226942/1.m3u8?, From: subscribe, IPv_Type: ipv6, Location: 中国, ISP: 中国移动, Date: None, Delay: -1 ms, Speed: 0.00 M/s, Resolution: None
Name: CCTV-12, URL: https://migu.188766.xyz/?migutoken=146539b482969324d5a0107c66603d7f&id=CCTV12&type=yy, From: subscribe, IPv_Type: ipv6, Location: 美国, ISP: CloudFlare Inc., Date: None, Delay: -1 ms, Speed: 0.00 M/s, Resolution: None
Name: CCTV-12, URL: https://migu.188766.xyz/?migutoken=8ada3017961841b3ca25a5ce25d8de23&id=CCTV12&type=yy, From: subscribe, IPv_Type: ipv6, Location: 美国, ISP: CloudFlare Inc., Date: None, Delay: -1 ms, Speed: 0.00 M/s, Resolution: None
Name: CCTV-12, URL: https://migu.188766.xyz/?migutoken=b48785e036853b16d19ed63723200f7a&id=CCTV12&type=yy, From: subscribe, IPv_Type: ipv6, Location: 美国, ISP: CloudFlare Inc., Date: None, Delay: -1 ms, Speed: 0.00 M/s, Resolution: None
Name: CCTV-12, URL: https://migu.188766.xyz/?migutoken=3af5611f6d59204824ffc58167df3a55&id=CCTV12&type=yy, From: subscribe, IPv_Type: ipv6, Location: 美国, ISP: CloudFlare Inc., Date: None, Delay: -1 ms, Speed: 0.00 M/s, Resolution: None
Name: CCTV-12, URL: https://migu.188766.xyz/?migutoken=9a25d0d1d24103a5a7350b8f3d989dfd&id=CCTV12&type=yy, From: subscribe, IPv_Type: ipv6, Location: 美国, ISP: CloudFlare Inc., Date: None, Delay: -1 ms, Speed: 0.00 M/s, Resolution: None
Name: CCTV-12, URL: https://migu.188766.xyz/?migutoken=3ad23ead432a8e8728aa4062377cd047&id=CCTV12&type=yy, From: subscribe, IPv_Type: ipv6, Location: 美国, ISP: CloudFlare Inc., Date: None, Delay: -1 ms, Speed: 0.00 M/s, Resolution: None
Name: CCTV-12, URL: https://iptv.catvod.com/live.php?id=CCTV12, From: subscribe, IPv_Type: ipv6, Location: 美国, ISP: CloudFlare Inc., Date: None, Delay: -1 ms, Speed: 0.00 M/s, Resolution: None
Name: CCTV-12, URL: https://migu.188766.xyz/?migutoken=2003032595a61c2d28849ab099f20226&id=CCTV12&type=yy, From: subscribe, IPv_Type: ipv6, Location: 美国, ISP: CloudFlare Inc., Date: None, Delay: -1 ms, Speed: 0.00 M/s, Resolution: None
Name: CCTV-12, URL: https://migu.188766.xyz/?migutoken=d16de3f4e77eccfc03b9445f2d78a578&id=CCTV12&type=yy, From: subscribe, IPv_Type: ipv6, Location: 美国, ISP: CloudFlare Inc., Date: None, Delay: -1 ms, Speed: 0.00 M/s, Resolution: None
Name: CCTV-12, URL: https://iptv.catvod.com/live.php?id=CCTV-12, From: subscribe, IPv_Type: ipv6, Location: 美国, ISP: CloudFlare Inc., Date: None, Delay: -1 ms, Speed: 0.00 M/s, Resolution: None
Name: CCTV-12, URL: https://migu.188766.xyz/?migutoken=9ff5f9a9abb3fd7b557184867032df88&id=CCTV12&type=yy, From: subscribe, IPv_Type: ipv6, Location: 美国, ISP: CloudFlare Inc., Date: None, Delay: -1 ms, Speed: 0.00 M/s, Resolution: None
Name: CCTV-12, URL: https://migu.188766.xyz/?migutoken=c03cc8e5e576ac11f380b8dcc0064b14&id=CCTV12&type=yy, From: subscribe, IPv_Type: ipv6, Location: 美国, ISP: CloudFlare Inc., Date: None, Delay: -1 ms, Speed: 0.00 M/s, Resolution: None
Name: CCTV-12, URL: https://migu.188766.xyz/?migutoken=ab7756f16705a08cb8d633d95bd29093&id=CCTV12&type=yy, From: subscribe, IPv_Type: ipv6, Location: 美国, ISP: CloudFlare Inc., Date: None, Delay: -1 ms, Speed: 0.00 M/s, Resolution: None
Name: CCTV-12, URL: https://migu.188766.xyz/?migutoken=4015b8590c18d28c14d1e8587eb0955d&id=CCTV12&type=yy, From: subscribe, IPv_Type: ipv6, Location: 美国, ISP: CloudFlare Inc., Date: None, Delay: -1 ms, Speed: 0.00 M/s, Resolution: None
Name: CCTV-12, URL: http://gslbmgsplive.miguvideo.com/migu/kailu/20200324/cctv12hd/50/index.m3u8?msisdn=202512120802174f4d8f03f26f4b678678eaa4d7774ed7&mdspid=&spid=699004&netType=0&sid=5501083627&pid=2028597139&timestamp=20251212080217&Channel_ID=0116_2600037000-99000-200300220100002&ProgramID=673168185&ParentNodeID=-99&assertID=5501083627&client_ip=218.28.233.106&SecurityKey=20251212080217&promotionId=&mvid=5102910389&mcid=500020&playurlVersion=ZQ-A1-8.12.1-RELEASE&userid=&jmhm=&videocodec=h264&appCode=miguvideo_android&bean=mgspad&tid=android&conFee=0&puData=9135afc900eef35f445d3dd96f3f9450&ddCalcu=0951v43a95dfaa3ffc6990d0de3edf53454f&sv=10004&ct=android, From: subscribe, IPv_Type: ipv6, Location: 中国, ISP: 中国移动, Date: None, Delay: -1 ms, Speed: 0.00 M/s, Resolution: None
Name: CCTV-12, URL: https://migu.188766.xyz/?migutoken=a132e52962b2804e3cbdbdaa44d377d5&id=CCTV12&type=yy, From: subscribe, IPv_Type: ipv6, Location: 美国, ISP: CloudFlare Inc., Date: None, Delay: -1 ms, Speed: 0.00 M/s, Resolution: None
Name: CCTV-12, URL: https://migu.188766.xyz/?migutoken=c2ec3a9d2c2461c8ad2258ee41f0f965&id=CCTV12&type=yy, From: subscribe, IPv_Type: ipv6, Location: 美国, ISP: CloudFlare Inc., Date: None, Delay: -1 ms, Speed: 0.00 M/s, Resolution: None
Name: CCTV-12, URL: https://migu.188766.xyz/?migutoken=9d0704e4076e8e63318bd49675743698&id=CCTV12&type=yy, From: subscribe, IPv_Type: ipv6, Location: 美国, ISP: CloudFlare Inc., Date: None, Delay: -1 ms, Speed: 0.00 M/s, Resolution: None
Name: CCTV-12, URL: https://migu.188766.xyz/?migutoken=9de0f1fe25b3673927d7588526fd1fb1&id=CCTV12&type=yy, From: subscribe, IPv_Type: ipv6, Location: 美国, ISP: CloudFlare Inc., Date: None, Delay: -1 ms, Speed: 0.00 M/s, Resolution: None
Name: CCTV-12, URL: https://migu.188766.xyz/?migutoken=56c4efa61104b4240d5d9b8d5f7e366c&id=CCTV12&type=yy, From: subscribe, IPv_Type: ipv6, Location: 美国, ISP: CloudFlare Inc., Date: None, Delay: -1 ms, Speed: 0.00 M/s, Resolution: None
Name: CCTV-12, URL: https://migu.188766.xyz/?migutoken=d5079bf26ee10ce9bc342582ef905653&id=CCTV12&type=yy, From: subscribe, IPv_Type: ipv6, Location: 美国, ISP: CloudFlare Inc., Date: None, Delay: -1 ms, Speed: 0.00 M/s, Resolution: None
Name: CCTV-12, URL: https://migu.188766.xyz/?migutoken=5c2ed7a34c16b753760f75bbb9652737&id=CCTV12&type=yy, From: subscribe, IPv_Type: ipv6, Location: 美国, ISP: CloudFlare Inc., Date: None, Delay: -1 ms, Speed: 0.00 M/s, Resolution: None
Name: CCTV-12, URL: https://migu.188766.xyz/?migutoken=c227d4ee7c51ebe4b964ce6d4431e8e2&id=CCTV12&type=yy, From: subscribe, IPv_Type: ipv6, Location: 美国, ISP: CloudFlare Inc., Date: None, Delay: -1 ms, Speed: 0.00 M/s, Resolution: None
Name: CCTV-12, URL: https://migu.188766.xyz/?migutoken=f9a735ddd31fb518d897d49bb88b07c8&id=CCTV12&type=yy, From: subscribe, IPv_Type: ipv6, Location: 美国, ISP: CloudFlare Inc., Date: None, Delay: -1 ms, Speed: 0.00 M/s, Resolution: None
Name: CCTV-12, URL: https://migu.188766.xyz/?migutoken=855ab0874a159a941c54fd01806bc264&id=CCTV12&type=yy, From: subscribe, IPv_Type: ipv6, Location: 美国, ISP: CloudFlare Inc., Date: None, Delay: -1 ms, Speed: 0.00 M/s, Resolution: None
Name: CCTV-12, URL: https://migu.188766.xyz/?migutoken=9dff239889b16c82dff838247027b174&id=CCTV12&type=yy, From: subscribe, IPv_Type: ipv6, Location: 美国, ISP: CloudFlare Inc., Date: None, Delay: -1 ms, Speed: 0.00 M/s, Resolution: None
Name: CCTV-12, URL: https://migu.188766.xyz/?migutoken=67ef91f3325193306ca96bfe36d1c01e&id=CCTV12&type=yy, From: subscribe, IPv_Type: ipv6, Location: 美国, ISP: CloudFlare Inc., Date: None, Delay: -1 ms, Speed: 0.00 M/s, Resolution: None
Name: CCTV-12, URL: https://migu.188766.xyz/?migutoken=6ceada60134abae75e77132ef95209e4&id=CCTV12&type=yy, From: subscribe, IPv_Type: ipv6, Location: 美国, ISP: CloudFlare Inc., Date: None, Delay: -1 ms, Speed: 0.00 M/s, Resolution: None
Name: CCTV-12, URL: https://migu.188766.xyz/?migutoken=74f4c1b7c36df72a629760e95644694d&id=CCTV12&type=yy, From: subscribe, IPv_Type: ipv6, Location: 美国, ISP: CloudFlare Inc., Date: None, Delay: -1 ms, Speed: 0.00 M/s, Resolution: None
Name: CCTV-12, URL: https://migu.188766.xyz/?migutoken=30411a352f65a7116cd1ee681820ba1a&id=CCTV12&type=yy, From: subscribe, IPv_Type: ipv6, Location: 美国, ISP: CloudFlare Inc., Date: None, Delay: -1 ms, Speed: 0.00 M/s, Resolution: None
Name: CCTV-12, URL: https://migu.188766.xyz/?migutoken=18aa44a84df943ee10de279d208526a7&id=CCTV12&type=yy, From: subscribe, IPv_Type: ipv6, Location: 美国, ISP: CloudFlare Inc., Date: None, Delay: -1 ms, Speed: 0.00 M/s, Resolution: None
Name: CCTV-12, URL: https://migu.188766.xyz/?migutoken=61900f31e352fac81a8065df04ba61ee&id=CCTV12&type=yy, From: subscribe, IPv_Type: ipv6, Location: 美国, ISP: CloudFlare Inc., Date: None, Delay: -1 ms, Speed: 0.00 M/s, Resolution: None
Name: CCTV-12, URL: https://migu.188766.xyz/?migutoken=fb042a07852e2ec23b4c15cfb5b93006&id=CCTV12&type=yy, From: subscribe, IPv_Type: ipv6, Location: 美国, ISP: CloudFlare Inc., Date: None, Delay: -1 ms, Speed: 0.00 M/s, Resolution: None
Name: CCTV-12, URL: https://migu.188766.xyz/?migutoken=8f2ed6528837227bdc8b9ea41c1f3e45&id=CCTV12&type=yy, From: subscribe, IPv_Type: ipv6, Location: 美国, ISP: CloudFlare Inc., Date: None, Delay: -1 ms, Speed: 0.00 M/s, Resolution: None
Name: CCTV-12, URL: https://migu.188766.xyz/?migutoken=98bf27ff9055ac9e7f9a0c4ce0e092c5&id=CCTV12&type=yy, From: subscribe, IPv_Type: ipv6, Location: 美国, ISP: CloudFlare Inc., Date: None, Delay: -1 ms, Speed: 0.00 M/s, Resolution: None
Name: CCTV-12, URL: https://migu.188766.xyz/?migutoken=9d8249bd149d9668de0c61b64b1cedd4&id=CCTV12&type=yy, From: subscribe, IPv_Type: ipv6, Location: 美国, ISP: CloudFlare Inc., Date: None, Delay: -1 ms, Speed: 0.00 M/s, Resolution: None
Name: CCTV-12, URL: https://migu.188766.xyz/?migutoken=3f03d8221d9110f65a16a00850a496b4&id=CCTV12&type=yy, From: subscribe, IPv_Type: ipv6, Location: 美国, ISP: CloudFlare Inc., Date: None, Delay: -1 ms, Speed: 0.00 M/s, Resolution: None
Name: CCTV-12, URL: https://migu.188766.xyz/?migutoken=fd2e609a12d54ecab5ce0398e8f9728c&id=CCTV12&type=yy, From: subscribe, IPv_Type: ipv6, Location: 美国, ISP: CloudFlare Inc., Date: None, Delay: -1 ms, Speed: 0.00 M/s, Resolution: None
Name: CCTV-12, URL: https://migu.188766.xyz/?migutoken=e7b1306afa819c3a6b880e624ca50cdf&id=CCTV12&type=yy, From: subscribe, IPv_Type: ipv6, Location: 美国, ISP: CloudFlare Inc., Date: None, Delay: -1 ms, Speed: 0.00 M/s, Resolution: None
Name: CCTV-12, URL: https://migu.188766.xyz/?migutoken=f32d8ab4a5cf1c4550b6c6972ca6a17a&id=CCTV12&type=yy, From: subscribe, IPv_Type: ipv6, Location: 美国, ISP: CloudFlare Inc., Date: None, Delay: -1 ms, Speed: 0.00 M/s, Resolution: None
Name: CCTV-12, URL: https://migu.188766.xyz/?migutoken=cb9b97258ece52ca4d2d5780f6ca25ab&id=CCTV12&type=yy, From: subscribe, IPv_Type: ipv6, Location: 美国, ISP: CloudFlare Inc., Date: None, Delay: -1 ms, Speed: 0.00 M/s, Resolution: None
Name: CCTV-12, URL: https://migu.188766.xyz/?migutoken=dad8424fa9e7b8f4817f5128ef909332&id=CCTV12&type=yy, From: subscribe, IPv_Type: ipv6, Location: 美国, ISP: CloudFlare Inc., Date: None, Delay: -1 ms, Speed: 0.00 M/s, Resolution: None
Name: CCTV-12, URL: https://migu.188766.xyz/?migutoken=831d78c8af18a52d813d65bb0c05f3a5&id=CCTV12&type=yy, From: subscribe, IPv_Type: ipv6, Location: 美国, ISP: CloudFlare Inc., Date: None, Delay: -1 ms, Speed: 0.00 M/s, Resolution: None
Name: CCTV-12, URL: https://migu.188766.xyz/?migutoken=c11fe08d31a6f35e486517ef74554777&id=CCTV12&type=yy, From: subscribe, IPv_Type: ipv6, Location: 美国, ISP: CloudFlare Inc., Date: None, Delay: -1 ms, Speed: 0.00 M/s, Resolution: None
Name: CCTV-12, URL: https://migu.188766.xyz/?migutoken=498fc6fc181d22e9493235bd7c184bb7&id=CCTV12&type=yy, From: subscribe, IPv_Type: ipv6, Location: 美国, ISP: CloudFlare Inc., Date: None, Delay: -1 ms, Speed: 0.00 M/s, Resolution: None
Name: CCTV-12, URL: https://migu.188766.xyz/?migutoken=9454a7a5ed346e1cfa4b53c94f109511&id=CCTV12&type=yy, From: subscribe, IPv_Type: ipv6, Location: 美国, ISP: CloudFlare Inc., Date: None, Delay: -1 ms, Speed: 0.00 M/s, Resolution: None
Name: CCTV-12, URL: https://migu.188766.xyz/?migutoken=e14fa597810ee456ad130d32e0fb386f&id=CCTV12&type=yy, From: subscribe, IPv_Type: ipv6, Location: 美国, ISP: CloudFlare Inc., Date: None, Delay: -1 ms, Speed: 0.00 M/s, Resolution: None
Name: CCTV-12, URL: https://migu.188766.xyz/?migutoken=eedba1a801a8a33de72bce787319ccd3&id=CCTV12&type=yy, From: subscribe, IPv_Type: ipv6, Location: 美国, ISP: CloudFlare Inc., Date: None, Delay: -1 ms, Speed: 0.00 M/s, Resolution: None
Name: CCTV-12, URL: https://migu.188766.xyz/?migutoken=df573f2b549db76c79da2e8ccd852d8b&id=CCTV12&type=yy, From: subscribe, IPv_Type: ipv6, Location: 美国, ISP: CloudFlare Inc., Date: None, Delay: -1 ms, Speed: 0.00 M/s, Resolution: None
Name: CCTV-12, URL: https://migu.188766.xyz/?migutoken=0b444f6d540139ccad8718158e6d4796&id=CCTV12&type=yy, From: subscribe, IPv_Type: ipv6, Location: 美国, ISP: CloudFlare Inc., Date: None, Delay: -1 ms, Speed: 0.00 M/s, Resolution: None
Name: CCTV-12, URL: https://migu.188766.xyz/?migutoken=a3f1b6f76f454bf32da3b6ce1abd07dd&id=CCTV12&type=yy, From: subscribe, IPv_Type: ipv6, Location: 美国, ISP: CloudFlare Inc., Date: None, Delay: -1 ms, Speed: 0.00 M/s, Resolution: None
Name: CCTV-12, URL: https://migu.188766.xyz/?migutoken=a76ec6c43160155cadc93bf0bc94302d&id=CCTV12&type=yy, From: subscribe, IPv_Type: ipv6, Location: 美国, ISP: CloudFlare Inc., Date: None, Delay: -1 ms, Speed: 0.00 M/s, Resolution: None
Name: CCTV-12, URL: https://migu.188766.xyz/?migutoken=09f5a1656226e4f6ff9c3f3243eb1c1b&id=CCTV12&type=yy, From: subscribe, IPv_Type: ipv6, Location: 美国, ISP: CloudFlare Inc., Date: None, Delay: -1 ms, Speed: 0.00 M/s, Resolution: None
Name: CCTV-12, URL: https://migu.188766.xyz/?migutoken=f575fef3228294b6fd5ba032495792f6&id=CCTV12&type=yy, From: subscribe, IPv_Type: ipv6, Location: 美国, ISP: CloudFlare Inc., Date: None, Delay: -1 ms, Speed: 0.00 M/s, Resolution: None
Name: CCTV-12, URL: https://migu.188766.xyz/?migutoken=eb1c38bfe92e8e07ddc24c4b5b3c6e02&id=CCTV12&type=yy, From: subscribe, IPv_Type: ipv6, Location: 美国, ISP: CloudFlare Inc., Date: None, Delay: -1 ms, Speed: 0.00 M/s, Resolution: None
Name: CCTV-12, URL: https://migu.188766.xyz/?migutoken=18e102c03efcbeeb93a84e32e606e4ee&id=CCTV12&type=yy, From: subscribe, IPv_Type: ipv6, Location: 美国, ISP: CloudFlare Inc., Date: None, Delay: -1 ms, Speed: 0.00 M/s, Resolution: None
Name: CCTV-12, URL: https://migu.188766.xyz/?migutoken=dc9933367f5f4447bb6cedf6274f032e&id=CCTV12&type=yy, From: subscribe, IPv_Type: ipv6, Location: 美国, ISP: CloudFlare Inc., Date: None, Delay: -1 ms, Speed: 0.00 M/s, Resolution: None
Name: CCTV-12, URL: https://migu.188766.xyz/?migutoken=591bf69deeeb50c9425729a404b98733&id=CCTV12&type=yy, From: subscribe, IPv_Type: ipv6, Location: 美国, ISP: CloudFlare Inc., Date: None, Delay: -1 ms, Speed: 0.00 M/s, Resolution: None
Name: CCTV-12, URL: https://migu.188766.xyz/?migutoken=51ccf03fc1d62d6a01d13c4bb127f952&id=CCTV12&type=yy, From: subscribe, IPv_Type: ipv6, Location: 美国, ISP: CloudFlare Inc., Date: None, Delay: -1 ms, Speed: 0.00 M/s, Resolution: None
Name: CCTV-12, URL: https://migu.188766.xyz/?migutoken=cb3c64009914276ae4ef30113912048a&id=CCTV12&type=yy, From: subscribe, IPv_Type: ipv6, Location: 美国, ISP: CloudFlare Inc., Date: None, Delay: -1 ms, Speed: 0.00 M/s, Resolution: None
Name: CCTV-12, URL: https://migu.188766.xyz/?migutoken=4c1527c7f4e9611eaa518475aac5a9a7&id=CCTV12&type=yy, From: subscribe, IPv_Type: ipv6, Location: 美国, ISP: CloudFlare Inc., Date: None, Delay: -1 ms, Speed: 0.00 M/s, Resolution: None
Name: CCTV-12, URL: https://migu.188766.xyz/?migutoken=75a9f186aed00fb6efa8197fc3e92acb&id=CCTV12&type=yy, From: subscribe, IPv_Type: ipv6, Location: 美国, ISP: CloudFlare Inc., Date: None, Delay: -1 ms, Speed: 0.00 M/s, Resolution: None
Name: CCTV-12, URL: https://migu.188766.xyz/?migutoken=8e7f311b42c1c9e7dbaad6ffa3001243&id=CCTV12&type=yy, From: subscribe, IPv_Type: ipv6, Location: 美国, ISP: CloudFlare Inc., Date: None, Delay: -1 ms, Speed: 0.00 M/s, Resolution: None
Name: CCTV-12, URL: https://migu.188766.xyz/?migutoken=f4e96d5d530677e379eebb5bfa3e7b36&id=CCTV12&type=yy, From: subscribe, IPv_Type: ipv6, Location: 美国, ISP: CloudFlare Inc., Date: None, Delay: -1 ms, Speed: 0.00 M/s, Resolution: None
Name: CCTV-12, URL: https://migu.188766.xyz/?migutoken=99fd415891b2f729cd92fc9f8fefffbc&id=CCTV12&type=yy, From: subscribe, IPv_Type: ipv6, Location: 美国, ISP: CloudFlare Inc., Date: None, Delay: -1 ms, Speed: 0.00 M/s, Resolution: None
Name: CCTV-12, URL: https://migu.188766.xyz/?migutoken=ed6391f8538b9fe9c345bd03b8653c83&id=CCTV12&type=yy, From: subscribe, IPv_Type: ipv6, Location: 美国, ISP: CloudFlare Inc., Date: None, Delay: -1 ms, Speed: 0.00 M/s, Resolution: None
Name: CCTV-12, URL: https://migu.188766.xyz/?migutoken=289fcb9c0eb4ace890eea5dac551429e&id=CCTV12&type=yy, From: subscribe, IPv_Type: ipv6, Location: 美国, ISP: CloudFlare Inc., Date: None, Delay: -1 ms, Speed: 0.00 M/s, Resolution: None
Name: CCTV-12, URL: https://migu.188766.xyz/?migutoken=feaed325b217f3f8a3595bf5f4b7f340&id=CCTV12&type=yy, From: subscribe, IPv_Type: ipv6, Location: 美国, ISP: CloudFlare Inc., Date: None, Delay: -1 ms, Speed: 0.00 M/s, Resolution: None
Name: CCTV-12, URL: https://migu.188766.xyz/?migutoken=69851962dc59a7fa057c343fa1548aa7&id=CCTV12&type=yy, From: subscribe, IPv_Type: ipv6, Location: 美国, ISP: CloudFlare Inc., Date: None, Delay: -1 ms, Speed: 0.00 M/s, Resolution: None
Name: CCTV-12, URL: https://migu.188766.xyz/?migutoken=47ccea26fb29ff9c623b41c601f3f426&id=CCTV12&type=yy, From: subscribe, IPv_Type: ipv6, Location: 美国, ISP: CloudFlare Inc., Date: None, Delay: -1 ms, Speed: 0.00 M/s, Resolution: None
Name: CCTV-12, URL: https://migu.188766.xyz/?migutoken=5b0021d6c9968d33988cc81994f287ef&id=CCTV12&type=yy, From: subscribe, IPv_Type: ipv6, Location: 美国, ISP: CloudFlare Inc., Date: None, Delay: -1 ms, Speed: 0.00 M/s, Resolution: None
Name: CCTV-12, URL: https://migu.188766.xyz/?migutoken=756c73f1b2c7ee1ded869ea175b125ab&id=CCTV12&type=yy, From: subscribe, IPv_Type: ipv6, Location: 美国, ISP: CloudFlare Inc., Date: None, Delay: -1 ms, Speed: 0.00 M/s, Resolution: None
Name: CCTV-12, URL: https://migu.188766.xyz/?migutoken=1d440434e1657a32b844f6b955eb8d8c&id=CCTV12&type=yy, From: subscribe, IPv_Type: ipv6, Location: 美国, ISP: CloudFlare Inc., Date: None, Delay: -1 ms, Speed: 0.00 M/s, Resolution: None
Name: CCTV-12, URL: https://migu.188766.xyz/?migutoken=710e839e932ee568f19d4f5371b7b505&id=CCTV12&type=yy, From: subscribe, IPv_Type: ipv6, Location: 美国, ISP: CloudFlare Inc., Date: None, Delay: -1 ms, Speed: 0.00 M/s, Resolution: None
Name: CCTV-12, URL: https://migu.188766.xyz/?migutoken=630a4883dbc6f3dc288489b9f6f8d719&id=CCTV12&type=yy, From: subscribe, IPv_Type: ipv6, Location: 美国, ISP: CloudFlare Inc., Date: None, Delay: -1 ms, Speed: 0.00 M/s, Resolution: None
Name: CCTV-12, URL: https://migu.188766.xyz/?migutoken=55b241d7bf063b0865ff4c0d744a7eaf&id=CCTV12&type=yy, From: subscribe, IPv_Type: ipv6, Location: 美国, ISP: CloudFlare Inc., Date: None, Delay: -1 ms, Speed: 0.00 M/s, Resolution: None
Name: CCTV-12, URL: https://migu.188766.xyz/?migutoken=083d09cda4d083e86790b9bdac8c2d82&id=CCTV12&type=yy, From: subscribe, IPv_Type: ipv6, Location: 美国, ISP: CloudFlare Inc., Date: None, Delay: -1 ms, Speed: 0.00 M/s, Resolution: None
Name: CCTV-12, URL: https://migu.188766.xyz/?migutoken=7dcad2967abe6376674e801b836cae6e&id=CCTV12&type=yy, From: subscribe, IPv_Type: ipv6, Location: 美国, ISP: CloudFlare Inc., Date: None, Delay: -1 ms, Speed: 0.00 M/s, Resolution: None
Name: CCTV-12, URL: https://migu.188766.xyz/?migutoken=a31bf75c5299250d0108b050e226425b&id=CCTV12&type=yy, From: subscribe, IPv_Type: ipv6, Location: 美国, ISP: CloudFlare Inc., Date: None, Delay: -1 ms, Speed: 0.00 M/s, Resolution: None
Name: CCTV-12, URL: https://migu.188766.xyz/?migutoken=ff20dc6fa5db8a1776916e3f6f180a90&id=CCTV12&type=yy, From: subscribe, IPv_Type: ipv6, Location: 美国, ISP: CloudFlare Inc., Date: None, Delay: -1 ms, Speed: 0.00 M/s, Resolution: None
Name: CCTV-12, URL: http://mgsp-zy2.live.miguvideo.com:8088/migu/kailu/20200324/cctv12hd/51/index.m3u8?msisdn=e55e9ee71b42d2d7008a152c069625e3&mdspid=&spid=699004&netType=0&sid=5501083627&pid=2028597139&timestamp=20260215080204&Channel_ID=0116_2600034600-99000-201600010010028&ProgramID=673168185&ParentNodeID=-99&assertID=5501083627&client_ip=218.28.233.106&SecurityKey=20260215080204&promotionId=&mvid=5102910389&mcid=500020&playurlVersion=WX-A1-9.2.1-RELEASE&userid=&jmhm=&videocodec=h264&appCode=miguvideo_android&bean=mgspad&tid=android&conFee=0&encrypt=bac71bde9812ebf8a0a38f6626d1021b&sv=10004&ct=android, From: subscribe, IPv_Type: ipv6, Location: 中国, ISP: 中国电信, Date: None, Delay: -1 ms, Speed: 0.00 M/s, Resolution: None
Name: CCTV-12, URL: https://migu.188766.xyz/?migutoken=8cb2565579cad838c20afc238786fd1c&id=CCTV12&type=yy, From: subscribe, IPv_Type: ipv6, Location: 美国, ISP: CloudFlare Inc., Date: None, Delay: -1 ms, Speed: 0.00 M/s, Resolution: None
Name: CCTV-12, URL: https://migu.188766.xyz/?migutoken=31db9ffc90b48e979ff19d3b45cdd81a&id=CCTV12&type=yy, From: subscribe, IPv_Type: ipv6, Location: 美国, ISP: CloudFlare Inc., Date: None, Delay: -1 ms, Speed: 0.00 M/s, Resolution: None
Name: CCTV-12, URL: https://iptv.catvod.com/live.php?id=CCTV12&line=9, From: subscribe, IPv_Type: ipv6, Location: 美国, ISP: CloudFlare Inc., Date: None, Delay: -1 ms, Speed: 0.00 M/s, Resolution: None
Name: CCTV-12, URL: https://iptv.catvod.com/live.php?id=CCTV12&line=10, From: subscribe, IPv_Type: ipv6, Location: 美国, ISP: CloudFlare Inc., Date: None, Delay: -1 ms, Speed: 0.00 M/s, Resolution: None
Name: CCTV-12, URL: https://iptv.catvod.com/live.php?id=CCTV12&line=11, From: subscribe, IPv_Type: ipv6, Location: 美国, ISP: CloudFlare Inc., Date: None, Delay: -1 ms, Speed: 0.00 M/s, Resolution: None
Name: CCTV-12, URL: https://iptv.catvod.com/live.php?id=CCTV12&line=12, From: subscribe, IPv_Type: ipv6, Location: 美国, ISP: CloudFlare Inc., Date: None, Delay: -1 ms, Speed: 0.00 M/s, Resolution: None
Name: CCTV-12, URL: https://iptv.catvod.com/live.php?id=CCTV12&line=13, From: subscribe, IPv_Type: ipv6, Location: 美国, ISP: CloudFlare Inc., Date: None, Delay: -1 ms, Speed: 0.00 M/s, Resolution: None
Name: CCTV-12, URL: https://migu.188766.xyz/?migutoken=dcb23aadd4d94dbbf315f554895897d8&id=CCTV12&type=yy, From: subscribe, IPv_Type: ipv6, Location: 美国, ISP: CloudFlare Inc., Date: None, Delay: -1 ms, Speed: 0.00 M/s, Resolution: None
Name: CCTV-12, URL: https://iptv.catvod.com/live.php?id=CCTV12&line=14, From: subscribe, IPv_Type: ipv6, Location: 美国, ISP: CloudFlare Inc., Date: None, Delay: -1 ms, Speed: 0.00 M/s, Resolution: None
Name: CCTV-13, URL: https://event.pull.hebtv.com/jishi/cp1.m3u8, From: subscribe, IPv_Type: ipv6, Location: 中国, ISP: 中国电信, Date: None, Delay: 0.1 ms, Speed: inf M/s, Resolution: 1920x1080
Name: CCTV-13, URL: http://z.b.bkpcp.top/m.php?id=cctv13, From: subscribe, IPv_Type: ipv6, Location: 美国, ISP: CloudFlare Inc., Date: None, Delay: 0.1 ms, Speed: inf M/s, Resolution: 1920x1080
Name: CCTV-13, URL: http://j.x.bkpcp.top/jx/CCTV13HD, From: subscribe, IPv_Type: ipv6, Location: 美国, ISP: CloudFlare Inc., Date: None, Delay: 0.1 ms, Speed: inf M/s, Resolution: 1920x1080
Name: CCTV-13, URL: http://ali-m-l.cztv.com/channels/lantian/channel21/1080p.m3u8, From: subscribe, IPv_Type: ipv6, Location: 中国-广西-防城港, ISP: 电信, Date: None, Delay: 0.1 ms, Speed: inf M/s, Resolution: 1920x1080
Name: CCTV-13, URL: http://jwplay.hebyun.com.cn/live/cctv13/1500k/tzwj_video.m3u8, From: subscribe, IPv_Type: ipv6, Location: 中国, ISP: 中国联通, Date: None, Delay: 0.1 ms, Speed: inf M/s, Resolution: 1920x1080
Name: CCTV-13, URL: https://ldncctvwbcdcnc.v.wscdns.com/ldncctvwbcd/cdrmldcctv13_1/index.m3u8, From: subscribe, IPv_Type: ipv6, Location: 中国, ISP: 中国电信, Date: None, Delay: 0.1 ms, Speed: inf M/s, Resolution: 1920x1080
Name: CCTV-13, URL: http://iptv.huuc.edu.cn/hls/cctv13hd.m3u8, From: subscribe, IPv_Type: ipv6, Location: 中国, ISP: 教育网, Date: None, Delay: 0.1 ms, Speed: inf M/s, Resolution: 1920x1080
Name: CCTV-13, URL: https://www.freetv.top/migu/608807423.m3u8?migutoken=ac19a58805588401a8e818b6dd00df9b327912af3611ba95f89235e7020821668a2b6dc65ccc3904967da59d0a9742565c56ea582baf8915d068035054818ef0f369dab64705a6a7f7120529ec, From: subscribe, IPv_Type: ipv6, Location: 美国-加利福尼亚州-圣克拉拉, ISP: DigitalOcean, Date: None, Delay: 0.1 ms, Speed: inf M/s, Resolution: 1920x1080
Name: CCTV-13, URL: https://smart.pendy.dpdns.org/Smart.php?id=cctv13, From: subscribe, IPv_Type: ipv6, Location: 美国, ISP: CloudFlare Inc., Date: None, Delay: 0.1 ms, Speed: inf M/s, Resolution: 1920x1080
Name: CCTV-13, URL: http://[2409:8087:1a01:df::4077]/ottrrs.hl.chinamobile.com/PLTV/88888888/224/3221226011/index.m3u8, From: subscribe, IPv_Type: ipv6, Location: 中国, ISP: 中国移动, Date: None, Delay: -1 ms, Speed: 0.00 M/s, Resolution: None
Name: CCTV-13, URL: http://[2409:8087:1a01:df::4077]/ottrrs.hl.chinamobile.com/PLTV/88888888/8/3221226011/index.m3u8, From: subscribe, IPv_Type: ipv6, Location: 中国, ISP: 中国移动, Date: None, Delay: 0.1 ms, Speed: inf M/s, Resolution: 1920x1080
Name: CCTV-13, URL: http://[2409:8087:8:21::18]:6610/otttv.bj.chinamobile.com/PLTV/88888888/224/3221226316/1.m3u8, From: subscribe, IPv_Type: ipv6, Location: 中国, ISP: 中国移动, Date: None, Delay: 0.1 ms, Speed: inf M/s, Resolution: 1920x1080
Name: CCTV-13, URL: http://[2409:8087:8:21::18]:6610/otttv.bj.chinamobile.com/PLTV/88888888/224/3221226339/1.m3u8, From: subscribe, IPv_Type: ipv6, Location: 中国, ISP: 中国移动, Date: None, Delay: 0.1 ms, Speed: inf M/s, Resolution: 1920x1080
Name: CCTV-13, URL: http://[2409:8087:8:21::18]:6610/otttv.bj.chinamobile.com/PLTV/88888888/224/3221226446/1.m3u8, From: subscribe, IPv_Type: ipv6, Location: 中国, ISP: 中国移动, Date: None, Delay: 0.1 ms, Speed: inf M/s, Resolution: 1920x1080
Name: CCTV-13, URL: http://[2409:8087:1a0a:df::404b]/ottrrs.hl.chinamobile.com/TVOD/88888888/224/3221226011/index.m3u8, From: subscribe, IPv_Type: ipv6, Location: 中国, ISP: 中国移动, Date: None, Delay: 0.1 ms, Speed: inf M/s, Resolution: 1920x1080
Name: CCTV-13, URL: https://epg.pw/stream/5d3d047c64e44d0a24dc33e5700e579457201d2960036b43819bd930a0bb76a7.m3u8, From: subscribe, IPv_Type: ipv6, Location: 美国, ISP: CloudFlare Inc., Date: None, Delay: 0.1 ms, Speed: inf M/s, Resolution: 1920x1080
Name: CCTV-13, URL: https://www.freetv.top/migu/608807423.m3u8?migutoken=d04a0fbe708570ac8859ed559ac6241f3a9da203b9f1dcecbbb627c30fca3aac016d99c7e9dc1efa5b5bd973de8170af65d84d3bfdc932709679f2a688284458be83238ceef24aa5196ad54167, From: subscribe, IPv_Type: ipv6, Location: 美国-加利福尼亚州-圣克拉拉, ISP: DigitalOcean, Date: None, Delay: 0.1 ms, Speed: inf M/s, Resolution: 1920x1080
Name: CCTV-13, URL: https://www.freetv.top/migu/608807423.m3u8?migutoken=c2389cf5194aa51126151d56817f4b78c648be26d653da0ba123aedb4ac3bc7cf448bdf7e94a38f8a1d5ef942bd7584f21130d1702c97093596d8bf121dc9e10697c48b323b813404c8eff9ed6, From: subscribe, IPv_Type: ipv6, Location: 美国-加利福尼亚州-圣克拉拉, ISP: DigitalOcean, Date: None, Delay: 0.1 ms, Speed: inf M/s, Resolution: 1920x1080
Name: CCTV-13, URL: https://www.freetv.top/migu/608807423.m3u8?migutoken=ac75a7b224f6d682c32c041ab4e0382dbb3ff875e9f9296ab33b8f3b7d44ac493d7bf97160232973e9f25fe71232f5180c8fe73aaee23768741e101519263d172ad60f77351699f0863c60b8ff, From: subscribe, IPv_Type: ipv6, Location: 美国-加利福尼亚州-圣克拉拉, ISP: DigitalOcean, Date: None, Delay: 0.1 ms, Speed: inf M/s, Resolution: 1920x1080
Name: CCTV-13, URL: https://www.freetv.top/migu/608807423.m3u8?migutoken=b0ebf450385413f8d70e72a92ceba03e41170d59df1374472666311b9a1b26c2665ac29d287ef869f8998593325508eed5b09a4020d14bc557a3fe580eea0c0f4c2c13a4581ddb400575b8d3e9, From: subscribe, IPv_Type: ipv6, Location: 美国-加利福尼亚州-圣克拉拉, ISP: DigitalOcean, Date: None, Delay: 0.1 ms, Speed: inf M/s, Resolution: 1920x1080
Name: CCTV-13, URL: https://www.freetv.top/migu/608807423.m3u8?migutoken=776326ca258673fca618a4f3a2ff6e001516e1bd1de00a273f9321b167eace944b1fea149e58d9f61f99fdcb505524330bcadd896ad46e9264a6c57fcd05b0e7b924e3462804a5228697c43f3f, From: subscribe, IPv_Type: ipv6, Location: 美国-加利福尼亚州-圣克拉拉, ISP: DigitalOcean, Date: None, Delay: 0.1 ms, Speed: inf M/s, Resolution: 1920x1080
Name: CCTV-13, URL: https://www.freetv.top/migu/608807423.m3u8?migutoken=2ea304b199bfe39629418c1d50b3c9f34ba06712c9c7922a614411768b18496280cdfdee913572bdb8d1cdd3d5763460f2f0aea6c7a51095aaf66f1eb8f43ce6edbbeac22c35e78ecc39dbdf27, From: subscribe, IPv_Type: ipv6, Location: 美国-加利福尼亚州-圣克拉拉, ISP: DigitalOcean, Date: None, Delay: 0.1 ms, Speed: inf M/s, Resolution: 1920x1080
Name: CCTV-13, URL: https://www.freetv.top/migu/608807423.m3u8?migutoken=62d2214274cef7d40b4114d45bf7638a556c67cd16bcf313098428f7b9c39529a9409be7e2a892a20359eed6ae89f4458686ab0c3b3d4ca5e2ca54e11342c5719c3a1e0e8af936fe2a1892a5fa, From: subscribe, IPv_Type: ipv6, Location: 美国-加利福尼亚州-圣克拉拉, ISP: DigitalOcean, Date: None, Delay: 0.1 ms, Speed: inf M/s, Resolution: 1920x1080
Name: CCTV-13, URL: https://www.freetv.top/migu/608807423.m3u8?migutoken=85d3cf2d1e1511208a2074a3da420becee120fffec82c80e13e533bb191e19cba13d3f9831f111202869da1200838bc62ed7dcc00a437f0c3f013a2f2fbd4d23de657fbc5d9b1b4f432f49b15d, From: subscribe, IPv_Type: ipv6, Location: 美国-加利福尼亚州-圣克拉拉, ISP: DigitalOcean, Date: None, Delay: 0.1 ms, Speed: inf M/s, Resolution: 1920x1080
Name: CCTV-13, URL: https://www.freetv.top/migu/608807423.m3u8?migutoken=7a9f631c12e3f260a1be234f09172421b9cb241df766874aae8a36485a148b231acfe7a255db39c6e6affcb6015c80f4607fcc3301cfb28d121090c6eef969c85d1a23a3a6e649c0557dda6ae3, From: subscribe, IPv_Type: ipv6, Location: 美国-加利福尼亚州-圣克拉拉, ISP: DigitalOcean, Date: None, Delay: 0.1 ms, Speed: inf M/s, Resolution: 1920x1080
Name: CCTV-13, URL: http://yc.myds.me:35455/gaoma/cctv13.m3u8, From: subscribe, IPv_Type: ipv6, Location: 中国, ISP: 中国电信, Date: None, Delay: 0.1 ms, Speed: inf M/s, Resolution: 1920x1080
Name: CCTV-13, URL: http://iptv.cdn.ha.chinamobile.com/PLTV/88888888/224/3221227266/index.m3u8, From: subscribe, IPv_Type: ipv6, Location: 中国, ISP: 中国移动, Date: None, Delay: 0.1 ms, Speed: inf M/s, Resolution: 1920x1080
Name: CCTV-13, URL: https://stream1.freetv.fun/3de70449cde3176a3ee598bc26020f02bd97aa698aaf148c0a9acd4a11e56d7e.ctv, From: subscribe, IPv_Type: ipv6, Location: 美国, ISP: CloudFlare Inc., Date: None, Delay: 0.1 ms, Speed: inf M/s, Resolution: 1920x1080
Name: CCTV-13, URL: https://stream1.freetv.fun/5e0c514e6ba3d091c01c511c50880499f6584b993ae7c5de863424917928ece8.ctv, From: subscribe, IPv_Type: ipv6, Location: 美国, ISP: CloudFlare Inc., Date: None, Delay: 0.1 ms, Speed: inf M/s, Resolution: 1920x1080
Name: CCTV-13, URL: http://[2409:8087:5e01:34::22]:6610/ZTE_CMS/00000001000000060000000000000516/index.m3u8?IAS, From: subscribe, IPv_Type: ipv6, Location: 中国, ISP: 中国移动, Date: None, Delay: 0.1 ms, Speed: inf M/s, Resolution: 1920x1080
Name: CCTV-13, URL: http://[2409:8087:5e01:34::20]:6610/ZTE_CMS/00000001000000060000000000000516/index.m3u8?IAS, From: subscribe, IPv_Type: ipv6, Location: 中国, ISP: 中国移动, Date: None, Delay: 0.1 ms, Speed: inf M/s, Resolution: 1920x1080
Name: CCTV-13, URL: http://[2409:8087:5e01:34::21]:6610/ZTE_CMS/00000001000000060000000000000516/index.m3u8?IAS, From: subscribe, IPv_Type: ipv6, Location: 中国, ISP: 中国移动, Date: None, Delay: 0.1 ms, Speed: inf M/s, Resolution: 1920x1080
Name: CCTV-13, URL: http://dbiptv.sn.chinamobile.com/PLTV/88888890/224/3221226233/index.m3u8, From: subscribe, IPv_Type: ipv6, Location: 中国, ISP: 中国移动, Date: None, Delay: 0.1 ms, Speed: inf M/s, Resolution: 1920x1080
Name: CCTV-13, URL: https://www.freetv.top/migu/608807423.m3u8?migutoken=b3b4ddc2f6494b8b098f8722480f65f33fabde80e2873f9c7ad3a37c1d0e0053da396027d844896109a0c960d9c8be0b4932204b5648e71ef398f07c48501fade68f689c2175b139ba190f4ab4, From: subscribe, IPv_Type: ipv6, Location: 美国-加利福尼亚州-圣克拉拉, ISP: DigitalOcean, Date: None, Delay: 0.1 ms, Speed: inf M/s, Resolution: 1920x1080
Name: CCTV-13, URL: http://www.freetv.top/migu/608807423.m3u8?migutoken=d8e7d5104925c13570533f5db2f808b4613be4d2901d3d406a67fca92ee219bc3692dff97d63d38123fde519465b77404b0a2c0c59bec5e83ad2be42019845acc7e59290159021d585352689cc, From: subscribe, IPv_Type: ipv6, Location: 美国-加利福尼亚州-圣克拉拉, ISP: DigitalOcean, Date: None, Delay: 0.1 ms, Speed: inf M/s, Resolution: 1920x1080
Name: CCTV-13, URL: http://zteres.sn.chinamobile.com:6060/000000001000/5000000011000031108/1.m3u8?channel-id=bestzb&Contentid=5000000011000031108&livemode=1&stbId=3, From: subscribe, IPv_Type: ipv6, Location: 中国, ISP: 中国移动, Date: None, Delay: 0.1 ms, Speed: inf M/s, Resolution: 1920x1080
Name: CCTV-13, URL: http://zteres.sn.chinamobile.com:6060/000000001000/5000000005000001827/1.m3u8?channel-id=bestzb&Contentid=5000000005000001827&livemode=1&stbId=3, From: subscribe, IPv_Type: ipv6, Location: 中国, ISP: 中国移动, Date: None, Delay: 0.1 ms, Speed: inf M/s, Resolution: 1920x1080
Name: CCTV-13, URL: http://[2409:8087:4c0a:22:1::11]:6410/170000001115/UmaiCHAN6000054BESTVSMGSMG/index.m3u8?AuthInfo=9kOOdBn7MFF%2F2bWjKgahUTWDyIgRkFJBAHMhA2ayG0SuXozn3alq9%2BUx7ZLG1w9awc14iEUxQ5VsTsr5pEBsmF56tXUfsukRUpygmTCKvAI, From: subscribe, IPv_Type: ipv6, Location: 中国, ISP: 中国移动, Date: None, Delay: 0.1 ms, Speed: inf M/s, Resolution: 1920x1080
Name: CCTV-13, URL: http://[2409:8087:5e01:34::38]:6610/ZTE_CMS/00000001000000060000000000000516/index.m3u8, From: subscribe, IPv_Type: ipv6, Location: 中国, ISP: 中国移动, Date: None, Delay: 0.1 ms, Speed: inf M/s, Resolution: 1920x1080
Name: CCTV-13, URL: http://[2409:8087:5e01:34::23]:6610/ZTE_CMS/00000001000000060000000000000516/index.m3u8?IAS, From: subscribe, IPv_Type: ipv6, Location: 中国, ISP: 中国移动, Date: None, Delay: 0.1 ms, Speed: inf M/s, Resolution: 1920x1080
Name: CCTV-13, URL: http://[2409:8087:74f0:22::4]:6410/270000001128/9900000510/index.m3u8, From: subscribe, IPv_Type: ipv6, Location: 中国, ISP: 中国移动, Date: None, Delay: 0.1 ms, Speed: inf M/s, Resolution: 1920x1080
Name: CCTV-13, URL: http://[2409:8087:1a01:df::7005]/ottrrs.hl.chinamobile.com/PLTV/88888888/224/3221226537/index.m3u8, From: subscribe, IPv_Type: ipv6, Location: 中国, ISP: 中国移动, Date: None, Delay: 0.1 ms, Speed: inf M/s, Resolution: 1920x1080
Name: CCTV-13, URL: http://[2409:8087:3869:8021:1001::e5]:6610/PLTV/88888910/224/3221225638/index.m3u8, From: subscribe, IPv_Type: ipv6, Location: 中国, ISP: 中国移动, Date: None, Delay: -1 ms, Speed: 0.00 M/s, Resolution: None
Name: CCTV-13, URL: http://rrs01.hw.gmcc.net:8088/PLTV/81/224/3221226717/1.m3u8, From: subscribe, IPv_Type: ipv6, Location: 中国, ISP: 中国移动, Date: None, Delay: -1 ms, Speed: 0.00 M/s, Resolution: None
Name: CCTV-13, URL: https://hls-gateway.vpstv.net/streams/476899.m3u8, From: subscribe, IPv_Type: ipv6, Location: 美国, ISP: CloudFlare Inc., Date: None, Delay: -1 ms, Speed: 0.00 M/s, Resolution: None
Name: CCTV-13, URL: http://k.061899.xyz/m.php?id=cctv13, From: subscribe, IPv_Type: ipv6, Location: 新加坡, ISP: Aceville Pte.Ltd., Date: None, Delay: -1 ms, Speed: 0.00 M/s, Resolution: None
Name: CCTV-13, URL: http://[2409:8087:1a15:10d1::35]/ottrrs.hl.chinamobile.com/PLTV/88888888/224/3221226537/index.m3u8, From: subscribe, IPv_Type: ipv6, Location: 中国, ISP: 中国移动, Date: None, Delay: -1 ms, Speed: 0.00 M/s, Resolution: None
Name: CCTV-13, URL: http://[2409:8087:1a15:10d1::37]/ottrrs.hl.chinamobile.com/PLTV/88888888/224/3221226537/index.m3u8, From: subscribe, IPv_Type: ipv6, Location: 中国, ISP: 中国移动, Date: None, Delay: -1 ms, Speed: 0.00 M/s, Resolution: None
Name: CCTV-13, URL: http://[2409:8087:5e00:24::1e]:6060/200000001898/460000089800010093/1.m3u8, From: subscribe, IPv_Type: ipv6, Location: 中国, ISP: 中国移动, Date: None, Delay: -1 ms, Speed: 0.00 M/s, Resolution: None
Name: CCTV-13, URL: http://[2409:8087:5e08:25::16]:6610/200000001898/460000089800010093/1.m3u8, From: subscribe, IPv_Type: ipv6, Location: 中国, ISP: 中国移动, Date: None, Delay: -1 ms, Speed: 0.00 M/s, Resolution: None
Name: CCTV-13, URL: https://migu.188766.xyz/?migutoken=1ee98da4a6c690d99fec9c342fc29fca&id=CCTV13&pp=1, From: subscribe, IPv_Type: ipv6, Location: 美国, ISP: CloudFlare Inc., Date: None, Delay: -1 ms, Speed: 0.00 M/s, Resolution: None
Name: CCTV-13, URL: https://cc06.tv12.xyz/14.m3u8, From: subscribe, IPv_Type: ipv6, Location: 美国, ISP: CloudFlare Inc., Date: None, Delay: -1 ms, Speed: 0.00 M/s, Resolution: None
Name: CCTV-13, URL: http://gslbmgsplive.miguvideo.com/envivo_x/2018/SD/cctv13/2000/index.m3u8?msisdn=20250919080131e5c6c61fbe3548c0b9ee7a157b45b6bc&mdspid=&spid=699004&netType=0&sid=2202208864&pid=2028597139&timestamp=20250919080131&Channel_ID=0116_2600000900-99000-201600010010027&ProgramID=608807423&ParentNodeID=-99&assertID=2202208864&client_ip=106.13.250.88&SecurityKey=20250919080131&promotionId=&mvid=2202208864&mcid=500020&playurlVersion=WX-A1-8.9.1-RELEASE&userid=&jmhm=&videocodec=h264&bean=mgspad&tid=android&conFee=0&puData=04a2858caff7fc4fe2d2fecbd52049c7&ddCalcu=70c4e9a14280802558dcbacfeff72fdc24ef, From: subscribe, IPv_Type: ipv6, Location: 中国, ISP: 中国移动, Date: None, Delay: -1 ms, Speed: 0.00 M/s, Resolution: None
Name: CCTV-13, URL: https://jzb.wwkejishe.top/?id=591, From: subscribe, IPv_Type: ipv6, Location: 美国, ISP: CloudFlare Inc., Date: None, Delay: -1 ms, Speed: 0.00 M/s, Resolution: None
Name: CCTV-13, URL: https://migu.188766.xyz/?migutoken=7a14f3a8854c936f8a28d117781319e9&id=CCTV13&type=yy, From: subscribe, IPv_Type: ipv6, Location: 美国, ISP: CloudFlare Inc., Date: None, Delay: -1 ms, Speed: 0.00 M/s, Resolution: None
Name: CCTV-13, URL: https://live.chinacert.cftest5.cn/mg/?id=608807423, From: subscribe, IPv_Type: ipv6, Location: 中国, ISP: 中国移动, Date: None, Delay: -1 ms, Speed: 0.00 M/s, Resolution: None
Name: CCTV-13, URL: https://migu.188766.xyz/?migutoken=19f0a1a74cc86a4f2b62c604a0417f59&id=CCTV13&type=yy, From: subscribe, IPv_Type: ipv6, Location: 美国, ISP: CloudFlare Inc., Date: None, Delay: -1 ms, Speed: 0.00 M/s, Resolution: None
Name: CCTV-13, URL: https://iptv.catvod.com/live.php?id=CCTV-13%20%E6%96%B0%E9%97%BB, From: subscribe, IPv_Type: ipv6, Location: 美国, ISP: CloudFlare Inc., Date: None, Delay: -1 ms, Speed: 0.00 M/s, Resolution: None
Name: CCTV-13, URL: http://[2409:8087:8:21::18]:6610/otttv.bj.chinamobile.com/PLTV/88888888/224/3221226316/1.m3u8?, From: subscribe, IPv_Type: ipv6, Location: 中国, ISP: 中国移动, Date: None, Delay: -1 ms, Speed: 0.00 M/s, Resolution: None
Name: CCTV-13, URL: https://migu.188766.xyz/?migutoken=f2447f14538ee9fc7b8f844020222bb9&id=CCTV13&type=yy, From: subscribe, IPv_Type: ipv6, Location: 美国, ISP: CloudFlare Inc., Date: None, Delay: -1 ms, Speed: 0.00 M/s, Resolution: None
Name: CCTV-13, URL: https://migu.188766.xyz/?migutoken=2093273a7cb2292e635909add2b2f46b&id=CCTV13&type=yy, From: subscribe, IPv_Type: ipv6, Location: 美国, ISP: CloudFlare Inc., Date: None, Delay: -1 ms, Speed: 0.00 M/s, Resolution: None
Name: CCTV-13, URL: https://migu.188766.xyz/?migutoken=d0ff3ea089a9fcbc0ea5b24f438bf7e2&id=CCTV13&type=yy, From: subscribe, IPv_Type: ipv6, Location: 美国, ISP: CloudFlare Inc., Date: None, Delay: -1 ms, Speed: 0.00 M/s, Resolution: None
Name: CCTV-13, URL: https://migu.188766.xyz/?migutoken=3d0ce68612877332a3b820d6af5977fa&id=CCTV13&type=yy, From: subscribe, IPv_Type: ipv6, Location: 美国, ISP: CloudFlare Inc., Date: None, Delay: -1 ms, Speed: 0.00 M/s, Resolution: None
Name: CCTV-13, URL: https://migu.188766.xyz/?migutoken=fa8ab99f4197a6e2735597bc9a428191&id=CCTV13&type=yy, From: subscribe, IPv_Type: ipv6, Location: 美国, ISP: CloudFlare Inc., Date: None, Delay: -1 ms, Speed: 0.00 M/s, Resolution: None
Name: CCTV-13, URL: https://migu.188766.xyz/?migutoken=ddb3a369deaa443e51d6ab11bfb9134b&id=CCTV13&type=yy, From: subscribe, IPv_Type: ipv6, Location: 美国, ISP: CloudFlare Inc., Date: None, Delay: -1 ms, Speed: 0.00 M/s, Resolution: None
Name: CCTV-13, URL: https://iptv.catvod.com/live.php?id=CCTV13, From: subscribe, IPv_Type: ipv6, Location: 美国, ISP: CloudFlare Inc., Date: None, Delay: -1 ms, Speed: 0.00 M/s, Resolution: None
Name: CCTV-13, URL: https://migu.188766.xyz/?migutoken=f232ff38b0721443031a361d6cd5e365&id=CCTV13&type=yy, From: subscribe, IPv_Type: ipv6, Location: 美国, ISP: CloudFlare Inc., Date: None, Delay: -1 ms, Speed: 0.00 M/s, Resolution: None
Name: CCTV-13, URL: https://migu.188766.xyz/?migutoken=6514e52e03bb3317e8fe1493604eb90b&id=CCTV13&type=yy, From: subscribe, IPv_Type: ipv6, Location: 美国, ISP: CloudFlare Inc., Date: None, Delay: -1 ms, Speed: 0.00 M/s, Resolution: None
Name: CCTV-13, URL: https://migu.188766.xyz/?migutoken=e0790f7619318bbfc5778d7d839f5673&id=CCTV13&type=yy, From: subscribe, IPv_Type: ipv6, Location: 美国, ISP: CloudFlare Inc., Date: None, Delay: -1 ms, Speed: 0.00 M/s, Resolution: None
Name: CCTV-13, URL: https://migu.188766.xyz/?migutoken=263fb9668e2a44a330b9846f63524320&id=CCTV13&type=yy, From: subscribe, IPv_Type: ipv6, Location: 美国, ISP: CloudFlare Inc., Date: None, Delay: -1 ms, Speed: 0.00 M/s, Resolution: None
Name: CCTV-13, URL: https://iptv.catvod.com/live.php?id=CCTV-13, From: subscribe, IPv_Type: ipv6, Location: 美国, ISP: CloudFlare Inc., Date: None, Delay: -1 ms, Speed: 0.00 M/s, Resolution: None
Name: CCTV-13, URL: https://migu.188766.xyz/?migutoken=d78031d9c7dec2d6635bf679d26c521b&id=CCTV13&type=yy, From: subscribe, IPv_Type: ipv6, Location: 美国, ISP: CloudFlare Inc., Date: None, Delay: -1 ms, Speed: 0.00 M/s, Resolution: None
Name: CCTV-13, URL: https://migu.188766.xyz/?migutoken=ad511f699e8b20b6bc09cf859738295d&id=CCTV13&type=yy, From: subscribe, IPv_Type: ipv6, Location: 美国, ISP: CloudFlare Inc., Date: None, Delay: -1 ms, Speed: 0.00 M/s, Resolution: None
Name: CCTV-13, URL: http://gslbmgsplive.miguvideo.com/envivo_x/2018/SD/cctv13/1000/index.m3u8?msisdn=20251212080218f3b54b3230e54fd68e33720fbfe029ab&mdspid=&spid=699004&netType=0&sid=2202208864&pid=2028597139&timestamp=20251212080218&Channel_ID=0116_2600037000-99000-200300220100002&ProgramID=608807423&ParentNodeID=-99&assertID=2202208864&client_ip=218.28.233.106&SecurityKey=20251212080218&promotionId=&mvid=2202208864&mcid=500020&playurlVersion=ZQ-A1-8.12.1-RELEASE&userid=&jmhm=&videocodec=h264&appCode=miguvideo_android&bean=mgspad&tid=android&conFee=0&puData=aa8b1a4aea1303299713519695553a64&ddCalcu=4a6ava8a3by51a5a549a6e9a115330137299&sv=10004&ct=android, From: subscribe, IPv_Type: ipv6, Location: 中国, ISP: 中国移动, Date: None, Delay: -1 ms, Speed: 0.00 M/s, Resolution: None
Name: CCTV-13, URL: https://migu.188766.xyz/?migutoken=95ee7848924b43fc1fbec41e0e38725b&id=CCTV13&type=yy, From: subscribe, IPv_Type: ipv6, Location: 美国, ISP: CloudFlare Inc., Date: None, Delay: -1 ms, Speed: 0.00 M/s, Resolution: None
Name: CCTV-13, URL: https://migu.188766.xyz/?migutoken=d5a0b352a6826871d456574006816b50&id=CCTV13&type=yy, From: subscribe, IPv_Type: ipv6, Location: 美国, ISP: CloudFlare Inc., Date: None, Delay: -1 ms, Speed: 0.00 M/s, Resolution: None
Name: CCTV-13, URL: https://migu.188766.xyz/?migutoken=12f0b7cdaf3d8480e2ff307cb05b8877&id=CCTV13&type=yy, From: subscribe, IPv_Type: ipv6, Location: 美国, ISP: CloudFlare Inc., Date: None, Delay: -1 ms, Speed: 0.00 M/s, Resolution: None
Name: CCTV-13, URL: https://migu.188766.xyz/?migutoken=29e2db54482f252c57f010ce50e7643a&id=CCTV13&type=yy, From: subscribe, IPv_Type: ipv6, Location: 美国, ISP: CloudFlare Inc., Date: None, Delay: -1 ms, Speed: 0.00 M/s, Resolution: None
Name: CCTV-13, URL: https://migu.188766.xyz/?migutoken=a242586a793bcf8f0da72dc2f2a9160b&id=CCTV13&type=yy, From: subscribe, IPv_Type: ipv6, Location: 美国, ISP: CloudFlare Inc., Date: None, Delay: -1 ms, Speed: 0.00 M/s, Resolution: None
Name: CCTV-13, URL: https://migu.188766.xyz/?migutoken=6747745a9e29a1e75e5d0b588bd95234&id=CCTV13&type=yy, From: subscribe, IPv_Type: ipv6, Location: 美国, ISP: CloudFlare Inc., Date: None, Delay: -1 ms, Speed: 0.00 M/s, Resolution: None
Name: CCTV-13, URL: https://migu.188766.xyz/?migutoken=de2470d2e89a2af0fc53aaece17cc029&id=CCTV13&type=yy, From: subscribe, IPv_Type: ipv6, Location: 美国, ISP: CloudFlare Inc., Date: None, Delay: -1 ms, Speed: 0.00 M/s, Resolution: None
Name: CCTV-13, URL: https://migu.188766.xyz/?migutoken=fb85e8db282bec44bfccee83962f51d2&id=CCTV13&type=yy, From: subscribe, IPv_Type: ipv6, Location: 美国, ISP: CloudFlare Inc., Date: None, Delay: -1 ms, Speed: 0.00 M/s, Resolution: None
Name: CCTV-13, URL: https://migu.188766.xyz/?migutoken=c4fa3bbb998b7551ee787c0aaff18798&id=CCTV13&type=yy, From: subscribe, IPv_Type: ipv6, Location: 美国, ISP: CloudFlare Inc., Date: None, Delay: -1 ms, Speed: 0.00 M/s, Resolution: None
Name: CCTV-13, URL: https://migu.188766.xyz/?migutoken=b4158769c58255b27df1b37b78bb4356&id=CCTV13&type=yy, From: subscribe, IPv_Type: ipv6, Location: 美国, ISP: CloudFlare Inc., Date: None, Delay: -1 ms, Speed: 0.00 M/s, Resolution: None
Name: CCTV-13, URL: https://migu.188766.xyz/?migutoken=f9dfc2ca1d1629ab24a0bb2079590a6d&id=CCTV13&type=yy, From: subscribe, IPv_Type: ipv6, Location: 美国, ISP: CloudFlare Inc., Date: None, Delay: -1 ms, Speed: 0.00 M/s, Resolution: None
Name: CCTV-13, URL: https://migu.188766.xyz/?migutoken=3d580d9995226537843048f72b8e86fc&id=CCTV13&type=yy, From: subscribe, IPv_Type: ipv6, Location: 美国, ISP: CloudFlare Inc., Date: None, Delay: -1 ms, Speed: 0.00 M/s, Resolution: None
Name: CCTV-13, URL: https://migu.188766.xyz/?migutoken=19469068871ea952d7eec108c27a6123&id=CCTV13&type=yy, From: subscribe, IPv_Type: ipv6, Location: 美国, ISP: CloudFlare Inc., Date: None, Delay: -1 ms, Speed: 0.00 M/s, Resolution: None
Name: CCTV-13, URL: https://migu.188766.xyz/?migutoken=2374424a1c2337269c61686595796788&id=CCTV13&type=yy, From: subscribe, IPv_Type: ipv6, Location: 美国, ISP: CloudFlare Inc., Date: None, Delay: -1 ms, Speed: 0.00 M/s, Resolution: None
Name: CCTV-13, URL: https://migu.188766.xyz/?migutoken=586a1549a1d60b3c0d5fa7306a28a4c8&id=CCTV13&type=yy, From: subscribe, IPv_Type: ipv6, Location: 美国, ISP: CloudFlare Inc., Date: None, Delay: -1 ms, Speed: 0.00 M/s, Resolution: None
Name: CCTV-13, URL: https://migu.188766.xyz/?migutoken=3c083b6cea857f7e14261d24ede66057&id=CCTV13&type=yy, From: subscribe, IPv_Type: ipv6, Location: 美国, ISP: CloudFlare Inc., Date: None, Delay: -1 ms, Speed: 0.00 M/s, Resolution: None
Name: CCTV-13, URL: https://migu.188766.xyz/?migutoken=ae276ff79a7e43ad90f147a0d566a3e9&id=CCTV13&type=yy, From: subscribe, IPv_Type: ipv6, Location: 美国, ISP: CloudFlare Inc., Date: None, Delay: -1 ms, Speed: 0.00 M/s, Resolution: None
Name: CCTV-13, URL: https://migu.188766.xyz/?migutoken=f6f596485c42e38c9eb1fbf73bf35328&id=CCTV13&type=yy, From: subscribe, IPv_Type: ipv6, Location: 美国, ISP: CloudFlare Inc., Date: None, Delay: -1 ms, Speed: 0.00 M/s, Resolution: None
Name: CCTV-13, URL: https://migu.188766.xyz/?migutoken=a07aeb14ac224d7e61744d61e16b77aa&id=CCTV13&type=yy, From: subscribe, IPv_Type: ipv6, Location: 美国, ISP: CloudFlare Inc., Date: None, Delay: -1 ms, Speed: 0.00 M/s, Resolution: None
Name: CCTV-13, URL: https://migu.188766.xyz/?migutoken=dea838fca5d0709ec73bb3701ce29c2b&id=CCTV13&type=yy, From: subscribe, IPv_Type: ipv6, Location: 美国, ISP: CloudFlare Inc., Date: None, Delay: -1 ms, Speed: 0.00 M/s, Resolution: None
Name: CCTV-13, URL: https://migu.188766.xyz/?migutoken=8e62361e44b6a7f49b00a22d1076844e&id=CCTV13&type=yy, From: subscribe, IPv_Type: ipv6, Location: 美国, ISP: CloudFlare Inc., Date: None, Delay: -1 ms, Speed: 0.00 M/s, Resolution: None
Name: CCTV-13, URL: https://migu.188766.xyz/?migutoken=ac63066edeebd4fdcc559850e7aed0e5&id=CCTV13&type=yy, From: subscribe, IPv_Type: ipv6, Location: 美国, ISP: CloudFlare Inc., Date: None, Delay: -1 ms, Speed: 0.00 M/s, Resolution: None
Name: CCTV-13, URL: https://migu.188766.xyz/?migutoken=b9b9190075eaf0e21ffe52949b83955c&id=CCTV13&type=yy, From: subscribe, IPv_Type: ipv6, Location: 美国, ISP: CloudFlare Inc., Date: None, Delay: -1 ms, Speed: 0.00 M/s, Resolution: None
Name: CCTV-13, URL: https://migu.188766.xyz/?migutoken=d0db65fcd5f76fbeec28a9231ac43c2c&id=CCTV13&type=yy, From: subscribe, IPv_Type: ipv6, Location: 美国, ISP: CloudFlare Inc., Date: None, Delay: -1 ms, Speed: 0.00 M/s, Resolution: None
Name: CCTV-13, URL: https://migu.188766.xyz/?migutoken=9b160ea328206a2085a517113dcb0af2&id=CCTV13&type=yy, From: subscribe, IPv_Type: ipv6, Location: 美国, ISP: CloudFlare Inc., Date: None, Delay: -1 ms, Speed: 0.00 M/s, Resolution: None
Name: CCTV-13, URL: https://migu.188766.xyz/?migutoken=d3e42e17bfd3f98c47dceb857aa243f0&id=CCTV13&type=yy, From: subscribe, IPv_Type: ipv6, Location: 美国, ISP: CloudFlare Inc., Date: None, Delay: -1 ms, Speed: 0.00 M/s, Resolution: None
Name: CCTV-13, URL: https://migu.188766.xyz/?migutoken=0e93d497b950c76d8fa9b1f412d914a7&id=CCTV13&type=yy, From: subscribe, IPv_Type: ipv6, Location: 美国, ISP: CloudFlare Inc., Date: None, Delay: -1 ms, Speed: 0.00 M/s, Resolution: None
Name: CCTV-13, URL: https://migu.188766.xyz/?migutoken=385786c12b6ad2768f253054b76c8747&id=CCTV13&type=yy, From: subscribe, IPv_Type: ipv6, Location: 美国, ISP: CloudFlare Inc., Date: None, Delay: -1 ms, Speed: 0.00 M/s, Resolution: None
Name: CCTV-13, URL: https://migu.188766.xyz/?migutoken=2c4ebc5adbac48075c12753726852b2e&id=CCTV13&type=yy, From: subscribe, IPv_Type: ipv6, Location: 美国, ISP: CloudFlare Inc., Date: None, Delay: -1 ms, Speed: 0.00 M/s, Resolution: None
Name: CCTV-13, URL: https://migu.188766.xyz/?migutoken=f67df04aa8b67e9be8a30446a857a433&id=CCTV13&type=yy, From: subscribe, IPv_Type: ipv6, Location: 美国, ISP: CloudFlare Inc., Date: None, Delay: -1 ms, Speed: 0.00 M/s, Resolution: None
Name: CCTV-13, URL: https://migu.188766.xyz/?migutoken=a3ab25da2c7d76001aec6c0ca7d41dcd&id=CCTV13&type=yy, From: subscribe, IPv_Type: ipv6, Location: 美国, ISP: CloudFlare Inc., Date: None, Delay: -1 ms, Speed: 0.00 M/s, Resolution: None
Name: CCTV-13, URL: https://migu.188766.xyz/?migutoken=0484bff9cbb56217127b445d6ca2a4b2&id=CCTV13&type=yy, From: subscribe, IPv_Type: ipv6, Location: 美国, ISP: CloudFlare Inc., Date: None, Delay: -1 ms, Speed: 0.00 M/s, Resolution: None
Name: CCTV-13, URL: https://migu.188766.xyz/?migutoken=2f35f43c546c904ff2e2863ffa031828&id=CCTV13&type=yy, From: subscribe, IPv_Type: ipv6, Location: 美国, ISP: CloudFlare Inc., Date: None, Delay: -1 ms, Speed: 0.00 M/s, Resolution: None
Name: CCTV-13, URL: https://migu.188766.xyz/?migutoken=f75e13c9cce82df0a08c7a43045bbc20&id=CCTV13&type=yy, From: subscribe, IPv_Type: ipv6, Location: 美国, ISP: CloudFlare Inc., Date: None, Delay: -1 ms, Speed: 0.00 M/s, Resolution: None
Name: CCTV-13, URL: https://migu.188766.xyz/?migutoken=db872002648b67d93526eaaab3ce7a85&id=CCTV13&type=yy, From: subscribe, IPv_Type: ipv6, Location: 美国, ISP: CloudFlare Inc., Date: None, Delay: -1 ms, Speed: 0.00 M/s, Resolution: None
Name: CCTV-13, URL: https://migu.188766.xyz/?migutoken=daa57858818b4cb980a4f0722edcdef1&id=CCTV13&type=yy, From: subscribe, IPv_Type: ipv6, Location: 美国, ISP: CloudFlare Inc., Date: None, Delay: -1 ms, Speed: 0.00 M/s, Resolution: None
Name: CCTV-13, URL: https://migu.188766.xyz/?migutoken=2004f8e23a143128f08e0baf644c3e24&id=CCTV13&type=yy, From: subscribe, IPv_Type: ipv6, Location: 美国, ISP: CloudFlare Inc., Date: None, Delay: -1 ms, Speed: 0.00 M/s, Resolution: None
Name: CCTV-13, URL: https://migu.188766.xyz/?migutoken=5951d7f95b06f962ff70147c4049e94b&id=CCTV13&type=yy, From: subscribe, IPv_Type: ipv6, Location: 美国, ISP: CloudFlare Inc., Date: None, Delay: -1 ms, Speed: 0.00 M/s, Resolution: None
Name: CCTV-13, URL: https://migu.188766.xyz/?migutoken=cb7975c97a6ea1b8907a1ec8f3744791&id=CCTV13&type=yy, From: subscribe, IPv_Type: ipv6, Location: 美国, ISP: CloudFlare Inc., Date: None, Delay: -1 ms, Speed: 0.00 M/s, Resolution: None
Name: CCTV-13, URL: http://pull-hs-f5.flive.douyincdn.com/media/stream-695161386435347116/index.m3u8?arch_hrchy=w1&exp_hrchy=w1&expire=1769399632&major_anchor_level=common&sign=9187b14d05855967b7a316320a1085ce&t_id=037-202601191153519CA1DA2812B4E30F9D02-KO6UcR&volcSecret=9187b14d05855967b7a316320a1085ce&volcTime=1769399632, From: subscribe, IPv_Type: ipv6, Location: 美国, ISP: , Date: None, Delay: -1 ms, Speed: 0.00 M/s, Resolution: None
Name: CCTV-13, URL: https://migu.188766.xyz/?migutoken=1f7419780f9b243ff9978aeacb58c75a&id=CCTV13&type=yy, From: subscribe, IPv_Type: ipv6, Location: 美国, ISP: CloudFlare Inc., Date: None, Delay: -1 ms, Speed: 0.00 M/s, Resolution: None
Name: CCTV-13, URL: https://migu.188766.xyz/?migutoken=203a8d0f6a75c00dd01254792112f154&id=CCTV13&type=yy, From: subscribe, IPv_Type: ipv6, Location: 美国, ISP: CloudFlare Inc., Date: None, Delay: -1 ms, Speed: 0.00 M/s, Resolution: None
Name: CCTV-13, URL: https://migu.188766.xyz/?migutoken=dca0113015e8ae71845507946285505d&id=CCTV13&type=yy, From: subscribe, IPv_Type: ipv6, Location: 美国, ISP: CloudFlare Inc., Date: None, Delay: -1 ms, Speed: 0.00 M/s, Resolution: None
Name: CCTV-13, URL: http://pull-hs-f5.flive.douyincdn.com/media/stream-695180860228633260/index.m3u8?arch_hrchy=w1&exp_hrchy=w1&expire=1769679988&major_anchor_level=common&sign=71caa1f6b7f3159013b402e1b0400258&t_id=037-20260122174627710B9646E4C8968A739B-Pdey7N&volcSecret=71caa1f6b7f3159013b402e1b0400258&volcTime=1769679988, From: subscribe, IPv_Type: ipv6, Location: 美国, ISP: , Date: None, Delay: -1 ms, Speed: 0.00 M/s, Resolution: None
Name: CCTV-13, URL: https://migu.188766.xyz/?migutoken=57405e8f0196834402f1f40bcd02ed36&id=CCTV13&type=yy, From: subscribe, IPv_Type: ipv6, Location: 美国, ISP: CloudFlare Inc., Date: None, Delay: -1 ms, Speed: 0.00 M/s, Resolution: None
Name: CCTV-13, URL: https://migu.188766.xyz/?migutoken=3bf275f1634e96807e5cabee9aac15ba&id=CCTV13&type=yy, From: subscribe, IPv_Type: ipv6, Location: 美国, ISP: CloudFlare Inc., Date: None, Delay: -1 ms, Speed: 0.00 M/s, Resolution: None
Name: CCTV-13, URL: https://cdn3.163189.xyz/163189/cctv13, From: subscribe, IPv_Type: ipv6, Location: 美国, ISP: CloudFlare Inc., Date: None, Delay: -1 ms, Speed: 0.00 M/s, Resolution: None
Name: CCTV-13, URL: https://migu.188766.xyz/?migutoken=2c10834c0121da414a7df15adb9fe48d&id=CCTV13&type=yy, From: subscribe, IPv_Type: ipv6, Location: 美国, ISP: CloudFlare Inc., Date: None, Delay: -1 ms, Speed: 0.00 M/s, Resolution: None
Name: CCTV-13, URL: https://migu.188766.xyz/?migutoken=4225b478d2c32eca38f0c27ea83fe7e6&id=CCTV13&type=yy, From: subscribe, IPv_Type: ipv6, Location: 美国, ISP: CloudFlare Inc., Date: None, Delay: -1 ms, Speed: 0.00 M/s, Resolution: None
Name: CCTV-13, URL: https://migu.188766.xyz/?migutoken=6bba60d49fca53c520af93c8aa1fcaa5&id=CCTV13&type=yy, From: subscribe, IPv_Type: ipv6, Location: 美国, ISP: CloudFlare Inc., Date: None, Delay: -1 ms, Speed: 0.00 M/s, Resolution: None
Name: CCTV-13, URL: https://migu.188766.xyz/?migutoken=1ab63b63183ea8cea36b10488a74fb73&id=CCTV13&type=yy, From: subscribe, IPv_Type: ipv6, Location: 美国, ISP: CloudFlare Inc., Date: None, Delay: -1 ms, Speed: 0.00 M/s, Resolution: None
Name: CCTV-13, URL: https://migu.188766.xyz/?migutoken=ae7604c64c3343934808969cee3a3e9b&id=CCTV13&type=yy, From: subscribe, IPv_Type: ipv6, Location: 美国, ISP: CloudFlare Inc., Date: None, Delay: -1 ms, Speed: 0.00 M/s, Resolution: None
Name: CCTV-13, URL: https://live.catvod.com/live.php?id=cctv13, From: subscribe, IPv_Type: ipv6, Location: 美国, ISP: CloudFlare Inc., Date: None, Delay: -1 ms, Speed: 0.00 M/s, Resolution: None
Name: CCTV-13, URL: https://migu.188766.xyz/?migutoken=2a80d42cbef32988445e356feee4afc0&id=CCTV13&type=yy, From: subscribe, IPv_Type: ipv6, Location: 美国, ISP: CloudFlare Inc., Date: None, Delay: -1 ms, Speed: 0.00 M/s, Resolution: None
Name: CCTV-13, URL: https://t.freetv.fun/live/cctv13-21.m3u8, From: subscribe, IPv_Type: ipv6, Location: 美国, ISP: CloudFlare Inc., Date: None, Delay: -1 ms, Speed: 0.00 M/s, Resolution: None
Name: CCTV-13, URL: https://t.freetv.fun/live/cctv-13hd.m3u8, From: subscribe, IPv_Type: ipv6, Location: 美国, ISP: CloudFlare Inc., Date: None, Delay: -1 ms, Speed: 0.00 M/s, Resolution: None
Name: CCTV-13, URL: https://migu.188766.xyz/?migutoken=ac65f0bd8182101eb08f09eccefe758a&id=CCTV13&type=yy, From: subscribe, IPv_Type: ipv6, Location: 美国, ISP: CloudFlare Inc., Date: None, Delay: -1 ms, Speed: 0.00 M/s, Resolution: None
Name: CCTV-13, URL: http://pull-hs-f5.flive.douyincdn.com/media/stream-695180860228633260/index.m3u8?arch_hrchy=w1&exp_hrchy=w1&expire=1770511143&major_anchor_level=common&sign=63fb016b118c4937e8b60ea27af63bad&t_id=037-20260201083903A299DD9AEE9D6F5B6B7B-2iyXFq&volcSecret=63fb016b118c4937e8b60ea27af63bad&volcTime=1770511143, From: subscribe, IPv_Type: ipv6, Location: 美国, ISP: , Date: None, Delay: -1 ms, Speed: 0.00 M/s, Resolution: None
Name: CCTV-13, URL: http://pull-hs-f5.flive.douyincdn.com/media/stream-695199811564733100/index.m3u8?arch_hrchy=w1&exp_hrchy=w1&expire=1770511198&major_anchor_level=common&sign=a5f0064ed33415876c1d12fab10ca68e&t_id=037-202602010839576904EF192E278886357A-RENaqt&volcSecret=a5f0064ed33415876c1d12fab10ca68e&volcTime=1770511198, From: subscribe, IPv_Type: ipv6, Location: 美国, ISP: , Date: None, Delay: -1 ms, Speed: 0.00 M/s, Resolution: None
Name: CCTV-13, URL: https://migu.188766.xyz/?migutoken=6f29dfa23d45ae7961abbc9690c1a09a&id=CCTV13&type=yy, From: subscribe, IPv_Type: ipv6, Location: 美国, ISP: CloudFlare Inc., Date: None, Delay: -1 ms, Speed: 0.00 M/s, Resolution: None
Name: CCTV-13, URL: https://migu.188766.xyz/?migutoken=9ecbab15e499d725d701ec01f46f01cc&id=CCTV13&type=yy, From: subscribe, IPv_Type: ipv6, Location: 美国, ISP: CloudFlare Inc., Date: None, Delay: -1 ms, Speed: 0.00 M/s, Resolution: None
Name: CCTV-13, URL: https://migu.188766.xyz/?migutoken=15db55fb63d40b01ccfc506e0fc6b1a6&id=CCTV13&type=yy, From: subscribe, IPv_Type: ipv6, Location: 美国, ISP: CloudFlare Inc., Date: None, Delay: -1 ms, Speed: 0.00 M/s, Resolution: None
Name: CCTV-13, URL: http://pull-hs-f5.flive.douyincdn.com/media/stream-407007113483911852/index.m3u8?arch_hrchy=w1&exp_hrchy=w1&expire=1770688986&major_anchor_level=common&sign=3aa3e00186f440d0f921c12439d38954&t_id=037-2026020310030656F42D511ACACA4B7BDF-VfrmzQ&volcSecret=3aa3e00186f440d0f921c12439d38954&volcTime=1770688986, From: subscribe, IPv_Type: ipv6, Location: 美国, ISP: , Date: None, Delay: -1 ms, Speed: 0.00 M/s, Resolution: None
Name: CCTV-13, URL: https://migu.188766.xyz/?migutoken=419d055c5a5d1e314639f07a18e598c3&id=CCTV13&type=yy, From: subscribe, IPv_Type: ipv6, Location: 美国, ISP: CloudFlare Inc., Date: None, Delay: -1 ms, Speed: 0.00 M/s, Resolution: None
Name: CCTV-13, URL: https://migu.188766.xyz/?migutoken=7e3ca156e581532a53f6e1546af84216&id=CCTV13&type=yy, From: subscribe, IPv_Type: ipv6, Location: 美国, ISP: CloudFlare Inc., Date: None, Delay: -1 ms, Speed: 0.00 M/s, Resolution: None
Name: CCTV-13, URL: https://migu.188766.xyz/?migutoken=4406438cf385e4623a391169c917f3df&id=CCTV13&type=yy, From: subscribe, IPv_Type: ipv6, Location: 美国, ISP: CloudFlare Inc., Date: None, Delay: -1 ms, Speed: 0.00 M/s, Resolution: None
Name: CCTV-13, URL: http://pull-hs-f5.flive.douyincdn.com/media/stream-407007113483911852/index.m3u8?arch_hrchy=w1&exp_hrchy=w1&expire=1770944568&major_anchor_level=common&sign=2bcd85834b6459efdb57a00b172bda13&t_id=037-2026020609024770FB8605641590B21CF1-CxcTrj&volcSecret=2bcd85834b6459efdb57a00b172bda13&volcTime=1770944568, From: subscribe, IPv_Type: ipv6, Location: 美国, ISP: , Date: None, Delay: -1 ms, Speed: 0.00 M/s, Resolution: None
Name: CCTV-13, URL: https://migu.188766.xyz/?migutoken=f36b590b0c298b93fa378adcda63a37c&id=CCTV13&type=yy, From: subscribe, IPv_Type: ipv6, Location: 美国, ISP: CloudFlare Inc., Date: None, Delay: -1 ms, Speed: 0.00 M/s, Resolution: None
Name: CCTV-13, URL: https://migu.188766.xyz/?migutoken=29996fc4b864c25b497cd34d195f156e&id=CCTV13&type=yy, From: subscribe, IPv_Type: ipv6, Location: 美国, ISP: CloudFlare Inc., Date: None, Delay: -1 ms, Speed: 0.00 M/s, Resolution: None
Name: CCTV-13, URL: https://migu.188766.xyz/?migutoken=7443cb26c08f5a05664f4918eb266dd5&id=CCTV13&type=yy, From: subscribe, IPv_Type: ipv6, Location: 美国, ISP: CloudFlare Inc., Date: None, Delay: -1 ms, Speed: 0.00 M/s, Resolution: None
Name: CCTV-13, URL: https://migu.188766.xyz/?migutoken=678a70baf03074e9896231847a2beff1&id=CCTV13&type=yy, From: subscribe, IPv_Type: ipv6, Location: 美国, ISP: CloudFlare Inc., Date: None, Delay: -1 ms, Speed: 0.00 M/s, Resolution: None
Name: CCTV-13, URL: https://migu.188766.xyz/?migutoken=3e129bd099a8e377ee68899d0cb2f685&id=CCTV13&type=yy, From: subscribe, IPv_Type: ipv6, Location: 美国, ISP: CloudFlare Inc., Date: None, Delay: -1 ms, Speed: 0.00 M/s, Resolution: None
Name: CCTV-13, URL: https://migu.188766.xyz/?migutoken=d0cfebcbbd5e9e070094192c41d625f9&id=CCTV13&type=yy, From: subscribe, IPv_Type: ipv6, Location: 美国, ISP: CloudFlare Inc., Date: None, Delay: -1 ms, Speed: 0.00 M/s, Resolution: None
Name: CCTV-13, URL: https://migu.188766.xyz/?migutoken=c6e54964097300a1d8a1403bafd80811&id=CCTV13&type=yy, From: subscribe, IPv_Type: ipv6, Location: 美国, ISP: CloudFlare Inc., Date: None, Delay: -1 ms, Speed: 0.00 M/s, Resolution: None
Name: CCTV-13, URL: http://pull-hls-f11.douyincdn.com/media/stream-695306571565499052.m3u8?arch_hrchy=w1&exp_hrchy=w1&expire=1771549191&major_anchor_level=common&sign=63aedeb26c2ad0e08c696b215d55f9fa&t_id=037-2026021308595043BF4B99B05679FF056D-K8NBow, From: subscribe, IPv_Type: ipv6, Location: 中国, ISP: 中国联通, Date: None, Delay: -1 ms, Speed: 0.00 M/s, Resolution: None
Name: CCTV-13, URL: https://migu.188766.xyz/?migutoken=f94dbed5e18404e9f7541ca4974e6de3&id=CCTV13&type=yy, From: subscribe, IPv_Type: ipv6, Location: 美国, ISP: CloudFlare Inc., Date: None, Delay: -1 ms, Speed: 0.00 M/s, Resolution: None
Name: CCTV-13, URL: https://migu.188766.xyz/?migutoken=5ad5e122f748ca871f66c4c75c4ca6b7&id=CCTV13&type=yy, From: subscribe, IPv_Type: ipv6, Location: 美国, ISP: CloudFlare Inc., Date: None, Delay: -1 ms, Speed: 0.00 M/s, Resolution: None
Name: CCTV-13, URL: http://mgsp-zy2.live.miguvideo.com:8088/envivo_x/2018/SD/cctv13/2000/index.m3u8?msisdn=e55e9ee71b42d2d7008a152c069625e3&mdspid=&spid=699004&netType=0&sid=2202208864&pid=2028597139&timestamp=20260216080221&Channel_ID=0116_2600034600-99000-201600010010028&ProgramID=608807423&ParentNodeID=-99&assertID=2202208864&client_ip=218.28.233.106&SecurityKey=20260216080221&promotionId=&mvid=2202208864&mcid=500020&playurlVersion=WX-A1-9.2.1-RELEASE&userid=&jmhm=&videocodec=h264&appCode=miguvideo_android&bean=mgspad&tid=android&conFee=0&encrypt=f0c913985829707b7db79db3522bffe1&sv=10004&ct=android, From: subscribe, IPv_Type: ipv6, Location: 中国, ISP: 中国电信, Date: None, Delay: -1 ms, Speed: 0.00 M/s, Resolution: None
Name: CCTV-13, URL: https://migu.188766.xyz/?migutoken=efaba758aa406254955e6c306a3ce949&id=CCTV13&type=yy, From: subscribe, IPv_Type: ipv6, Location: 美国, ISP: CloudFlare Inc., Date: None, Delay: -1 ms, Speed: 0.00 M/s, Resolution: None
Name: CCTV-13, URL: http://mgsp-zy2.live.miguvideo.com:8088/envivo_x/2018/SD/cctv13/2000/index.m3u8?msisdn=e55e9ee71b42d2d7008a152c069625e3&mdspid=&spid=699004&netType=0&sid=2202208864&pid=2028597139&timestamp=20260217084015&Channel_ID=0116_2600034600-99000-201600010010028&ProgramID=608807423&ParentNodeID=-99&assertID=2202208864&client_ip=218.28.233.106&SecurityKey=20260217084015&promotionId=&mvid=2202208864&mcid=500020&playurlVersion=WX-A1-9.2.1-RELEASE&userid=&jmhm=&videocodec=h264&appCode=miguvideo_android&bean=mgspad&tid=android&conFee=0&encrypt=5853964474755961527fbc41a47ead11&sv=10004&ct=android, From: subscribe, IPv_Type: ipv6, Location: 中国, ISP: 中国电信, Date: None, Delay: -1 ms, Speed: 0.00 M/s, Resolution: None
Name: CCTV-13, URL: https://migu.188766.xyz/?migutoken=dfa446c41e6094d412ae5202d1886a4c&id=CCTV13&type=yy, From: subscribe, IPv_Type: ipv6, Location: 美国, ISP: CloudFlare Inc., Date: None, Delay: -1 ms, Speed: 0.00 M/s, Resolution: None
Name: CCTV-14, URL: https://event.pull.hebtv.com/jishi/cp2.m3u8#rtsp://103.251.96.71/PLTV/88888888/224/3221225783/10000100000000060000000000726027_0.smil?icpid=SSPID&amp;accounttype=1&amp;limitflux=-1&amp;limitdur=-1&amp;accountinfo=:20240213104135, From: subscribe, IPv_Type: ipv6, Location: 中国, ISP: 中国电信, Date: None, Delay: -1 ms, Speed: 0.00 M/s, Resolution: None
Name: CCTV-14, URL: http://php.jdshipin.com/TVOD/hljyd.php?id=3221225732, From: subscribe, IPv_Type: ipv6, Location: 美国, ISP: CloudFlare Inc., Date: None, Delay: 0.1 ms, Speed: inf M/s, Resolution: 1920x1080
Name: CCTV-14, URL: http://iptv.huuc.edu.cn/hls/cctv14hd.m3u8, From: subscribe, IPv_Type: ipv6, Location: 中国, ISP: 教育网, Date: None, Delay: 0.1 ms, Speed: inf M/s, Resolution: 1920x1080
Name: CCTV-14, URL: https://www.freetv.top/migu/624878440.m3u8?migutoken=239edad94ac0bbff14f123c7f8996ed7639110bd6cf64ec8ba8cf85842224956d452ec8b683385cb27f8a7685224a03e3aa4d914b8fe33249da9df699351b105c795452d03f2be0a1f1e39adb0, From: subscribe, IPv_Type: ipv6, Location: 美国-加利福尼亚州-圣克拉拉, ISP: DigitalOcean, Date: None, Delay: 0.1 ms, Speed: inf M/s, Resolution: 1920x1080
Name: CCTV-14, URL: http://[2409:8087:1a01:df::4077]/ottrrs.hl.chinamobile.com/PLTV/88888888/224/3221225732/index.m3u8, From: subscribe, IPv_Type: ipv6, Location: 中国, ISP: 中国移动, Date: None, Delay: -1 ms, Speed: 0.00 M/s, Resolution: None
Name: CCTV-14, URL: https://event.pull.hebtv.com/jishi/cp2.m3u8, From: subscribe, IPv_Type: ipv6, Location: 中国, ISP: 中国电信, Date: None, Delay: 0.1 ms, Speed: inf M/s, Resolution: 1920x1080
Name: CCTV-14, URL: https://smart.pendy.dpdns.org/Smart.php?id=cctv14, From: subscribe, IPv_Type: ipv6, Location: 美国, ISP: CloudFlare Inc., Date: None, Delay: 0.1 ms, Speed: inf M/s, Resolution: 1920x1080
Name: CCTV-14, URL: http://[2409:8087:1a01:df::4077]:80/ottrrs.hl.chinamobile.com/TVOD/88888888/224/3221225732/index.m3u8, From: subscribe, IPv_Type: ipv6, Location: 中国, ISP: 中国移动, Date: None, Delay: -1 ms, Speed: 0.00 M/s, Resolution: None
Name: CCTV-14, URL: http://[2409:8087:1a01:df::4077]/ottrrs.hl.chinamobile.com/PLTV/88888888/8/3221225732/index.m3u8, From: subscribe, IPv_Type: ipv6, Location: 中国, ISP: 中国移动, Date: None, Delay: 0.1 ms, Speed: inf M/s, Resolution: 1920x1080
Name: CCTV-14, URL: http://[2409:8087:1a01:df::4077]:80/ottrrs.hl.chinamobile.com/PLTV/88888888/8/3221225732/index.m3u8, From: subscribe, IPv_Type: ipv6, Location: 中国, ISP: 中国移动, Date: None, Delay: 0.1 ms, Speed: inf M/s, Resolution: 1920x1080
Name: CCTV-14, URL: http://[2409:8087:1a01:df::4077]/ottrrs.hl.chinamobile.com/yinhe/88888888/224/3221225732/index.m3u8, From: subscribe, IPv_Type: ipv6, Location: 中国, ISP: 中国移动, Date: None, Delay: 0.1 ms, Speed: inf M/s, Resolution: 1920x1080
Name: CCTV-14, URL: http://[2409:8087:8:21::18]:6610/otttv.bj.chinamobile.com/PLTV/88888888/224/3221226229/1.m3u8, From: subscribe, IPv_Type: ipv6, Location: 中国, ISP: 中国移动, Date: None, Delay: 0.1 ms, Speed: inf M/s, Resolution: 1920x1080
Name: CCTV-14, URL: http://[2409:8087:8:21::18]:6610/otttv.bj.chinamobile.com/PLTV/88888888/224/3221226445/1.m3u8, From: subscribe, IPv_Type: ipv6, Location: 中国, ISP: 中国移动, Date: None, Delay: 0.1 ms, Speed: inf M/s, Resolution: 1920x1080
Name: CCTV-14, URL: http://[2409:8087:1a0a:df::404b]/ottrrs.hl.chinamobile.com/TVOD/88888888/224/3221225732/index.m3u8, From: subscribe, IPv_Type: ipv6, Location: 中国, ISP: 中国移动, Date: None, Delay: 0.1 ms, Speed: inf M/s, Resolution: 1920x1080
Name: CCTV-14, URL: https://www.freetv.top/migu/624878440.m3u8?migutoken=db2a84fa1a47ccda35261252e35f997e2e7083da0db8369cf0612848c30e97efb2851cf91c1ca38b261647c5e104e3ee881d60d1da85f1e4748958fe7c4d93689021888fe45fbaa99a6e1e45b9, From: subscribe, IPv_Type: ipv6, Location: 美国-加利福尼亚州-圣克拉拉, ISP: DigitalOcean, Date: None, Delay: 0.1 ms, Speed: inf M/s, Resolution: 1920x1080
Name: CCTV-14, URL: https://www.freetv.top/migu/624878440.m3u8?migutoken=1474d252464d0262ca3f07582748f3768a437115cb98649a10031e0d5681b87d30e16a623c48240db30de9831a46b6ab6040cacaab434ac72fa9ed65ccd886c33c6aab036f78698de7be28c8db, From: subscribe, IPv_Type: ipv6, Location: 美国-加利福尼亚州-圣克拉拉, ISP: DigitalOcean, Date: None, Delay: 0.1 ms, Speed: inf M/s, Resolution: 1920x1080
Name: CCTV-14, URL: http://www.freetv.top/migu/624878440.m3u8?migutoken=303d044cf07163e1e2e8e4ecc8b6696ed836301cf573b626d3c00ec50cd362cc5e6a93afc2fd102cb883155554597d14eaa697edc9b0a30e56fc0115f81d8fbb8b87129e5bedad7d2173178f03, From: subscribe, IPv_Type: ipv6, Location: 美国-加利福尼亚州-圣克拉拉, ISP: DigitalOcean, Date: None, Delay: 0.1 ms, Speed: inf M/s, Resolution: 1920x1080
Name: CCTV-14, URL: https://www.freetv.top/migu/624878440.m3u8?migutoken=b1f130236741614ca1eaccd92217632731b3c3c0d831bbb7a25004e2ed6d8570b8de27efe2abc85d27a26651d421475c7d50ad99aa55c4aaf55222863fd9d0c80e6d6cf7b8ed52ec2e6cebdd95, From: subscribe, IPv_Type: ipv6, Location: 美国-加利福尼亚州-圣克拉拉, ISP: DigitalOcean, Date: None, Delay: 0.1 ms, Speed: inf M/s, Resolution: 1920x1080
Name: CCTV-14, URL: https://www.freetv.top/migu/624878440.m3u8?migutoken=eaad08d0bfccf8c4382ff1f2e3c2f769c6d62fb1cda8b24b779b43b56eec4ac7a432e4bef55fc474d155a75d510d7ffeb41877414dd28a33953b642091bb06529b0e6d5af63a21c4c707a84d57, From: subscribe, IPv_Type: ipv6, Location: 美国-加利福尼亚州-圣克拉拉, ISP: DigitalOcean, Date: None, Delay: 0.1 ms, Speed: inf M/s, Resolution: 1920x1080
Name: CCTV-14, URL: https://www.freetv.top/migu/624878440.m3u8?migutoken=56c7feb8cb5f347901196e85642fd684252562a371f8eff91130c55f05b146a75525b0ded5bbd67d992fd86e47f3af37a5b87c9830db36e765e2b022af03ae4f28d4016c2f1bc9a60bc14d57b3, From: subscribe, IPv_Type: ipv6, Location: 美国-加利福尼亚州-圣克拉拉, ISP: DigitalOcean, Date: None, Delay: 0.1 ms, Speed: inf M/s, Resolution: 1920x1080
Name: CCTV-14, URL: https://www.freetv.top/migu/624878440.m3u8?migutoken=e6bd15e024af167f2ca00052d9bcd67ea8fb97ef7fc460b66c53fe1a4e5ef960f22ccc6ea16b995648364a330058a0f552e989000e7e98adfafc3a0259bb475e8c905ce600deedcd97464ca17f, From: subscribe, IPv_Type: ipv6, Location: 美国-加利福尼亚州-圣克拉拉, ISP: DigitalOcean, Date: None, Delay: 0.1 ms, Speed: inf M/s, Resolution: 1920x1080
Name: CCTV-14, URL: https://www.freetv.top/migu/624878440.m3u8?migutoken=85e854e85508f09545d95114a17c9609e15d0861306d1ddf01f1bcbe68f219f42ea58ab68946b738d64e5ce4933ecf5e23d08385f008f3c5b8552da1a620dc66ffa5cd7fb95a830ab4db88db85, From: subscribe, IPv_Type: ipv6, Location: 美国-加利福尼亚州-圣克拉拉, ISP: DigitalOcean, Date: None, Delay: 0.1 ms, Speed: inf M/s, Resolution: 1920x1080
Name: CCTV-14, URL: https://www.freetv.top/migu/624878440.m3u8?migutoken=ab4798f1f14300df6bd82662693a13bca4221eb41a68c2446d4c5eb5698887e49f91f026694f31371bc190c16f9cd7e54c61f26e87d09df9aed2e3c5b4c31fa798e2b5f5ba65560ed48591f52a, From: subscribe, IPv_Type: ipv6, Location: 美国-加利福尼亚州-圣克拉拉, ISP: DigitalOcean, Date: None, Delay: 0.1 ms, Speed: inf M/s, Resolution: 1920x1080
Name: CCTV-14, URL: http://yc.myds.me:35455/gaoma/cctv14.m3u8, From: subscribe, IPv_Type: ipv6, Location: 中国, ISP: 中国电信, Date: None, Delay: 0.1 ms, Speed: inf M/s, Resolution: 1920x1080
Name: CCTV-14, URL: http://nas.suntao.online:35455/itv/1000000005000265013.m3u8?cdn=ystenlive, From: subscribe, IPv_Type: ipv6, Location: 中国, ISP: 中国联通, Date: None, Delay: 0.1 ms, Speed: inf M/s, Resolution: 1920x1080
Name: CCTV-14, URL: http://iptv.cdn.ha.chinamobile.com/PLTV/88888888/224/3221227173/index.m3u8, From: subscribe, IPv_Type: ipv6, Location: 中国, ISP: 中国移动, Date: None, Delay: 0.1 ms, Speed: inf M/s, Resolution: 1920x1080
Name: CCTV-14, URL: http://hwrr.jx.chinamobile.com:8080/PLTV/88888888/224/3221225640/index.m3u8, From: subscribe, IPv_Type: ipv6, Location: 中国, ISP: 中国移动, Date: None, Delay: 0.1 ms, Speed: inf M/s, Resolution: 1920x1080
Name: CCTV-14, URL: http://lu.wqwqwq.sbs/itv/1000000005000265013.m3u8?cdn=ystenlive, From: subscribe, IPv_Type: ipv6, Location: 美国, ISP: CloudFlare Inc., Date: None, Delay: 0.1 ms, Speed: inf M/s, Resolution: 1920x1080
Name: CCTV-14, URL: http://[2409:8087:5e01:34::23]:6610/ZTE_CMS/00000001000000060000000000000378/index.m3u8?IAS, From: subscribe, IPv_Type: ipv6, Location: 中国, ISP: 中国移动, Date: None, Delay: 0.1 ms, Speed: inf M/s, Resolution: 1920x1080
Name: CCTV-14, URL: http://[2409:8087:5e01:34::21]:6610/ZTE_CMS/00000001000000060000000000000378/index.m3u8?IAS, From: subscribe, IPv_Type: ipv6, Location: 中国, ISP: 中国移动, Date: None, Delay: 0.1 ms, Speed: inf M/s, Resolution: 1920x1080
Name: CCTV-14, URL: http://[2409:8087:5e01:34::20]:6610/ZTE_CMS/00000001000000060000000000000378/index.m3u8?IAS, From: subscribe, IPv_Type: ipv6, Location: 中国, ISP: 中国移动, Date: None, Delay: 0.1 ms, Speed: inf M/s, Resolution: 1920x1080
Name: CCTV-14, URL: http://dbiptv.sn.chinamobile.com/PLTV/88888890/224/3221226193/index.m3u8, From: subscribe, IPv_Type: ipv6, Location: 中国, ISP: 中国移动, Date: None, Delay: 0.1 ms, Speed: inf M/s, Resolution: 1920x1080
Name: CCTV-14, URL: https://www.freetv.top/migu/624878440.m3u8?migutoken=a524f186491d617f073f70bc3705930111d4dc0b308c5ea99c6a15b2fdcccdef5d5852383ce8bf7fd55d318d6dfa7f77f8669f65e9f67c5379935ed909f12926cfb0fcd55a661fee398ebd61ad, From: subscribe, IPv_Type: ipv6, Location: 美国-加利福尼亚州-圣克拉拉, ISP: DigitalOcean, Date: None, Delay: 0.1 ms, Speed: inf M/s, Resolution: 1920x1080
Name: CCTV-14, URL: https://stream1.freetv.fun/cctv-14-shao-er-2.m3u8, From: subscribe, IPv_Type: ipv6, Location: 美国, ISP: CloudFlare Inc., Date: None, Delay: 0.1 ms, Speed: inf M/s, Resolution: 1920x1080
Name: CCTV-14, URL: http://zteres.sn.chinamobile.com:6060/000000001000/5000000004000006673/1.m3u8?channel-id=bestzb&Contentid=5000000004000006673&livemode=1&stbId=3, From: subscribe, IPv_Type: ipv6, Location: 中国, ISP: 中国移动, Date: None, Delay: 0.1 ms, Speed: inf M/s, Resolution: 1920x1080
Name: CCTV-14, URL: http://zteres.sn.chinamobile.com:6060/000000001000/5000000010000023358/1.m3u8?channel-id=bestzb&Contentid=5000000010000023358&livemode=1&stbId=3, From: subscribe, IPv_Type: ipv6, Location: 中国, ISP: 中国移动, Date: None, Delay: 0.1 ms, Speed: inf M/s, Resolution: 1920x1080
Name: CCTV-14, URL: http://[2409:8087:4c0a:22:1::11]:6410/170000001115/UmaiCHAN3949788BESTVSMGSMG/index.m3u8?AuthInfo=9kOOdBn7MFF%2F2bWjKgahUXt3TPFwzzdHCkOT9AjSv5PYKFve4MwNzRa0jPXeHjqnp7khdLaCMP6L4QpTf84Oz6DvCG1%2BJ81QvStkxO%2FoGm8, From: subscribe, IPv_Type: ipv6, Location: 中国, ISP: 中国移动, Date: None, Delay: 0.1 ms, Speed: inf M/s, Resolution: 1920x1080
Name: CCTV-14, URL: http://[2409:8087:5e01:34::38]:6610/ZTE_CMS/00000001000000060000000000000378/index.m3u8, From: subscribe, IPv_Type: ipv6, Location: 中国, ISP: 中国移动, Date: None, Delay: 0.1 ms, Speed: inf M/s, Resolution: 1920x1080
Name: CCTV-14, URL: http://[2409:8087:5e01:34::22]:6610/ZTE_CMS/00000001000000060000000000000378/index.m3u8?IAS, From: subscribe, IPv_Type: ipv6, Location: 中国, ISP: 中国移动, Date: None, Delay: 0.1 ms, Speed: inf M/s, Resolution: 1920x1080
Name: CCTV-14, URL: http://[2409:8087:74f0:22::4]:6410/270000001128/9900000511/index.m3u8, From: subscribe, IPv_Type: ipv6, Location: 中国, ISP: 中国移动, Date: None, Delay: 0.1 ms, Speed: inf M/s, Resolution: 1920x1080
Name: CCTV-14, URL: http://[2409:8087:1a01:df::7005]/ottrrs.hl.chinamobile.com/PLTV/88888888/224/3221226591/index.m3u8, From: subscribe, IPv_Type: ipv6, Location: 中国, ISP: 中国移动, Date: None, Delay: 0.1 ms, Speed: inf M/s, Resolution: 1920x1080
Name: CCTV-14, URL: http://[2409:8087:3869:8021:1001::e5]:6610/PLTV/88888910/224/3221225640/index.m3u8, From: subscribe, IPv_Type: ipv6, Location: 中国, ISP: 中国移动, Date: None, Delay: -1 ms, Speed: 0.00 M/s, Resolution: None
Name: CCTV-14, URL: http://[2409:8087:8:21::18]:6610/otttv.bj.chinamobile.com/PLTV/88888888/224/3221226947/1.m3u8, From: subscribe, IPv_Type: ipv6, Location: 中国, ISP: 中国移动, Date: None, Delay: -1 ms, Speed: 0.00 M/s, Resolution: None
Name: CCTV-14, URL: http://rrs01.hw.gmcc.net:8088/PLTV/81/224/3221226645/1.m3u8, From: subscribe, IPv_Type: ipv6, Location: 中国, ISP: 中国移动, Date: None, Delay: -1 ms, Speed: 0.00 M/s, Resolution: None
Name: CCTV-14, URL: http://[2409:8087:1a01:df::4033]:80/TVOD/88888888/224/3221226127/main.m3u8, From: subscribe, IPv_Type: ipv6, Location: 中国, ISP: 中国移动, Date: None, Delay: -1 ms, Speed: 0.00 M/s, Resolution: None
Name: CCTV-14, URL: https://hls-gateway.vpstv.net/streams/476900.m3u8, From: subscribe, IPv_Type: ipv6, Location: 美国, ISP: CloudFlare Inc., Date: None, Delay: -1 ms, Speed: 0.00 M/s, Resolution: None
Name: CCTV-14, URL: http://k.061899.xyz/m.php?id=cctv14, From: subscribe, IPv_Type: ipv6, Location: 新加坡, ISP: Aceville Pte.Ltd., Date: None, Delay: -1 ms, Speed: 0.00 M/s, Resolution: None
Name: CCTV-14, URL: http://[2409:8087:1a15:10d1::36]/ottrrs.hl.chinamobile.com/PLTV/88888888/224/3221226591/index.m3u8, From: subscribe, IPv_Type: ipv6, Location: 中国, ISP: 中国移动, Date: None, Delay: -1 ms, Speed: 0.00 M/s, Resolution: None
Name: CCTV-14, URL: http://[2409:8087:1a15:10d1::37]/ottrrs.hl.chinamobile.com/PLTV/88888888/224/3221226591/index.m3u8, From: subscribe, IPv_Type: ipv6, Location: 中国, ISP: 中国移动, Date: None, Delay: -1 ms, Speed: 0.00 M/s, Resolution: None
Name: CCTV-14, URL: http://[2409:8087:5e00:24::1e]:6060/200000001898/460000089800010207/1.m3u8, From: subscribe, IPv_Type: ipv6, Location: 中国, ISP: 中国移动, Date: None, Delay: -1 ms, Speed: 0.00 M/s, Resolution: None
Name: CCTV-14, URL: http://[2409:8087:5e08:25::16]:6610/200000001898/460000089800010207/1.m3u8, From: subscribe, IPv_Type: ipv6, Location: 中国, ISP: 中国移动, Date: None, Delay: -1 ms, Speed: 0.00 M/s, Resolution: None
Name: CCTV-14, URL: https://migu.188766.xyz/?migutoken=dd2200c51353378e90881f228861aba7&id=CCTV14&pp=1, From: subscribe, IPv_Type: ipv6, Location: 美国, ISP: CloudFlare Inc., Date: None, Delay: -1 ms, Speed: 0.00 M/s, Resolution: None
Name: CCTV-14, URL: https://cc06.tv12.xyz/15.m3u8, From: subscribe, IPv_Type: ipv6, Location: 美国, ISP: CloudFlare Inc., Date: None, Delay: -1 ms, Speed: 0.00 M/s, Resolution: None
Name: CCTV-14, URL: http://gslbmgsplive.miguvideo.com/wd_r2/2018/ocn/cctv14hd/2000/index.m3u8?msisdn=20250919080131f2f45050458e4184b42ff160a6b6e3f9&mdspid=&spid=699004&netType=0&sid=5500212875&pid=2028597139&timestamp=20250919080131&Channel_ID=0116_2600000900-99000-201600010010027&ProgramID=624878440&ParentNodeID=-99&assertID=5500212875&client_ip=106.13.250.88&SecurityKey=20250919080131&promotionId=&mvid=5100001697&mcid=500020&playurlVersion=WX-A1-8.9.1-RELEASE&userid=&jmhm=&videocodec=h264&bean=mgspad&tid=android&conFee=0&puData=900144cb15a91509c276909c6dd858cb&ddCalcu=b9c0e801514840d4dc6bc1950a99617520c9, From: subscribe, IPv_Type: ipv6, Location: 中国, ISP: 中国移动, Date: None, Delay: -1 ms, Speed: 0.00 M/s, Resolution: None
Name: CCTV-14, URL: https://jzb.wwkejishe.top/?id=592, From: subscribe, IPv_Type: ipv6, Location: 美国, ISP: CloudFlare Inc., Date: None, Delay: -1 ms, Speed: 0.00 M/s, Resolution: None
Name: CCTV-14, URL: https://migu.188766.xyz/?migutoken=65cca5f5c6b023896137e4ebb377a698&id=CCTV14&type=yy, From: subscribe, IPv_Type: ipv6, Location: 美国, ISP: CloudFlare Inc., Date: None, Delay: -1 ms, Speed: 0.00 M/s, Resolution: None
Name: CCTV-14, URL: https://event.pull.hebtv.com/jishi/cp2.m3u8#rtsp://103.251.96.71/PLTV/88888888/224/3221225783/10000100000000060000000000726027_0.smil?icpid=SSPID&accounttype=1&limitflux=-1&limitdur=-1&accountinfo=:20240213104135, From: subscribe, IPv_Type: ipv6, Location: 中国, ISP: 中国电信, Date: None, Delay: -1 ms, Speed: 0.00 M/s, Resolution: None
Name: CCTV-14, URL: https://live.chinacert.cftest5.cn/mg/?id=624878440, From: subscribe, IPv_Type: ipv6, Location: 中国, ISP: 中国移动, Date: None, Delay: -1 ms, Speed: 0.00 M/s, Resolution: None
Name: CCTV-14, URL: https://migu.188766.xyz/?migutoken=b19e3dee4c5edf8380239d0f8a4583f3&id=CCTV14&type=yy, From: subscribe, IPv_Type: ipv6, Location: 美国, ISP: CloudFlare Inc., Date: None, Delay: -1 ms, Speed: 0.00 M/s, Resolution: None
Name: CCTV-14, URL: https://iptv.catvod.com/live.php?id=CCTV-14%20%E5%B0%91%E5%84%BF, From: subscribe, IPv_Type: ipv6, Location: 美国, ISP: CloudFlare Inc., Date: None, Delay: -1 ms, Speed: 0.00 M/s, Resolution: None
Name: CCTV-14, URL: https://zby.130519.xyz/PLTV/11/224/3221226150/index.m3u8, From: subscribe, IPv_Type: ipv6, Location: 美国, ISP: CloudFlare Inc., Date: None, Delay: -1 ms, Speed: 0.00 M/s, Resolution: None
Name: CCTV-14, URL: http://[2409:8087:8:21::18]:6610/otttv.bj.chinamobile.com/PLTV/88888888/224/3221226947/1.m3u8?, From: subscribe, IPv_Type: ipv6, Location: 中国, ISP: 中国移动, Date: None, Delay: -1 ms, Speed: 0.00 M/s, Resolution: None
Name: CCTV-14, URL: https://migu.188766.xyz/?migutoken=c88d2ce5cb3270f270f6d014d9bf78cb&id=CCTV14&type=yy, From: subscribe, IPv_Type: ipv6, Location: 美国, ISP: CloudFlare Inc., Date: None, Delay: -1 ms, Speed: 0.00 M/s, Resolution: None
Name: CCTV-14, URL: https://migu.188766.xyz/?migutoken=b98e17c7834aede460ebed2c761676fe&id=CCTV14&type=yy, From: subscribe, IPv_Type: ipv6, Location: 美国, ISP: CloudFlare Inc., Date: None, Delay: -1 ms, Speed: 0.00 M/s, Resolution: None
Name: CCTV-14, URL: https://migu.188766.xyz/?migutoken=5c65c1488a74d8a92279d06c22424423&id=CCTV14&type=yy, From: subscribe, IPv_Type: ipv6, Location: 美国, ISP: CloudFlare Inc., Date: None, Delay: -1 ms, Speed: 0.00 M/s, Resolution: None
Name: CCTV-14, URL: https://migu.188766.xyz/?migutoken=9cbb28757039301b402f72a8696df839&id=CCTV14&type=yy, From: subscribe, IPv_Type: ipv6, Location: 美国, ISP: CloudFlare Inc., Date: None, Delay: -1 ms, Speed: 0.00 M/s, Resolution: None
Name: CCTV-14, URL: https://migu.188766.xyz/?migutoken=e35e2df9b73f0123bcc94fd30b138ec5&id=CCTV14&type=yy, From: subscribe, IPv_Type: ipv6, Location: 美国, ISP: CloudFlare Inc., Date: None, Delay: -1 ms, Speed: 0.00 M/s, Resolution: None
Name: CCTV-14, URL: https://migu.188766.xyz/?migutoken=ee969eb5689ec3570826b0fe2c7d8d18&id=CCTV14&type=yy, From: subscribe, IPv_Type: ipv6, Location: 美国, ISP: CloudFlare Inc., Date: None, Delay: -1 ms, Speed: 0.00 M/s, Resolution: None
Name: CCTV-14, URL: https://iptv.catvod.com/live.php?id=CCTV14, From: subscribe, IPv_Type: ipv6, Location: 美国, ISP: CloudFlare Inc., Date: None, Delay: -1 ms, Speed: 0.00 M/s, Resolution: None
Name: CCTV-14, URL: https://migu.188766.xyz/?migutoken=c41adae7259d3f02b7b761c4fbfb5488&id=CCTV14&type=yy, From: subscribe, IPv_Type: ipv6, Location: 美国, ISP: CloudFlare Inc., Date: None, Delay: -1 ms, Speed: 0.00 M/s, Resolution: None
Name: CCTV-14, URL: https://migu.188766.xyz/?migutoken=fcb21753ab3898bef532c813964a4636&id=CCTV14&type=yy, From: subscribe, IPv_Type: ipv6, Location: 美国, ISP: CloudFlare Inc., Date: None, Delay: -1 ms, Speed: 0.00 M/s, Resolution: None
Name: CCTV-14, URL: https://iptv.catvod.com/live.php?id=CCTV-14, From: subscribe, IPv_Type: ipv6, Location: 美国, ISP: CloudFlare Inc., Date: None, Delay: -1 ms, Speed: 0.00 M/s, Resolution: None
Name: CCTV-14, URL: https://migu.188766.xyz/?migutoken=ea062459e55707eb08e6abaa547400c0&id=CCTV14&type=yy, From: subscribe, IPv_Type: ipv6, Location: 美国, ISP: CloudFlare Inc., Date: None, Delay: -1 ms, Speed: 0.00 M/s, Resolution: None
Name: CCTV-14, URL: https://migu.188766.xyz/?migutoken=2871dd441df97bc607ea399c503fd2e9&id=CCTV14&type=yy, From: subscribe, IPv_Type: ipv6, Location: 美国, ISP: CloudFlare Inc., Date: None, Delay: -1 ms, Speed: 0.00 M/s, Resolution: None
Name: CCTV-14, URL: https://migu.188766.xyz/?migutoken=118f6bbcbddecc9546c727ef64bc6af4&id=CCTV14&type=yy, From: subscribe, IPv_Type: ipv6, Location: 美国, ISP: CloudFlare Inc., Date: None, Delay: -1 ms, Speed: 0.00 M/s, Resolution: None
Name: CCTV-14, URL: https://migu.188766.xyz/?migutoken=637903f187fca75e38c5778ccec3f1b5&id=CCTV14&type=yy, From: subscribe, IPv_Type: ipv6, Location: 美国, ISP: CloudFlare Inc., Date: None, Delay: -1 ms, Speed: 0.00 M/s, Resolution: None
Name: CCTV-14, URL: http://gslbmgsplive.miguvideo.com/wd_r2/2018/ocn/cctv14hd/1000/index.m3u8?msisdn=202512120802201267dca05f824928ae0d32fbf10e528b&mdspid=&spid=699004&netType=0&sid=5500212875&pid=2028597139&timestamp=20251212080220&Channel_ID=0116_2600037000-99000-200300220100002&ProgramID=624878440&ParentNodeID=-99&assertID=5500212875&client_ip=218.28.233.106&SecurityKey=20251212080220&promotionId=&mvid=5100001697&mcid=500020&playurlVersion=ZQ-A1-8.12.1-RELEASE&userid=&jmhm=&videocodec=h264&appCode=miguvideo_android&bean=mgspad&tid=android&conFee=0&puData=c2e22635d4f5b460927fcbfee8e31161&ddCalcu=1c62v1ea12y32ae683e5edf4bfc5fb742690&sv=10004&ct=android, From: subscribe, IPv_Type: ipv6, Location: 中国, ISP: 中国移动, Date: None, Delay: -1 ms, Speed: 0.00 M/s, Resolution: None
Name: CCTV-14, URL: https://migu.188766.xyz/?migutoken=86ca55a21b1649a1edda8d6ada0c69a7&id=CCTV14&type=yy, From: subscribe, IPv_Type: ipv6, Location: 美国, ISP: CloudFlare Inc., Date: None, Delay: -1 ms, Speed: 0.00 M/s, Resolution: None
Name: CCTV-14, URL: https://migu.188766.xyz/?migutoken=92dc0aa97c285fc3c3b84d4c80ef2488&id=CCTV14&type=yy, From: subscribe, IPv_Type: ipv6, Location: 美国, ISP: CloudFlare Inc., Date: None, Delay: -1 ms, Speed: 0.00 M/s, Resolution: None
Name: CCTV-14, URL: https://migu.188766.xyz/?migutoken=b91e1cc101225e26eb314c6ff4eb5095&id=CCTV14&type=yy, From: subscribe, IPv_Type: ipv6, Location: 美国, ISP: CloudFlare Inc., Date: None, Delay: -1 ms, Speed: 0.00 M/s, Resolution: None
Name: CCTV-14, URL: https://migu.188766.xyz/?migutoken=2e71209b49174f305d90107d189c0477&id=CCTV14&type=yy, From: subscribe, IPv_Type: ipv6, Location: 美国, ISP: CloudFlare Inc., Date: None, Delay: -1 ms, Speed: 0.00 M/s, Resolution: None
Name: CCTV-14, URL: https://migu.188766.xyz/?migutoken=f94b8d46128b6fb3042d589549b66527&id=CCTV14&type=yy, From: subscribe, IPv_Type: ipv6, Location: 美国, ISP: CloudFlare Inc., Date: None, Delay: -1 ms, Speed: 0.00 M/s, Resolution: None
Name: CCTV-14, URL: https://migu.188766.xyz/?migutoken=a042f94289114102202af1aaf62a992f&id=CCTV14&type=yy, From: subscribe, IPv_Type: ipv6, Location: 美国, ISP: CloudFlare Inc., Date: None, Delay: -1 ms, Speed: 0.00 M/s, Resolution: None
Name: CCTV-14, URL: https://migu.188766.xyz/?migutoken=5e1143889ec7dc7004842a3646932198&id=CCTV14&type=yy, From: subscribe, IPv_Type: ipv6, Location: 美国, ISP: CloudFlare Inc., Date: None, Delay: -1 ms, Speed: 0.00 M/s, Resolution: None
Name: CCTV-14, URL: https://migu.188766.xyz/?migutoken=fce42c3e6f189bf629c1e7cab35c3cc8&id=CCTV14&type=yy, From: subscribe, IPv_Type: ipv6, Location: 美国, ISP: CloudFlare Inc., Date: None, Delay: -1 ms, Speed: 0.00 M/s, Resolution: None
Name: CCTV-14, URL: https://migu.188766.xyz/?migutoken=50974510782e7fdf740936e92c9aa3c8&id=CCTV14&type=yy, From: subscribe, IPv_Type: ipv6, Location: 美国, ISP: CloudFlare Inc., Date: None, Delay: -1 ms, Speed: 0.00 M/s, Resolution: None
Name: CCTV-14, URL: https://migu.188766.xyz/?migutoken=d1bc1e22735dd4b79a6e0fd03b67264a&id=CCTV14&type=yy, From: subscribe, IPv_Type: ipv6, Location: 美国, ISP: CloudFlare Inc., Date: None, Delay: -1 ms, Speed: 0.00 M/s, Resolution: None
Name: CCTV-14, URL: https://migu.188766.xyz/?migutoken=658aa9e57964b1f77f8635e0ec61675c&id=CCTV14&type=yy, From: subscribe, IPv_Type: ipv6, Location: 美国, ISP: CloudFlare Inc., Date: None, Delay: -1 ms, Speed: 0.00 M/s, Resolution: None
Name: CCTV-14, URL: https://migu.188766.xyz/?migutoken=2e247275f806f24ec5b9338d760d64db&id=CCTV14&type=yy, From: subscribe, IPv_Type: ipv6, Location: 美国, ISP: CloudFlare Inc., Date: None, Delay: -1 ms, Speed: 0.00 M/s, Resolution: None
Name: CCTV-14, URL: https://migu.188766.xyz/?migutoken=2ca05c6d7e2bb2aef5296e3542debda9&id=CCTV14&type=yy, From: subscribe, IPv_Type: ipv6, Location: 美国, ISP: CloudFlare Inc., Date: None, Delay: -1 ms, Speed: 0.00 M/s, Resolution: None
Name: CCTV-14, URL: https://migu.188766.xyz/?migutoken=18aa14dc332fb93b1e1b95ac0776fe1b&id=CCTV14&type=yy, From: subscribe, IPv_Type: ipv6, Location: 美国, ISP: CloudFlare Inc., Date: None, Delay: -1 ms, Speed: 0.00 M/s, Resolution: None
Name: CCTV-14, URL: https://migu.188766.xyz/?migutoken=01930823e3f557c9544dbcd09338d76e&id=CCTV14&type=yy, From: subscribe, IPv_Type: ipv6, Location: 美国, ISP: CloudFlare Inc., Date: None, Delay: -1 ms, Speed: 0.00 M/s, Resolution: None
Name: CCTV-14, URL: https://migu.188766.xyz/?migutoken=b85c9df656dfa0c42de0f1cae6594fc6&id=CCTV14&type=yy, From: subscribe, IPv_Type: ipv6, Location: 美国, ISP: CloudFlare Inc., Date: None, Delay: -1 ms, Speed: 0.00 M/s, Resolution: None
Name: CCTV-14, URL: https://migu.188766.xyz/?migutoken=9ffa6cbd1f17932c3c9bbe5464125780&id=CCTV14&type=yy, From: subscribe, IPv_Type: ipv6, Location: 美国, ISP: CloudFlare Inc., Date: None, Delay: -1 ms, Speed: 0.00 M/s, Resolution: None
Name: CCTV-14, URL: https://migu.188766.xyz/?migutoken=5c0b003181e61d05631cba9a66982125&id=CCTV14&type=yy, From: subscribe, IPv_Type: ipv6, Location: 美国, ISP: CloudFlare Inc., Date: None, Delay: -1 ms, Speed: 0.00 M/s, Resolution: None
Name: CCTV-14, URL: https://migu.188766.xyz/?migutoken=11190fea39c4d916824dc79d77e71389&id=CCTV14&type=yy, From: subscribe, IPv_Type: ipv6, Location: 美国, ISP: CloudFlare Inc., Date: None, Delay: -1 ms, Speed: 0.00 M/s, Resolution: None
Name: CCTV-14, URL: https://migu.188766.xyz/?migutoken=3b8abf5d15a7d058ea1d5ffdbf99942d&id=CCTV14&type=yy, From: subscribe, IPv_Type: ipv6, Location: 美国, ISP: CloudFlare Inc., Date: None, Delay: -1 ms, Speed: 0.00 M/s, Resolution: None
Name: CCTV-14, URL: https://migu.188766.xyz/?migutoken=88418c9ab72ccc49db7c0e31d9bf2fdd&id=CCTV14&type=yy, From: subscribe, IPv_Type: ipv6, Location: 美国, ISP: CloudFlare Inc., Date: None, Delay: -1 ms, Speed: 0.00 M/s, Resolution: None
Name: CCTV-14, URL: https://migu.188766.xyz/?migutoken=bf5e78fb8b318768412395e3d22f30d8&id=CCTV14&type=yy, From: subscribe, IPv_Type: ipv6, Location: 美国, ISP: CloudFlare Inc., Date: None, Delay: -1 ms, Speed: 0.00 M/s, Resolution: None
Name: CCTV-14, URL: https://migu.188766.xyz/?migutoken=df0c714c4f071e2d0bfcfdf828d65920&id=CCTV14&type=yy, From: subscribe, IPv_Type: ipv6, Location: 美国, ISP: CloudFlare Inc., Date: None, Delay: -1 ms, Speed: 0.00 M/s, Resolution: None
Name: CCTV-14, URL: https://migu.188766.xyz/?migutoken=a275e5d929b971589907ada83dfe34a6&id=CCTV14&type=yy, From: subscribe, IPv_Type: ipv6, Location: 美国, ISP: CloudFlare Inc., Date: None, Delay: -1 ms, Speed: 0.00 M/s, Resolution: None
Name: CCTV-14, URL: https://migu.188766.xyz/?migutoken=865dc4d541d5470b49d54b86518639a8&id=CCTV14&type=yy, From: subscribe, IPv_Type: ipv6, Location: 美国, ISP: CloudFlare Inc., Date: None, Delay: -1 ms, Speed: 0.00 M/s, Resolution: None
Name: CCTV-14, URL: https://migu.188766.xyz/?migutoken=f768ab0853e2e30c08005794598b66f6&id=CCTV14&type=yy, From: subscribe, IPv_Type: ipv6, Location: 美国, ISP: CloudFlare Inc., Date: None, Delay: -1 ms, Speed: 0.00 M/s, Resolution: None
Name: CCTV-14, URL: https://migu.188766.xyz/?migutoken=66c1c133bc22a042755b4f0b35550b19&id=CCTV14&type=yy, From: subscribe, IPv_Type: ipv6, Location: 美国, ISP: CloudFlare Inc., Date: None, Delay: -1 ms, Speed: 0.00 M/s, Resolution: None
Name: CCTV-14, URL: https://migu.188766.xyz/?migutoken=94e1700bb2b5bfef303bb4fc55e59f6a&id=CCTV14&type=yy, From: subscribe, IPv_Type: ipv6, Location: 美国, ISP: CloudFlare Inc., Date: None, Delay: -1 ms, Speed: 0.00 M/s, Resolution: None
Name: CCTV-14, URL: https://migu.188766.xyz/?migutoken=07a5fc1f569751a58cc271b3709ee058&id=CCTV14&type=yy, From: subscribe, IPv_Type: ipv6, Location: 美国, ISP: CloudFlare Inc., Date: None, Delay: -1 ms, Speed: 0.00 M/s, Resolution: None
Name: CCTV-14, URL: https://migu.188766.xyz/?migutoken=4c8290e0f970f4d69fd5a7e50ea7005e&id=CCTV14&type=yy, From: subscribe, IPv_Type: ipv6, Location: 美国, ISP: CloudFlare Inc., Date: None, Delay: -1 ms, Speed: 0.00 M/s, Resolution: None
Name: CCTV-14, URL: https://migu.188766.xyz/?migutoken=0ff9ec8dbfaa64a7b28ed31892ca0da4&id=CCTV14&type=yy, From: subscribe, IPv_Type: ipv6, Location: 美国, ISP: CloudFlare Inc., Date: None, Delay: -1 ms, Speed: 0.00 M/s, Resolution: None
Name: CCTV-14, URL: https://migu.188766.xyz/?migutoken=51146b3588de5f5b5441bc3169d57ca4&id=CCTV14&type=yy, From: subscribe, IPv_Type: ipv6, Location: 美国, ISP: CloudFlare Inc., Date: None, Delay: -1 ms, Speed: 0.00 M/s, Resolution: None
Name: CCTV-14, URL: https://migu.188766.xyz/?migutoken=a88bf3d8cf2e84df6de1a9794820427e&id=CCTV14&type=yy, From: subscribe, IPv_Type: ipv6, Location: 美国, ISP: CloudFlare Inc., Date: None, Delay: -1 ms, Speed: 0.00 M/s, Resolution: None
Name: CCTV-14, URL: https://migu.188766.xyz/?migutoken=a88c4a7f0ab1ef6fc77695ba6364e19a&id=CCTV14&type=yy, From: subscribe, IPv_Type: ipv6, Location: 美国, ISP: CloudFlare Inc., Date: None, Delay: -1 ms, Speed: 0.00 M/s, Resolution: None
Name: CCTV-14, URL: https://migu.188766.xyz/?migutoken=79ebd3c277bc0c8c8bdfd84ac0c031eb&id=CCTV14&type=yy, From: subscribe, IPv_Type: ipv6, Location: 美国, ISP: CloudFlare Inc., Date: None, Delay: -1 ms, Speed: 0.00 M/s, Resolution: None
Name: CCTV-14, URL: https://migu.188766.xyz/?migutoken=925835d0c9f4f2df88822180b399a52c&id=CCTV14&type=yy, From: subscribe, IPv_Type: ipv6, Location: 美国, ISP: CloudFlare Inc., Date: None, Delay: -1 ms, Speed: 0.00 M/s, Resolution: None
Name: CCTV-14, URL: https://migu.188766.xyz/?migutoken=59ed9de2c1449d13066e0b7f30126126&id=CCTV14&type=yy, From: subscribe, IPv_Type: ipv6, Location: 美国, ISP: CloudFlare Inc., Date: None, Delay: -1 ms, Speed: 0.00 M/s, Resolution: None
Name: CCTV-14, URL: https://migu.188766.xyz/?migutoken=f3edf51d13fca07f863536c521234a23&id=CCTV14&type=yy, From: subscribe, IPv_Type: ipv6, Location: 美国, ISP: CloudFlare Inc., Date: None, Delay: -1 ms, Speed: 0.00 M/s, Resolution: None
Name: CCTV-14, URL: https://migu.188766.xyz/?migutoken=fc229a2a2a098d4672407c55be8f99a5&id=CCTV14&type=yy, From: subscribe, IPv_Type: ipv6, Location: 美国, ISP: CloudFlare Inc., Date: None, Delay: -1 ms, Speed: 0.00 M/s, Resolution: None
Name: CCTV-14, URL: https://migu.188766.xyz/?migutoken=26f2ab9673cefb4e2fecff486a64321d&id=CCTV14&type=yy, From: subscribe, IPv_Type: ipv6, Location: 美国, ISP: CloudFlare Inc., Date: None, Delay: -1 ms, Speed: 0.00 M/s, Resolution: None
Name: CCTV-14, URL: https://migu.188766.xyz/?migutoken=5ec530e75fb2b35588a070e4726684a3&id=CCTV14&type=yy, From: subscribe, IPv_Type: ipv6, Location: 美国, ISP: CloudFlare Inc., Date: None, Delay: -1 ms, Speed: 0.00 M/s, Resolution: None
Name: CCTV-14, URL: https://migu.188766.xyz/?migutoken=7668c5e462675ab1cf9b81ce59c0a6d9&id=CCTV14&type=yy, From: subscribe, IPv_Type: ipv6, Location: 美国, ISP: CloudFlare Inc., Date: None, Delay: -1 ms, Speed: 0.00 M/s, Resolution: None
Name: CCTV-14, URL: https://migu.188766.xyz/?migutoken=a73010ac9791102dced9be5c84da927a&id=CCTV14&type=yy, From: subscribe, IPv_Type: ipv6, Location: 美国, ISP: CloudFlare Inc., Date: None, Delay: -1 ms, Speed: 0.00 M/s, Resolution: None
Name: CCTV-14, URL: https://migu.188766.xyz/?migutoken=8f6f9ec7b9db2a3c63bb7b26171fc2b3&id=CCTV14&type=yy, From: subscribe, IPv_Type: ipv6, Location: 美国, ISP: CloudFlare Inc., Date: None, Delay: -1 ms, Speed: 0.00 M/s, Resolution: None
Name: CCTV-14, URL: https://migu.188766.xyz/?migutoken=6cfc0c11cba42e21ba2da1adb38dda21&id=CCTV14&type=yy, From: subscribe, IPv_Type: ipv6, Location: 美国, ISP: CloudFlare Inc., Date: None, Delay: -1 ms, Speed: 0.00 M/s, Resolution: None
Name: CCTV-14, URL: https://migu.188766.xyz/?migutoken=27ef78531ee7c89678ae81b4efaefbf3&id=CCTV14&type=yy, From: subscribe, IPv_Type: ipv6, Location: 美国, ISP: CloudFlare Inc., Date: None, Delay: -1 ms, Speed: 0.00 M/s, Resolution: None
Name: CCTV-14, URL: https://migu.188766.xyz/?migutoken=6cb6eae5a269980bc797711d6d23dfed&id=CCTV14&type=yy, From: subscribe, IPv_Type: ipv6, Location: 美国, ISP: CloudFlare Inc., Date: None, Delay: -1 ms, Speed: 0.00 M/s, Resolution: None
Name: CCTV-14, URL: https://migu.188766.xyz/?migutoken=a952095dff11ffc28b10e9b514cfc4cc&id=CCTV14&type=yy, From: subscribe, IPv_Type: ipv6, Location: 美国, ISP: CloudFlare Inc., Date: None, Delay: -1 ms, Speed: 0.00 M/s, Resolution: None
Name: CCTV-14, URL: https://migu.188766.xyz/?migutoken=52e80e9f48ad3ae0d4ee3547ca7f771c&id=CCTV14&type=yy, From: subscribe, IPv_Type: ipv6, Location: 美国, ISP: CloudFlare Inc., Date: None, Delay: -1 ms, Speed: 0.00 M/s, Resolution: None
Name: CCTV-14, URL: https://migu.188766.xyz/?migutoken=e3c12dc6216155dca32e3921f274fe8d&id=CCTV14&type=yy, From: subscribe, IPv_Type: ipv6, Location: 美国, ISP: CloudFlare Inc., Date: None, Delay: -1 ms, Speed: 0.00 M/s, Resolution: None
Name: CCTV-14, URL: https://t.freetv.fun/live/cctv14shao-er-1.php, From: subscribe, IPv_Type: ipv6, Location: 美国, ISP: CloudFlare Inc., Date: None, Delay: -1 ms, Speed: 0.00 M/s, Resolution: None
Name: CCTV-14, URL: https://migu.188766.xyz/?migutoken=56537887dffc33df2b5754c1cde2d7fd&id=CCTV14&type=yy, From: subscribe, IPv_Type: ipv6, Location: 美国, ISP: CloudFlare Inc., Date: None, Delay: -1 ms, Speed: 0.00 M/s, Resolution: None
Name: CCTV-14, URL: https://migu.188766.xyz/?migutoken=297eeb191f53b88204576a0273384b88&id=CCTV14&type=yy, From: subscribe, IPv_Type: ipv6, Location: 美国, ISP: CloudFlare Inc., Date: None, Delay: -1 ms, Speed: 0.00 M/s, Resolution: None
Name: CCTV-14, URL: https://migu.188766.xyz/?migutoken=ef8ca59d5923887b69da35485ba92397&id=CCTV14&type=yy, From: subscribe, IPv_Type: ipv6, Location: 美国, ISP: CloudFlare Inc., Date: None, Delay: -1 ms, Speed: 0.00 M/s, Resolution: None
Name: CCTV-14, URL: https://migu.188766.xyz/?migutoken=bb1c863eda27dc59aa309669d1c854af&id=CCTV14&type=yy, From: subscribe, IPv_Type: ipv6, Location: 美国, ISP: CloudFlare Inc., Date: None, Delay: -1 ms, Speed: 0.00 M/s, Resolution: None
Name: CCTV-14, URL: https://migu.188766.xyz/?migutoken=d45a2d6d93ae199afc5ce3f71fc12c62&id=CCTV14&type=yy, From: subscribe, IPv_Type: ipv6, Location: 美国, ISP: CloudFlare Inc., Date: None, Delay: -1 ms, Speed: 0.00 M/s, Resolution: None
Name: CCTV-14, URL: https://migu.188766.xyz/?migutoken=9c5a2013b021465d9b402e10df4b8cc6&id=CCTV14&type=yy, From: subscribe, IPv_Type: ipv6, Location: 美国, ISP: CloudFlare Inc., Date: None, Delay: -1 ms, Speed: 0.00 M/s, Resolution: None
Name: CCTV-14, URL: https://migu.188766.xyz/?migutoken=e4920f0d426fa8b1a23911093c34be20&id=CCTV14&type=yy, From: subscribe, IPv_Type: ipv6, Location: 美国, ISP: CloudFlare Inc., Date: None, Delay: -1 ms, Speed: 0.00 M/s, Resolution: None
Name: CCTV-14, URL: https://migu.188766.xyz/?migutoken=c77819fa9cb503c13087ae2fee5dc7c5&id=CCTV14&type=yy, From: subscribe, IPv_Type: ipv6, Location: 美国, ISP: CloudFlare Inc., Date: None, Delay: -1 ms, Speed: 0.00 M/s, Resolution: None
Name: CCTV-14, URL: https://migu.188766.xyz/?migutoken=6a0c6e20d791b90caeae06e2037f2fd1&id=CCTV14&type=yy, From: subscribe, IPv_Type: ipv6, Location: 美国, ISP: CloudFlare Inc., Date: None, Delay: -1 ms, Speed: 0.00 M/s, Resolution: None
Name: CCTV-14, URL: https://migu.188766.xyz/?migutoken=3b1c7d1ea741ae29dc73568fcb8d77ae&id=CCTV14&type=yy, From: subscribe, IPv_Type: ipv6, Location: 美国, ISP: CloudFlare Inc., Date: None, Delay: -1 ms, Speed: 0.00 M/s, Resolution: None
Name: CCTV-14, URL: https://migu.188766.xyz/?migutoken=f85c71c7eeaf9b4c4e13abb41244a578&id=CCTV14&type=yy, From: subscribe, IPv_Type: ipv6, Location: 美国, ISP: CloudFlare Inc., Date: None, Delay: -1 ms, Speed: 0.00 M/s, Resolution: None
Name: CCTV-14, URL: https://migu.188766.xyz/?migutoken=88502951023de0c607e28b0de14890fd&id=CCTV14&type=yy, From: subscribe, IPv_Type: ipv6, Location: 美国, ISP: CloudFlare Inc., Date: None, Delay: -1 ms, Speed: 0.00 M/s, Resolution: None
Name: CCTV-14, URL: https://migu.188766.xyz/?migutoken=df623e280052774123f5ef6c7c160489&id=CCTV14&type=yy, From: subscribe, IPv_Type: ipv6, Location: 美国, ISP: CloudFlare Inc., Date: None, Delay: -1 ms, Speed: 0.00 M/s, Resolution: None
Name: CCTV-14, URL: https://migu.188766.xyz/?migutoken=13c41d9936ac89f33a35198819842888&id=CCTV14&type=yy, From: subscribe, IPv_Type: ipv6, Location: 美国, ISP: CloudFlare Inc., Date: None, Delay: -1 ms, Speed: 0.00 M/s, Resolution: None
Name: CCTV-14, URL: https://migu.188766.xyz/?migutoken=92128f7d07b3905103a8f7661c48c546&id=CCTV14&type=yy, From: subscribe, IPv_Type: ipv6, Location: 美国, ISP: CloudFlare Inc., Date: None, Delay: -1 ms, Speed: 0.00 M/s, Resolution: None
Name: CCTV-14, URL: https://migu.188766.xyz/?migutoken=f54d744704250ccfa0492df05b84147c&id=CCTV14&type=yy, From: subscribe, IPv_Type: ipv6, Location: 美国, ISP: CloudFlare Inc., Date: None, Delay: -1 ms, Speed: 0.00 M/s, Resolution: None
Name: CCTV-14, URL: https://migu.188766.xyz/?migutoken=d69f8304a9b56700868159dbfafbf875&id=CCTV14&type=yy, From: subscribe, IPv_Type: ipv6, Location: 美国, ISP: CloudFlare Inc., Date: None, Delay: -1 ms, Speed: 0.00 M/s, Resolution: None
Name: CCTV-14, URL: https://migu.188766.xyz/?migutoken=4686568fb80e17a6dafda2e0900ab815&id=CCTV14&type=yy, From: subscribe, IPv_Type: ipv6, Location: 美国, ISP: CloudFlare Inc., Date: None, Delay: -1 ms, Speed: 0.00 M/s, Resolution: None
Name: CCTV-14, URL: https://t.freetv.fun/live/cctv14-8.m3u8, From: subscribe, IPv_Type: ipv6, Location: 美国, ISP: CloudFlare Inc., Date: None, Delay: -1 ms, Speed: 0.00 M/s, Resolution: None
Name: CCTV-14, URL: http://38.75.136.137:98/gslb/dsdqbv/cctv14hd.m3u8?auth=test20251009, From: subscribe, IPv_Type: ipv4, Location: 美国-伊利诺伊州-库克, ISP: Cogent, Date: None, Delay: 2985 ms, Speed: 1.75 M/s, Resolution: 1920x1080
Name: CCTV-15, URL: http://hwrr.jx.chinamobile.com:8080/PLTV/88888888/224/3221225641/index.m3u8, From: subscribe, IPv_Type: ipv6, Location: 中国, ISP: 中国移动, Date: None, Delay: 0.1 ms, Speed: inf M/s, Resolution: 1920x1080
Name: CCTV-15, URL: https://www.freetv.top/migu/673168223.m3u8?migutoken=4e8d5766579c6bef231494cabd07e5b49d965804790214280c9791e4c331fd90311cb62ea43d3a1899229bfa57be4afe5a567b32a6b78153fc9a9801e28a39435e078b48c211e71d6083519be4, From: subscribe, IPv_Type: ipv6, Location: 美国-加利福尼亚州-圣克拉拉, ISP: DigitalOcean, Date: None, Delay: 0.1 ms, Speed: inf M/s, Resolution: 1920x1080
Name: CCTV-15, URL: https://smart.pendy.dpdns.org/Smart.php?id=cctv15, From: subscribe, IPv_Type: ipv6, Location: 美国, ISP: CloudFlare Inc., Date: None, Delay: 0.1 ms, Speed: inf M/s, Resolution: 1920x1080
Name: CCTV-15, URL: http://[2409:8087:1a01:df::4033]:80/TVOD/88888888/224/3221226127/main.m3u8, From: subscribe, IPv_Type: ipv6, Location: 中国, ISP: 中国移动, Date: None, Delay: 0.1 ms, Speed: inf M/s, Resolution: 1920x1080
Name: CCTV-15, URL: http://[2409:8087:1a0a:df::404b]/ottrrs.hl.chinamobile.com/TVOD/88888888/224/3221225601/index.m3u8, From: subscribe, IPv_Type: ipv6, Location: 中国, ISP: 中国移动, Date: None, Delay: 0.1 ms, Speed: inf M/s, Resolution: 1920x1080
Name: CCTV-15, URL: http://[2409:8087:1a01:df::4077]/ottrrs.hl.chinamobile.com/PLTV/88888888/8/3221225601/index.m3u8, From: subscribe, IPv_Type: ipv6, Location: 中国, ISP: 中国移动, Date: None, Delay: 0.1 ms, Speed: inf M/s, Resolution: 1920x1080
Name: CCTV-15, URL: http://[2409:8087:8:21::18]:6610/otttv.bj.chinamobile.com/PLTV/88888888/224/3221226333/1.m3u8, From: subscribe, IPv_Type: ipv6, Location: 中国, ISP: 中国移动, Date: None, Delay: 0.1 ms, Speed: inf M/s, Resolution: 1920x1080
Name: CCTV-15, URL: http://[2409:8087:8:21::18]:6610/otttv.bj.chinamobile.com/PLTV/88888888/224/3221226444/1.m3u8, From: subscribe, IPv_Type: ipv6, Location: 中国, ISP: 中国移动, Date: None, Delay: 0.1 ms, Speed: inf M/s, Resolution: 1920x1080
Name: CCTV-15, URL: http://iptv.cdn.ha.chinamobile.com/PLTV/88888888/224/3221227175/index.m3u8, From: subscribe, IPv_Type: ipv6, Location: 中国, ISP: 中国移动, Date: None, Delay: 0.1 ms, Speed: inf M/s, Resolution: 1920x1080
Name: CCTV-15, URL: http://[2409:8087:1a01:df::4077]/ottrrs.hl.chinamobile.com/PLTV/88888888/224/3221225601/index.m3u8, From: subscribe, IPv_Type: ipv6, Location: 中国, ISP: 中国移动, Date: None, Delay: -1 ms, Speed: 0.00 M/s, Resolution: None
Name: CCTV-15, URL: https://www.freetv.top/migu/673168223.m3u8?migutoken=405252f2e3e9d074b85a6b084bcc54894e3604d659e5fa911942b535a440184d991c0321451bca103d1a5bdc6ccf61193bdfbcc62bef28f759dd6e6d50ec34cda80794148cd2eac1ed6b17bc0d, From: subscribe, IPv_Type: ipv6, Location: 美国-加利福尼亚州-圣克拉拉, ISP: DigitalOcean, Date: None, Delay: 0.1 ms, Speed: inf M/s, Resolution: 1920x1080
Name: CCTV-15, URL: https://www.freetv.top/migu/673168223.m3u8?migutoken=d46236e1f679dad891142868b96821ba336ddefe3e4cddd4bd824a7fb0dcbbaba9234379f3c3e8769f05d127936a3a11f0963e0728476ac62f93a56a69dfed36453b0c3516a4ed541829283d46, From: subscribe, IPv_Type: ipv6, Location: 美国-加利福尼亚州-圣克拉拉, ISP: DigitalOcean, Date: None, Delay: 0.1 ms, Speed: inf M/s, Resolution: 1920x1080
Name: CCTV-15, URL: https://www.freetv.top/migu/673168223.m3u8?migutoken=ee38b8619145f920f3057bfbbc790828a4d51d67a79f52f79c1fa162a2a610b8e7199e0c05adcf877ec32f76cbcdfb12a9ff0cda28e8fcdce6ae41915cffa29d479c4d508f5dbea03e4826d203, From: subscribe, IPv_Type: ipv6, Location: 美国-加利福尼亚州-圣克拉拉, ISP: DigitalOcean, Date: None, Delay: 0.1 ms, Speed: inf M/s, Resolution: 1920x1080
Name: CCTV-15, URL: https://www.freetv.top/migu/673168223.m3u8?migutoken=50dc3ccc2d27d7a93259df8360e0b3d4440519a8a4f9c636cce2d1bab0ddd72f5ecd496a69a4292eca1015e4c44727f9a6ee935a536f0720d3b21bee7f1c53aab112b3ab2e6aeb9982837ab99a, From: subscribe, IPv_Type: ipv6, Location: 美国-加利福尼亚州-圣克拉拉, ISP: DigitalOcean, Date: None, Delay: 0.1 ms, Speed: inf M/s, Resolution: 1920x1080
Name: CCTV-15, URL: https://www.freetv.top/migu/673168223.m3u8?migutoken=da6d2f0a50c0d2ccf5830584134b017533f7cff9f8483f5d99db04942d1fb2e65f1ee80072875ff98602f2953980c392524de2229b370059832da0fcdc26f899851f1166d08673d4747acd9f8a, From: subscribe, IPv_Type: ipv6, Location: 美国-加利福尼亚州-圣克拉拉, ISP: DigitalOcean, Date: None, Delay: 0.1 ms, Speed: inf M/s, Resolution: 1920x1080
Name: CCTV-15, URL: http://yc.myds.me:35455/gaoma/cctv15.m3u8, From: subscribe, IPv_Type: ipv6, Location: 中国, ISP: 中国电信, Date: None, Delay: 0.1 ms, Speed: inf M/s, Resolution: 1920x1080
Name: CCTV-15, URL: https://stream1.freetv.fun/d8c678257099a8f24e3bb33a4f9059014ddf1de229ef366a1870f56c11b57c90.m3u8, From: subscribe, IPv_Type: ipv6, Location: 美国, ISP: CloudFlare Inc., Date: None, Delay: 0.1 ms, Speed: inf M/s, Resolution: 1920x1080
Name: CCTV-15, URL: https://stream1.freetv.fun/7a469fc9c2460ee4606dd25f46d797d9a4b1c87000b56107eb7d99ec9a093c1c.m3u8, From: subscribe, IPv_Type: ipv6, Location: 美国, ISP: CloudFlare Inc., Date: None, Delay: 0.1 ms, Speed: inf M/s, Resolution: 1920x1080
Name: CCTV-15, URL: https://stream1.freetv.fun/34f6b70a0267653f7b71226d2c587babf1f59bed3bf48b33f7c6fc8b98ee0afd.m3u8, From: subscribe, IPv_Type: ipv6, Location: 美国, ISP: CloudFlare Inc., Date: None, Delay: 0.1 ms, Speed: inf M/s, Resolution: 1920x1080
Name: CCTV-15, URL: https://stream1.freetv.fun/30df9bcbf1e18a973565cd2d06034f4b990ed08e51432dff8e73cab327b88ba8.m3u8, From: subscribe, IPv_Type: ipv6, Location: 美国, ISP: CloudFlare Inc., Date: None, Delay: 0.1 ms, Speed: inf M/s, Resolution: 1920x1080
Name: CCTV-15, URL: https://stream1.freetv.fun/73a759287d0886162dd6b7f71f9011eebf7849ffdc85ad172bb4285f3e4f419e.m3u8, From: subscribe, IPv_Type: ipv6, Location: 美国, ISP: CloudFlare Inc., Date: None, Delay: 0.1 ms, Speed: inf M/s, Resolution: 1920x1080
Name: CCTV-15, URL: https://stream1.freetv.fun/05c59142eeb716bb8448d69b52d02357573b651462d2c14b60cdfce47deb124e.m3u8, From: subscribe, IPv_Type: ipv6, Location: 美国, ISP: CloudFlare Inc., Date: None, Delay: 0.1 ms, Speed: inf M/s, Resolution: 1920x1080
Name: CCTV-15, URL: https://stream1.freetv.fun/4527ac01c644a80db2af750c7a198c3b78d5bcbbe60e5417521aee7d44442e97.m3u8, From: subscribe, IPv_Type: ipv6, Location: 美国, ISP: CloudFlare Inc., Date: None, Delay: 0.1 ms, Speed: inf M/s, Resolution: 1920x1080
Name: CCTV-15, URL: https://stream1.freetv.fun/e1fcc9c1398db0b514abbe6289dd1403355081cbc3a9d20d2a3e29b82e476db5.m3u8, From: subscribe, IPv_Type: ipv6, Location: 美国, ISP: CloudFlare Inc., Date: None, Delay: 0.1 ms, Speed: inf M/s, Resolution: 1920x1080
Name: CCTV-15, URL: https://stream1.freetv.fun/b6471612ff93f473cb2ee91c3ff6906679d13069d317af4fb516e0002bbd32bb.m3u8, From: subscribe, IPv_Type: ipv6, Location: 美国, ISP: CloudFlare Inc., Date: None, Delay: 0.1 ms, Speed: inf M/s, Resolution: 1920x1080
Name: CCTV-15, URL: https://stream1.freetv.fun/648b7be65cb664f74ece6bf06fd0da367985b0f334507540fdbc65728052feee.m3u8, From: subscribe, IPv_Type: ipv6, Location: 美国, ISP: CloudFlare Inc., Date: None, Delay: 0.1 ms, Speed: inf M/s, Resolution: 1920x1080
Name: CCTV-15, URL: https://stream1.freetv.fun/658ddc6e789ce16786ad546cf9f8be98fe107f282b045ab77998da6caf499a0d.m3u8, From: subscribe, IPv_Type: ipv6, Location: 美国, ISP: CloudFlare Inc., Date: None, Delay: 0.1 ms, Speed: inf M/s, Resolution: 1920x1080
Name: CCTV-15, URL: https://stream1.freetv.fun/4edeffb19d7ee2314ded08b16b8dc527b7014a56f24d6313ca69a2157d429b08.m3u8, From: subscribe, IPv_Type: ipv6, Location: 美国, ISP: CloudFlare Inc., Date: None, Delay: 0.1 ms, Speed: inf M/s, Resolution: 1920x1080
Name: CCTV-15, URL: https://stream1.freetv.fun/9468f468da387b3906c9bd04ab159a106300904620ddaea7f59915fe199cfcef.m3u8, From: subscribe, IPv_Type: ipv6, Location: 美国, ISP: CloudFlare Inc., Date: None, Delay: 0.1 ms, Speed: inf M/s, Resolution: 1920x1080
Name: CCTV-15, URL: https://stream1.freetv.fun/1fb9b8c68cdc4c18d756b5fb61316915d0e4de2daa80ffd61508ad252acd7a66.m3u8, From: subscribe, IPv_Type: ipv6, Location: 美国, ISP: CloudFlare Inc., Date: None, Delay: 0.1 ms, Speed: inf M/s, Resolution: 1920x1080
Name: CCTV-15, URL: https://stream1.freetv.fun/28ec8c575a461279bf71bed75bce89aa23f34a7a2e74252f3331446589be19ae.m3u8, From: subscribe, IPv_Type: ipv6, Location: 美国, ISP: CloudFlare Inc., Date: None, Delay: 0.1 ms, Speed: inf M/s, Resolution: 1920x1080
Name: CCTV-15, URL: https://stream1.freetv.fun/22af5d7dab8dd2e8ed48ebe1b0eea9814783aa03554f5aff41f4e3ac07adb8a4.m3u8, From: subscribe, IPv_Type: ipv6, Location: 美国, ISP: CloudFlare Inc., Date: None, Delay: 0.1 ms, Speed: inf M/s, Resolution: 1920x1080
Name: CCTV-15, URL: https://stream1.freetv.fun/6ed8fc384e8f939f9a548d6869b196cc89795d1239acd78e7cecf3876f60ea67.m3u8, From: subscribe, IPv_Type: ipv6, Location: 美国, ISP: CloudFlare Inc., Date: None, Delay: 0.1 ms, Speed: inf M/s, Resolution: 1920x1080
Name: CCTV-15, URL: https://stream1.freetv.fun/69daa798c45c1238c608e9adca741c5e6821b79090e5eaf871e9cf324adb7b11.m3u8, From: subscribe, IPv_Type: ipv6, Location: 美国, ISP: CloudFlare Inc., Date: None, Delay: 0.1 ms, Speed: inf M/s, Resolution: 1920x1080
Name: CCTV-15, URL: https://stream1.freetv.fun/b77d28e93a72e1987b7985d26fca84a6570c7c9d995e00ed7dfd78faba44c7a7.m3u8, From: subscribe, IPv_Type: ipv6, Location: 美国, ISP: CloudFlare Inc., Date: None, Delay: 0.1 ms, Speed: inf M/s, Resolution: 1920x1080
Name: CCTV-15, URL: https://stream1.freetv.fun/68e30c36f40d9c89b681379d0dc910f0e0fc80c838759dd5194422f946515f76.m3u8, From: subscribe, IPv_Type: ipv6, Location: 美国, ISP: CloudFlare Inc., Date: None, Delay: 0.1 ms, Speed: inf M/s, Resolution: 1920x1080
Name: CCTV-15, URL: https://stream1.freetv.fun/932e62bcafc868cc1eaff14be17c9daf412a1f5c2cd1b29b2d494bf07c6d5857.m3u8, From: subscribe, IPv_Type: ipv6, Location: 美国, ISP: CloudFlare Inc., Date: None, Delay: 0.1 ms, Speed: inf M/s, Resolution: 1920x1080
Name: CCTV-15, URL: https://stream1.freetv.fun/b17180549193f12c2104b05f75c124ca1702e96917aba74a23c8ac88fd7ea0df.m3u8, From: subscribe, IPv_Type: ipv6, Location: 美国, ISP: CloudFlare Inc., Date: None, Delay: 0.1 ms, Speed: inf M/s, Resolution: 1920x1080
Name: CCTV-15, URL: https://stream1.freetv.fun/01c9fb1d9f15e4e599c750e98b2eb7bbc166f9c5b13441d21172074e01d4ddd2.m3u8, From: subscribe, IPv_Type: ipv6, Location: 美国, ISP: CloudFlare Inc., Date: None, Delay: 0.1 ms, Speed: inf M/s, Resolution: 1920x1080
Name: CCTV-15, URL: https://stream1.freetv.fun/cb3c72e7254e40411c7136bafb32bd8e1b6f4739c265c52851cff323a6a22b77.m3u8, From: subscribe, IPv_Type: ipv6, Location: 美国, ISP: CloudFlare Inc., Date: None, Delay: 0.1 ms, Speed: inf M/s, Resolution: 1920x1080
Name: CCTV-15, URL: https://stream1.freetv.fun/cbe825bf5f80f456b334a01413e11a83d5e5815a60ab7ab9367b5749adb15d29.m3u8, From: subscribe, IPv_Type: ipv6, Location: 美国, ISP: CloudFlare Inc., Date: None, Delay: 0.1 ms, Speed: inf M/s, Resolution: 1920x1080
Name: CCTV-15, URL: https://stream1.freetv.fun/203af3c8b4c128e0b0bd06584a3ad928371b052d55b127f139aec8022043a791.m3u8, From: subscribe, IPv_Type: ipv6, Location: 美国, ISP: CloudFlare Inc., Date: None, Delay: 0.1 ms, Speed: inf M/s, Resolution: 1920x1080
Name: CCTV-15, URL: http://lu.wqwqwq.sbs/itv/1000000005000265014.m3u8?cdn=ystenlive, From: subscribe, IPv_Type: ipv6, Location: 美国, ISP: CloudFlare Inc., Date: None, Delay: 0.1 ms, Speed: inf M/s, Resolution: 1920x1080
Name: CCTV-15, URL: http://www.freetv.top/migu/673168223.m3u8?migutoken=81268e3d4f684bb5f7e3f9be9524d419c9c649ab0f8f8d3416c7e7535e0b219459b129f4be677a98cf66de546e2d7a78ebe50703d98eb67703adee341cd46d7d39c14bfc907da3a20534d07396, From: subscribe, IPv_Type: ipv6, Location: 美国-加利福尼亚州-圣克拉拉, ISP: DigitalOcean, Date: None, Delay: 0.1 ms, Speed: inf M/s, Resolution: 1920x1080
Name: CCTV-15, URL: http://[2409:8087:5e00:24::1e]:6060/200000001898/460000089800010094/1.m3u8, From: subscribe, IPv_Type: ipv6, Location: 中国, ISP: 中国移动, Date: None, Delay: 0.1 ms, Speed: inf M/s, Resolution: 1920x1080
Name: CCTV-15, URL: http://[2409:8087:5e01:34::20]:6610/ZTE_CMS/00000001000000060000000000000501/index.m3u8?IAS, From: subscribe, IPv_Type: ipv6, Location: 中国, ISP: 中国移动, Date: None, Delay: 0.1 ms, Speed: inf M/s, Resolution: 1920x1080
Name: CCTV-15, URL: http://dbiptv.sn.chinamobile.com/PLTV/88888890/224/3221225785/index.m3u8, From: subscribe, IPv_Type: ipv6, Location: 中国, ISP: 中国移动, Date: None, Delay: 0.1 ms, Speed: inf M/s, Resolution: 1920x1080
Name: CCTV-15, URL: https://stream1.freetv.fun/cb0830411664d3a45e05be072d306112a721a039769417366bdd74bf4ca41329.m3u8, From: subscribe, IPv_Type: ipv6, Location: 美国, ISP: CloudFlare Inc., Date: None, Delay: 0.1 ms, Speed: inf M/s, Resolution: 1920x1080
Name: CCTV-15, URL: https://stream1.freetv.fun/3cd5992c0bc678290fbfb3ea5c9e3ae07fde910fecbb9119dec4ef12ecd4a717.m3u8, From: subscribe, IPv_Type: ipv6, Location: 美国, ISP: CloudFlare Inc., Date: None, Delay: 0.1 ms, Speed: inf M/s, Resolution: 1920x1080
Name: CCTV-15, URL: https://stream1.freetv.fun/9350a599d0593a4eb692e9a5c26a4b0777dc9758db460b4e02a9ffa970765999.m3u8, From: subscribe, IPv_Type: ipv6, Location: 美国, ISP: CloudFlare Inc., Date: None, Delay: 0.1 ms, Speed: inf M/s, Resolution: 1920x1080
Name: CCTV-15, URL: https://www.freetv.top/migu/673168223.m3u8?migutoken=ad38294ea17b61fb4e3582dd4b38fe6903d520cf9c77df387069a12c1d35acd569d2a80ad10f3f759e3130a7cf82f39f4700e10050fa4438027fb9151be012733eede3d7a5db53a58345272ef8, From: subscribe, IPv_Type: ipv6, Location: 美国-加利福尼亚州-圣克拉拉, ISP: DigitalOcean, Date: None, Delay: 0.1 ms, Speed: inf M/s, Resolution: 1920x1080
Name: CCTV-15, URL: https://www.freetv.top/migu/673168223.m3u8?migutoken=b3f5f563a0e87a8d4215ce2f21de8c4ba355f6b7cecac5f686433bc2809f1a670c2454c39a4c60e3d446e610daf4c9bb26feea0ee07ed55a05d6b332b10381aa4ffb12bb3db425336f25a43987, From: subscribe, IPv_Type: ipv6, Location: 美国-加利福尼亚州-圣克拉拉, ISP: DigitalOcean, Date: None, Delay: 0.1 ms, Speed: inf M/s, Resolution: 1920x1080
Name: CCTV-15, URL: https://www.freetv.top/migu/673168223.m3u8?migutoken=f24124cb55ee7b2392bae373bd81ba8f267bc2ab7ff065b93c9b9e9674236b624bab04f3f6a2e4d12149cfe81b19760c763b8fba1369d0d4092281bada4eff6ba6d823c0c43e451911f5b20872, From: subscribe, IPv_Type: ipv6, Location: 美国-加利福尼亚州-圣克拉拉, ISP: DigitalOcean, Date: None, Delay: 0.1 ms, Speed: inf M/s, Resolution: 1920x1080
Name: CCTV-15, URL: https://www.freetv.top/migu/673168223.m3u8?migutoken=572b98a51e3730acfb3ef18bd9b51525172b58d008142744ba4de9bd208efb14a7f2e9b054ec49e26a6f8c1fb53afdf84b27a1ea201dc024921aaadf68dbb087c12dac0ace1184dd4cff79ea12, From: subscribe, IPv_Type: ipv6, Location: 美国-加利福尼亚州-圣克拉拉, ISP: DigitalOcean, Date: None, Delay: 0.1 ms, Speed: inf M/s, Resolution: 1920x1080
Name: CCTV-15, URL: https://www.freetv.top/migu/673168223.m3u8?migutoken=ecd60d6a580d9f4027ec08213b2a5beffae7f99e3e556123f72b08c8d0bedb77620cbbc5d72108ff458b15f605abc992ccdc991b35dd34802a57ca114b8f7875c9bce1ddfe5bd6775f12be875a, From: subscribe, IPv_Type: ipv6, Location: 美国-加利福尼亚州-圣克拉拉, ISP: DigitalOcean, Date: None, Delay: 0.1 ms, Speed: inf M/s, Resolution: 1920x1080
Name: CCTV-15, URL: http://zteres.sn.chinamobile.com:6060/000000001000/5000000011000031109/1.m3u8?channel-id=bestzb&Contentid=5000000011000031109&livemode=1&stbId=3, From: subscribe, IPv_Type: ipv6, Location: 中国, ISP: 中国移动, Date: None, Delay: 0.1 ms, Speed: inf M/s, Resolution: 1920x1080
Name: CCTV-15, URL: http://zteres.sn.chinamobile.com:6060/000000001000/5000000005000018417/1.m3u8?channel-id=bestzb&Contentid=5000000005000018417&livemode=1&stbId=3, From: subscribe, IPv_Type: ipv6, Location: 中国, ISP: 中国移动, Date: None, Delay: 0.1 ms, Speed: inf M/s, Resolution: 1920x1080
Name: CCTV-15, URL: http://[2409:8087:4c0a:22:1::11]:6410/170000001115/UmaiCHAN6000055BESTVSMGSMG/index.m3u8?AuthInfo=9kOOdBn7MFF%2F2bWjKgahUTWDyIgRkFJBAHMhA2ayG0Tdo%2FUL80msfbhDYvoWpNl31Dy7jHvMl%2FzVUrNxhL1ek1YEGVDZ7lCg0LtKJY4Ku%2B8, From: subscribe, IPv_Type: ipv6, Location: 中国, ISP: 中国移动, Date: None, Delay: 0.1 ms, Speed: inf M/s, Resolution: 1920x1080
Name: CCTV-15, URL: http://[2409:8087:5e01:34::38]:6610/ZTE_CMS/00000001000000060000000000000501/index.m3u8, From: subscribe, IPv_Type: ipv6, Location: 中国, ISP: 中国移动, Date: None, Delay: 0.1 ms, Speed: inf M/s, Resolution: 1920x1080
Name: CCTV-15, URL: http://[2409:8087:5e01:34::23]:6610/ZTE_CMS/00000001000000060000000000000501/index.m3u8?IAS, From: subscribe, IPv_Type: ipv6, Location: 中国, ISP: 中国移动, Date: None, Delay: 0.1 ms, Speed: inf M/s, Resolution: 1920x1080
Name: CCTV-15, URL: http://[2409:8087:5e01:34::21]:6610/ZTE_CMS/00000001000000060000000000000501/index.m3u8?IAS, From: subscribe, IPv_Type: ipv6, Location: 中国, ISP: 中国移动, Date: None, Delay: 0.1 ms, Speed: inf M/s, Resolution: 1920x1080
Name: CCTV-15, URL: http://[2409:8087:5e01:34::22]:6610/ZTE_CMS/00000001000000060000000000000501/index.m3u8?IAS, From: subscribe, IPv_Type: ipv6, Location: 中国, ISP: 中国移动, Date: None, Delay: 0.1 ms, Speed: inf M/s, Resolution: 1920x1080
Name: CCTV-15, URL: http://[2409:8087:74f0:22::4]:6410/270000001128/9900000512/index.m3u8, From: subscribe, IPv_Type: ipv6, Location: 中国, ISP: 中国移动, Date: None, Delay: 0.1 ms, Speed: inf M/s, Resolution: 1920x1080
Name: CCTV-15, URL: http://[2409:8087:1a01:df::7005]/ottrrs.hl.chinamobile.com/PLTV/88888888/224/3221226476/index.m3u8, From: subscribe, IPv_Type: ipv6, Location: 中国, ISP: 中国移动, Date: None, Delay: 0.1 ms, Speed: inf M/s, Resolution: 1920x1080
Name: CCTV-15, URL: http://[2409:8087:3869:8021:1001::e5]:6610/PLTV/88888910/224/3221225641/index.m3u8, From: subscribe, IPv_Type: ipv6, Location: 中国, ISP: 中国移动, Date: None, Delay: -1 ms, Speed: 0.00 M/s, Resolution: None
Name: CCTV-15, URL: http://rrs01.hw.gmcc.net:8088/PLTV/81/224/3221226648/1.m3u8, From: subscribe, IPv_Type: ipv6, Location: 中国, ISP: 中国移动, Date: None, Delay: -1 ms, Speed: 0.00 M/s, Resolution: None
Name: CCTV-15, URL: https://hls-gateway.vpstv.net/streams/476901.m3u8, From: subscribe, IPv_Type: ipv6, Location: 美国, ISP: CloudFlare Inc., Date: None, Delay: -1 ms, Speed: 0.00 M/s, Resolution: None
Name: CCTV-15, URL: http://k.061899.xyz/m.php?id=cctv15, From: subscribe, IPv_Type: ipv6, Location: 新加坡, ISP: Aceville Pte.Ltd., Date: None, Delay: -1 ms, Speed: 0.00 M/s, Resolution: None
Name: CCTV-15, URL: http://[2409:8087:1a15:10d1::36]/ottrrs.hl.chinamobile.com/PLTV/88888888/224/3221225601/index.m3u8, From: subscribe, IPv_Type: ipv6, Location: 中国, ISP: 中国移动, Date: None, Delay: -1 ms, Speed: 0.00 M/s, Resolution: None
Name: CCTV-15, URL: http://[2409:8087:1a15:10d1::35]/ottrrs.hl.chinamobile.com/PLTV/88888888/224/3221225601/index.m3u8, From: subscribe, IPv_Type: ipv6, Location: 中国, ISP: 中国移动, Date: None, Delay: -1 ms, Speed: 0.00 M/s, Resolution: None
Name: CCTV-15, URL: http://[2409:8087:5e08:25::16]:6610/200000001898/460000089800010094/1.m3u8, From: subscribe, IPv_Type: ipv6, Location: 中国, ISP: 中国移动, Date: None, Delay: -1 ms, Speed: 0.00 M/s, Resolution: None
Name: CCTV-15, URL: https://migu.188766.xyz/?migutoken=462f398c31753fa3d7231a45c8092db5&id=CCTV15&pp=1, From: subscribe, IPv_Type: ipv6, Location: 美国, ISP: CloudFlare Inc., Date: None, Delay: -1 ms, Speed: 0.00 M/s, Resolution: None
Name: CCTV-15, URL: https://cc06.tv12.xyz/16.m3u8, From: subscribe, IPv_Type: ipv6, Location: 美国, ISP: CloudFlare Inc., Date: None, Delay: -1 ms, Speed: 0.00 M/s, Resolution: None
Name: CCTV-15, URL: http://gslbmgsplive.miguvideo.com/migu/kailu/20200324/cctv15hd/51/index.m3u8?msisdn=2025091908013193dcdb7ac04347e8a5ce101dd8f6aa89&mdspid=&spid=699004&netType=0&sid=5501083628&pid=2028597139&timestamp=20250919080131&Channel_ID=0116_2600000900-99000-201600010010027&ProgramID=673168223&ParentNodeID=-99&assertID=5501083628&client_ip=106.13.250.88&SecurityKey=20250919080131&promotionId=&mvid=5102910391&mcid=500020&playurlVersion=WX-A1-8.9.1-RELEASE&userid=&jmhm=&videocodec=h264&bean=mgspad&tid=android&conFee=0&puData=3c5d598fbbfd3b6046119ff26bc4df5b&ddCalcu=b35cef51dd3450c9b86f2bfbff9d131b6640, From: subscribe, IPv_Type: ipv6, Location: 中国, ISP: 中国移动, Date: None, Delay: -1 ms, Speed: 0.00 M/s, Resolution: None
Name: CCTV-15, URL: https://jzb.wwkejishe.top/?id=593, From: subscribe, IPv_Type: ipv6, Location: 美国, ISP: CloudFlare Inc., Date: None, Delay: -1 ms, Speed: 0.00 M/s, Resolution: None
Name: CCTV-15, URL: https://migu.188766.xyz/?migutoken=9e2c37f78dbb66615926eb9dba2d251f&id=CCTV15&type=yy, From: subscribe, IPv_Type: ipv6, Location: 美国, ISP: CloudFlare Inc., Date: None, Delay: -1 ms, Speed: 0.00 M/s, Resolution: None
Name: CCTV-15, URL: https://live.chinacert.cftest5.cn/mg/?id=673168223, From: subscribe, IPv_Type: ipv6, Location: 中国, ISP: 中国移动, Date: None, Delay: -1 ms, Speed: 0.00 M/s, Resolution: None
Name: CCTV-15, URL: https://migu.188766.xyz/?migutoken=eae1c59334ba7f478e647d582fa4df4a&id=CCTV15&type=yy, From: subscribe, IPv_Type: ipv6, Location: 美国, ISP: CloudFlare Inc., Date: None, Delay: -1 ms, Speed: 0.00 M/s, Resolution: None
Name: CCTV-15, URL: http://[2409:8087:8:21::18]:6610/otttv.bj.chinamobile.com/PLTV/88888888/224/3221226333/1.m3u8?, From: subscribe, IPv_Type: ipv6, Location: 中国, ISP: 中国移动, Date: None, Delay: -1 ms, Speed: 0.00 M/s, Resolution: None
Name: CCTV-15, URL: https://migu.188766.xyz/?migutoken=4ee7f7813d015a843b66e5db9f04ff2a&id=CCTV15&type=yy, From: subscribe, IPv_Type: ipv6, Location: 美国, ISP: CloudFlare Inc., Date: None, Delay: -1 ms, Speed: 0.00 M/s, Resolution: None
Name: CCTV-15, URL: https://migu.188766.xyz/?migutoken=8facf4671db568382ccdac5d636ea73d&id=CCTV15&type=yy, From: subscribe, IPv_Type: ipv6, Location: 美国, ISP: CloudFlare Inc., Date: None, Delay: -1 ms, Speed: 0.00 M/s, Resolution: None
Name: CCTV-15, URL: https://migu.188766.xyz/?migutoken=be754b71c62ec423db0a5315205da9c1&id=CCTV15&type=yy, From: subscribe, IPv_Type: ipv6, Location: 美国, ISP: CloudFlare Inc., Date: None, Delay: -1 ms, Speed: 0.00 M/s, Resolution: None
Name: CCTV-15, URL: https://migu.188766.xyz/?migutoken=1a8e7402c71dfd569bb72b53d510fcec&id=CCTV15&type=yy, From: subscribe, IPv_Type: ipv6, Location: 美国, ISP: CloudFlare Inc., Date: None, Delay: -1 ms, Speed: 0.00 M/s, Resolution: None
Name: CCTV-15, URL: https://migu.188766.xyz/?migutoken=fb22963e3990f0dcff528fedf83725d7&id=CCTV15&type=yy, From: subscribe, IPv_Type: ipv6, Location: 美国, ISP: CloudFlare Inc., Date: None, Delay: -1 ms, Speed: 0.00 M/s, Resolution: None
Name: CCTV-15, URL: https://migu.188766.xyz/?migutoken=0dd9f62435116b26668c1cfba04b8e96&id=CCTV15&type=yy, From: subscribe, IPv_Type: ipv6, Location: 美国, ISP: CloudFlare Inc., Date: None, Delay: -1 ms, Speed: 0.00 M/s, Resolution: None
Name: CCTV-15, URL: https://iptv.catvod.com/live.php?id=CCTV15, From: subscribe, IPv_Type: ipv6, Location: 美国, ISP: CloudFlare Inc., Date: None, Delay: -1 ms, Speed: 0.00 M/s, Resolution: None
Name: CCTV-15, URL: https://migu.188766.xyz/?migutoken=2c5c0fec755a7420c80dd89b48e76a1b&id=CCTV15&type=yy, From: subscribe, IPv_Type: ipv6, Location: 美国, ISP: CloudFlare Inc., Date: None, Delay: -1 ms, Speed: 0.00 M/s, Resolution: None
Name: CCTV-15, URL: https://migu.188766.xyz/?migutoken=304c503e1f89619a7a3882de5a988967&id=CCTV15&type=yy, From: subscribe, IPv_Type: ipv6, Location: 美国, ISP: CloudFlare Inc., Date: None, Delay: -1 ms, Speed: 0.00 M/s, Resolution: None
Name: CCTV-15, URL: https://iptv.catvod.com/live.php?id=CCTV-15, From: subscribe, IPv_Type: ipv6, Location: 美国, ISP: CloudFlare Inc., Date: None, Delay: -1 ms, Speed: 0.00 M/s, Resolution: None
Name: CCTV-15, URL: https://migu.188766.xyz/?migutoken=0b0ddd1ec271ea8399273668a4e404ab&id=CCTV15&type=yy, From: subscribe, IPv_Type: ipv6, Location: 美国, ISP: CloudFlare Inc., Date: None, Delay: -1 ms, Speed: 0.00 M/s, Resolution: None
Name: CCTV-15, URL: https://migu.188766.xyz/?migutoken=302cc00cc99d4e782528e0c7c8f8a76f&id=CCTV15&type=yy, From: subscribe, IPv_Type: ipv6, Location: 美国, ISP: CloudFlare Inc., Date: None, Delay: -1 ms, Speed: 0.00 M/s, Resolution: None
Name: CCTV-15, URL: https://migu.188766.xyz/?migutoken=fa2ba6b05a9b9248d2835a2bd9a53518&id=CCTV15&type=yy, From: subscribe, IPv_Type: ipv6, Location: 美国, ISP: CloudFlare Inc., Date: None, Delay: -1 ms, Speed: 0.00 M/s, Resolution: None
Name: CCTV-15, URL: https://migu.188766.xyz/?migutoken=bf90b65a82497b4287368cea95936044&id=CCTV15&type=yy, From: subscribe, IPv_Type: ipv6, Location: 美国, ISP: CloudFlare Inc., Date: None, Delay: -1 ms, Speed: 0.00 M/s, Resolution: None
Name: CCTV-15, URL: http://gslbmgsplive.miguvideo.com/migu/kailu/20200324/cctv15hd/50/index.m3u8?msisdn=2025121208022138889d9fbb2d4eb2b4d22b5b787258ae&mdspid=&spid=699004&netType=0&sid=5501083628&pid=2028597139&timestamp=20251212080221&Channel_ID=0116_2600037000-99000-200300220100002&ProgramID=673168223&ParentNodeID=-99&assertID=5501083628&client_ip=218.28.233.106&SecurityKey=20251212080221&promotionId=&mvid=5102910391&mcid=500020&playurlVersion=ZQ-A1-8.12.1-RELEASE&userid=&jmhm=&videocodec=h264&appCode=miguvideo_android&bean=mgspad&tid=android&conFee=0&puData=8501084d4b7bbaf614dacf792003ec2d&ddCalcu=d825vc0ae1a30a08042d947bf7cbabda4f16&sv=10004&ct=android, From: subscribe, IPv_Type: ipv6, Location: 中国, ISP: 中国移动, Date: None, Delay: -1 ms, Speed: 0.00 M/s, Resolution: None
Name: CCTV-15, URL: https://migu.188766.xyz/?migutoken=02abf76c572637b3004c6952453fdc6b&id=CCTV15&type=yy, From: subscribe, IPv_Type: ipv6, Location: 美国, ISP: CloudFlare Inc., Date: None, Delay: -1 ms, Speed: 0.00 M/s, Resolution: None
Name: CCTV-15, URL: https://migu.188766.xyz/?migutoken=0e691d6975567be0eff055cacb4402cb&id=CCTV15&type=yy, From: subscribe, IPv_Type: ipv6, Location: 美国, ISP: CloudFlare Inc., Date: None, Delay: -1 ms, Speed: 0.00 M/s, Resolution: None
Name: CCTV-15, URL: https://migu.188766.xyz/?migutoken=a209f0cad9c5df58a359353e1664812a&id=CCTV15&type=yy, From: subscribe, IPv_Type: ipv6, Location: 美国, ISP: CloudFlare Inc., Date: None, Delay: -1 ms, Speed: 0.00 M/s, Resolution: None
Name: CCTV-15, URL: https://migu.188766.xyz/?migutoken=302c7e1ab856cabcb0c811e1ce4df276&id=CCTV15&type=yy, From: subscribe, IPv_Type: ipv6, Location: 美国, ISP: CloudFlare Inc., Date: None, Delay: -1 ms, Speed: 0.00 M/s, Resolution: None
Name: CCTV-15, URL: https://migu.188766.xyz/?migutoken=c2779cbd94a5d3f8850bfe0326f92a51&id=CCTV15&type=yy, From: subscribe, IPv_Type: ipv6, Location: 美国, ISP: CloudFlare Inc., Date: None, Delay: -1 ms, Speed: 0.00 M/s, Resolution: None
Name: CCTV-15, URL: https://migu.188766.xyz/?migutoken=e00642f09eb7d6cd55f80ef5165208c7&id=CCTV15&type=yy, From: subscribe, IPv_Type: ipv6, Location: 美国, ISP: CloudFlare Inc., Date: None, Delay: -1 ms, Speed: 0.00 M/s, Resolution: None
Name: CCTV-15, URL: https://migu.188766.xyz/?migutoken=b2e16dbe7821149cf960e4d50670aa59&id=CCTV15&type=yy, From: subscribe, IPv_Type: ipv6, Location: 美国, ISP: CloudFlare Inc., Date: None, Delay: -1 ms, Speed: 0.00 M/s, Resolution: None
Name: CCTV-15, URL: https://migu.188766.xyz/?migutoken=a5d1ea8429028c31304db796ba438732&id=CCTV15&type=yy, From: subscribe, IPv_Type: ipv6, Location: 美国, ISP: CloudFlare Inc., Date: None, Delay: -1 ms, Speed: 0.00 M/s, Resolution: None
Name: CCTV-15, URL: https://migu.188766.xyz/?migutoken=83f754ce7042282a8dc4ec08db5b22d2&id=CCTV15&type=yy, From: subscribe, IPv_Type: ipv6, Location: 美国, ISP: CloudFlare Inc., Date: None, Delay: -1 ms, Speed: 0.00 M/s, Resolution: None
Name: CCTV-15, URL: https://migu.188766.xyz/?migutoken=c9cf8c40ea69569ff7d46836a1d336a9&id=CCTV15&type=yy, From: subscribe, IPv_Type: ipv6, Location: 美国, ISP: CloudFlare Inc., Date: None, Delay: -1 ms, Speed: 0.00 M/s, Resolution: None
Name: CCTV-15, URL: https://migu.188766.xyz/?migutoken=98807be25689606546f979620bdfd0a4&id=CCTV15&type=yy, From: subscribe, IPv_Type: ipv6, Location: 美国, ISP: CloudFlare Inc., Date: None, Delay: -1 ms, Speed: 0.00 M/s, Resolution: None
Name: CCTV-15, URL: https://migu.188766.xyz/?migutoken=c91b23f3c500b9a5943d32b340e8cc5d&id=CCTV15&type=yy, From: subscribe, IPv_Type: ipv6, Location: 美国, ISP: CloudFlare Inc., Date: None, Delay: -1 ms, Speed: 0.00 M/s, Resolution: None
Name: CCTV-15, URL: https://migu.188766.xyz/?migutoken=93c37a7aee624c212c361d4f444622ff&id=CCTV15&type=yy, From: subscribe, IPv_Type: ipv6, Location: 美国, ISP: CloudFlare Inc., Date: None, Delay: -1 ms, Speed: 0.00 M/s, Resolution: None
Name: CCTV-15, URL: https://migu.188766.xyz/?migutoken=a2602242c34ba8b348c14dd547b64215&id=CCTV15&type=yy, From: subscribe, IPv_Type: ipv6, Location: 美国, ISP: CloudFlare Inc., Date: None, Delay: -1 ms, Speed: 0.00 M/s, Resolution: None
Name: CCTV-15, URL: https://migu.188766.xyz/?migutoken=b866c9332134700c1c55178e2eac5c2b&id=CCTV15&type=yy, From: subscribe, IPv_Type: ipv6, Location: 美国, ISP: CloudFlare Inc., Date: None, Delay: -1 ms, Speed: 0.00 M/s, Resolution: None
Name: CCTV-15, URL: https://migu.188766.xyz/?migutoken=8c26221abf3745d1ad01f27b7bdfb936&id=CCTV15&type=yy, From: subscribe, IPv_Type: ipv6, Location: 美国, ISP: CloudFlare Inc., Date: None, Delay: -1 ms, Speed: 0.00 M/s, Resolution: None
Name: CCTV-15, URL: https://migu.188766.xyz/?migutoken=d0981e46641135a473f39c5a9d5ca509&id=CCTV15&type=yy, From: subscribe, IPv_Type: ipv6, Location: 美国, ISP: CloudFlare Inc., Date: None, Delay: -1 ms, Speed: 0.00 M/s, Resolution: None
Name: CCTV-15, URL: https://migu.188766.xyz/?migutoken=d746cbdefc14cc5616495c27c50afec2&id=CCTV15&type=yy, From: subscribe, IPv_Type: ipv6, Location: 美国, ISP: CloudFlare Inc., Date: None, Delay: -1 ms, Speed: 0.00 M/s, Resolution: None
Name: CCTV-15, URL: https://migu.188766.xyz/?migutoken=da35d716cb7adff2add966561e4b8b2b&id=CCTV15&type=yy, From: subscribe, IPv_Type: ipv6, Location: 美国, ISP: CloudFlare Inc., Date: None, Delay: -1 ms, Speed: 0.00 M/s, Resolution: None
Name: CCTV-15, URL: https://migu.188766.xyz/?migutoken=62c128cdce35040c75e0812aaaec710a&id=CCTV15&type=yy, From: subscribe, IPv_Type: ipv6, Location: 美国, ISP: CloudFlare Inc., Date: None, Delay: -1 ms, Speed: 0.00 M/s, Resolution: None
Name: CCTV-15, URL: https://migu.188766.xyz/?migutoken=a281c115561eee80ebead2e0a656f138&id=CCTV15&type=yy, From: subscribe, IPv_Type: ipv6, Location: 美国, ISP: CloudFlare Inc., Date: None, Delay: -1 ms, Speed: 0.00 M/s, Resolution: None
Name: CCTV-15, URL: https://migu.188766.xyz/?migutoken=3e466ce9b1a16926d961955cdcbbcc88&id=CCTV15&type=yy, From: subscribe, IPv_Type: ipv6, Location: 美国, ISP: CloudFlare Inc., Date: None, Delay: -1 ms, Speed: 0.00 M/s, Resolution: None
Name: CCTV-15, URL: https://migu.188766.xyz/?migutoken=3cbc5b457b61f07a9b56275416dbebe4&id=CCTV15&type=yy, From: subscribe, IPv_Type: ipv6, Location: 美国, ISP: CloudFlare Inc., Date: None, Delay: -1 ms, Speed: 0.00 M/s, Resolution: None
Name: CCTV-15, URL: https://migu.188766.xyz/?migutoken=df989cceb3c168618bb43fed0c9d89c0&id=CCTV15&type=yy, From: subscribe, IPv_Type: ipv6, Location: 美国, ISP: CloudFlare Inc., Date: None, Delay: -1 ms, Speed: 0.00 M/s, Resolution: None
Name: CCTV-15, URL: https://migu.188766.xyz/?migutoken=4751b78c80551e0ed2119bd6bd8b7969&id=CCTV15&type=yy, From: subscribe, IPv_Type: ipv6, Location: 美国, ISP: CloudFlare Inc., Date: None, Delay: -1 ms, Speed: 0.00 M/s, Resolution: None
Name: CCTV-15, URL: https://migu.188766.xyz/?migutoken=00817a7808836cc790dbdc17b18439a7&id=CCTV15&type=yy, From: subscribe, IPv_Type: ipv6, Location: 美国, ISP: CloudFlare Inc., Date: None, Delay: -1 ms, Speed: 0.00 M/s, Resolution: None
Name: CCTV-15, URL: https://migu.188766.xyz/?migutoken=b2cde938e303c01065cb96d8f73e0ea7&id=CCTV15&type=yy, From: subscribe, IPv_Type: ipv6, Location: 美国, ISP: CloudFlare Inc., Date: None, Delay: -1 ms, Speed: 0.00 M/s, Resolution: None
Name: CCTV-15, URL: https://migu.188766.xyz/?migutoken=3cda291c19cf0476f0c795c96614d132&id=CCTV15&type=yy, From: subscribe, IPv_Type: ipv6, Location: 美国, ISP: CloudFlare Inc., Date: None, Delay: -1 ms, Speed: 0.00 M/s, Resolution: None
Name: CCTV-15, URL: https://migu.188766.xyz/?migutoken=e21623bf56028f94b0710f45b23ddf48&id=CCTV15&type=yy, From: subscribe, IPv_Type: ipv6, Location: 美国, ISP: CloudFlare Inc., Date: None, Delay: -1 ms, Speed: 0.00 M/s, Resolution: None
Name: CCTV-15, URL: https://migu.188766.xyz/?migutoken=8f526cd18d34ddd149ec92a22156dcab&id=CCTV15&type=yy, From: subscribe, IPv_Type: ipv6, Location: 美国, ISP: CloudFlare Inc., Date: None, Delay: -1 ms, Speed: 0.00 M/s, Resolution: None
Name: CCTV-15, URL: https://migu.188766.xyz/?migutoken=44c2ed3c026c920db4504a157125cc1b&id=CCTV15&type=yy, From: subscribe, IPv_Type: ipv6, Location: 美国, ISP: CloudFlare Inc., Date: None, Delay: -1 ms, Speed: 0.00 M/s, Resolution: None
Name: CCTV-15, URL: https://migu.188766.xyz/?migutoken=795215860bcb0ae09d2275fda68e3645&id=CCTV15&type=yy, From: subscribe, IPv_Type: ipv6, Location: 美国, ISP: CloudFlare Inc., Date: None, Delay: -1 ms, Speed: 0.00 M/s, Resolution: None
Name: CCTV-15, URL: https://migu.188766.xyz/?migutoken=2cb9710f66c0867550f587728594bf23&id=CCTV15&type=yy, From: subscribe, IPv_Type: ipv6, Location: 美国, ISP: CloudFlare Inc., Date: None, Delay: -1 ms, Speed: 0.00 M/s, Resolution: None
Name: CCTV-15, URL: https://migu.188766.xyz/?migutoken=d1a9744420dca8df3afe27a88a8c33f6&id=CCTV15&type=yy, From: subscribe, IPv_Type: ipv6, Location: 美国, ISP: CloudFlare Inc., Date: None, Delay: -1 ms, Speed: 0.00 M/s, Resolution: None
Name: CCTV-15, URL: https://migu.188766.xyz/?migutoken=fd03337719881612c26dfe0835bd6a11&id=CCTV15&type=yy, From: subscribe, IPv_Type: ipv6, Location: 美国, ISP: CloudFlare Inc., Date: None, Delay: -1 ms, Speed: 0.00 M/s, Resolution: None
Name: CCTV-15, URL: https://migu.188766.xyz/?migutoken=9f1b09530df3f1a8ebb95d0030d3eb2d&id=CCTV15&type=yy, From: subscribe, IPv_Type: ipv6, Location: 美国, ISP: CloudFlare Inc., Date: None, Delay: -1 ms, Speed: 0.00 M/s, Resolution: None
Name: CCTV-15, URL: https://migu.188766.xyz/?migutoken=8fec6f4fbbe67c00e31cdeeb2c79d2e2&id=CCTV15&type=yy, From: subscribe, IPv_Type: ipv6, Location: 美国, ISP: CloudFlare Inc., Date: None, Delay: -1 ms, Speed: 0.00 M/s, Resolution: None
Name: CCTV-15, URL: https://migu.188766.xyz/?migutoken=6f069f1b2a496b18e24786f975c7f104&id=CCTV15&type=yy, From: subscribe, IPv_Type: ipv6, Location: 美国, ISP: CloudFlare Inc., Date: None, Delay: -1 ms, Speed: 0.00 M/s, Resolution: None
Name: CCTV-15, URL: https://migu.188766.xyz/?migutoken=ef9bcac63d147705437ff32c4c9e79f6&id=CCTV15&type=yy, From: subscribe, IPv_Type: ipv6, Location: 美国, ISP: CloudFlare Inc., Date: None, Delay: -1 ms, Speed: 0.00 M/s, Resolution: None
Name: CCTV-15, URL: https://migu.188766.xyz/?migutoken=e0df917e7fea07ed1063d37c56ac6695&id=CCTV15&type=yy, From: subscribe, IPv_Type: ipv6, Location: 美国, ISP: CloudFlare Inc., Date: None, Delay: -1 ms, Speed: 0.00 M/s, Resolution: None
Name: CCTV-15, URL: https://migu.188766.xyz/?migutoken=c716bcb91796f6bfe8b0300f22507493&id=CCTV15&type=yy, From: subscribe, IPv_Type: ipv6, Location: 美国, ISP: CloudFlare Inc., Date: None, Delay: -1 ms, Speed: 0.00 M/s, Resolution: None
Name: CCTV-15, URL: https://migu.188766.xyz/?migutoken=c5dd95ca79ae41cd914dc2d900f02e86&id=CCTV15&type=yy, From: subscribe, IPv_Type: ipv6, Location: 美国, ISP: CloudFlare Inc., Date: None, Delay: -1 ms, Speed: 0.00 M/s, Resolution: None
Name: CCTV-15, URL: https://migu.188766.xyz/?migutoken=3dba20a139ab937dc221f49028c5d9c2&id=CCTV15&type=yy, From: subscribe, IPv_Type: ipv6, Location: 美国, ISP: CloudFlare Inc., Date: None, Delay: -1 ms, Speed: 0.00 M/s, Resolution: None
Name: CCTV-15, URL: https://migu.188766.xyz/?migutoken=e668d9533bc5513b9f8c413c30bd8532&id=CCTV15&type=yy, From: subscribe, IPv_Type: ipv6, Location: 美国, ISP: CloudFlare Inc., Date: None, Delay: -1 ms, Speed: 0.00 M/s, Resolution: None
Name: CCTV-15, URL: https://migu.188766.xyz/?migutoken=1f8c8b8ab2b5ba8c84d821668729a3f2&id=CCTV15&type=yy, From: subscribe, IPv_Type: ipv6, Location: 美国, ISP: CloudFlare Inc., Date: None, Delay: -1 ms, Speed: 0.00 M/s, Resolution: None
Name: CCTV-15, URL: https://migu.188766.xyz/?migutoken=a87eddb243eabcf5edb6e65606259acf&id=CCTV15&type=yy, From: subscribe, IPv_Type: ipv6, Location: 美国, ISP: CloudFlare Inc., Date: None, Delay: -1 ms, Speed: 0.00 M/s, Resolution: None
Name: CCTV-15, URL: https://migu.188766.xyz/?migutoken=904772dc8ab9a221d2ba4d45a90d7034&id=CCTV15&type=yy, From: subscribe, IPv_Type: ipv6, Location: 美国, ISP: CloudFlare Inc., Date: None, Delay: -1 ms, Speed: 0.00 M/s, Resolution: None
Name: CCTV-15, URL: https://migu.188766.xyz/?migutoken=33dfe874e447134479feedae66fb0932&id=CCTV15&type=yy, From: subscribe, IPv_Type: ipv6, Location: 美国, ISP: CloudFlare Inc., Date: None, Delay: -1 ms, Speed: 0.00 M/s, Resolution: None
Name: CCTV-15, URL: https://migu.188766.xyz/?migutoken=525c292b5a3849ac20c3ac8ac7f2c03b&id=CCTV15&type=yy, From: subscribe, IPv_Type: ipv6, Location: 美国, ISP: CloudFlare Inc., Date: None, Delay: -1 ms, Speed: 0.00 M/s, Resolution: None
Name: CCTV-15, URL: https://migu.188766.xyz/?migutoken=6f5da026a3ff3cb1430cc75bae02a49f&id=CCTV15&type=yy, From: subscribe, IPv_Type: ipv6, Location: 美国, ISP: CloudFlare Inc., Date: None, Delay: -1 ms, Speed: 0.00 M/s, Resolution: None
Name: CCTV-15, URL: https://migu.188766.xyz/?migutoken=9c8e4624aabfe88cd57fc895c01749f1&id=CCTV15&type=yy, From: subscribe, IPv_Type: ipv6, Location: 美国, ISP: CloudFlare Inc., Date: None, Delay: -1 ms, Speed: 0.00 M/s, Resolution: None
Name: CCTV-15, URL: https://migu.188766.xyz/?migutoken=a2c64f6546ab1d2e5031a71f9d0f8249&id=CCTV15&type=yy, From: subscribe, IPv_Type: ipv6, Location: 美国, ISP: CloudFlare Inc., Date: None, Delay: -1 ms, Speed: 0.00 M/s, Resolution: None
Name: CCTV-15, URL: https://migu.188766.xyz/?migutoken=6d8bcac174be7e0cc5c0ace4252f2775&id=CCTV15&type=yy, From: subscribe, IPv_Type: ipv6, Location: 美国, ISP: CloudFlare Inc., Date: None, Delay: -1 ms, Speed: 0.00 M/s, Resolution: None
Name: CCTV-15, URL: https://migu.188766.xyz/?migutoken=4f9baae0508435e8ff1c724e3030f617&id=CCTV15&type=yy, From: subscribe, IPv_Type: ipv6, Location: 美国, ISP: CloudFlare Inc., Date: None, Delay: -1 ms, Speed: 0.00 M/s, Resolution: None
Name: CCTV-15, URL: https://migu.188766.xyz/?migutoken=925b297c74b0ef524e29a33eab3f291a&id=CCTV15&type=yy, From: subscribe, IPv_Type: ipv6, Location: 美国, ISP: CloudFlare Inc., Date: None, Delay: -1 ms, Speed: 0.00 M/s, Resolution: None
Name: CCTV-15, URL: https://migu.188766.xyz/?migutoken=175aeee16ea04384a9f82629aaafc5e9&id=CCTV15&type=yy, From: subscribe, IPv_Type: ipv6, Location: 美国, ISP: CloudFlare Inc., Date: None, Delay: -1 ms, Speed: 0.00 M/s, Resolution: None
Name: CCTV-15, URL: https://migu.188766.xyz/?migutoken=abc39a9f9a1b0a5b04de364cd8305804&id=CCTV15&type=yy, From: subscribe, IPv_Type: ipv6, Location: 美国, ISP: CloudFlare Inc., Date: None, Delay: -1 ms, Speed: 0.00 M/s, Resolution: None
Name: CCTV-15, URL: https://migu.188766.xyz/?migutoken=5dd673c87bc56a235d792da58a827be2&id=CCTV15&type=yy, From: subscribe, IPv_Type: ipv6, Location: 美国, ISP: CloudFlare Inc., Date: None, Delay: -1 ms, Speed: 0.00 M/s, Resolution: None
Name: CCTV-15, URL: https://migu.188766.xyz/?migutoken=a0a28760bc98e680fbbef90c5bbcfe70&id=CCTV15&type=yy, From: subscribe, IPv_Type: ipv6, Location: 美国, ISP: CloudFlare Inc., Date: None, Delay: -1 ms, Speed: 0.00 M/s, Resolution: None
Name: CCTV-15, URL: https://migu.188766.xyz/?migutoken=510eacfc9a9b627a1fa4dda20007be05&id=CCTV15&type=yy, From: subscribe, IPv_Type: ipv6, Location: 美国, ISP: CloudFlare Inc., Date: None, Delay: -1 ms, Speed: 0.00 M/s, Resolution: None
Name: CCTV-15, URL: https://migu.188766.xyz/?migutoken=7b4d38b9215e4ec0a9f06332f7ff0078&id=CCTV15&type=yy, From: subscribe, IPv_Type: ipv6, Location: 美国, ISP: CloudFlare Inc., Date: None, Delay: -1 ms, Speed: 0.00 M/s, Resolution: None
Name: CCTV-15, URL: https://migu.188766.xyz/?migutoken=97906a8c51fa150163392c2b9f08ad02&id=CCTV15&type=yy, From: subscribe, IPv_Type: ipv6, Location: 美国, ISP: CloudFlare Inc., Date: None, Delay: -1 ms, Speed: 0.00 M/s, Resolution: None
Name: CCTV-15, URL: https://migu.188766.xyz/?migutoken=9be7d09ecf56726b0eb8de2f1d2723b7&id=CCTV15&type=yy, From: subscribe, IPv_Type: ipv6, Location: 美国, ISP: CloudFlare Inc., Date: None, Delay: -1 ms, Speed: 0.00 M/s, Resolution: None
Name: CCTV-15, URL: https://migu.188766.xyz/?migutoken=976fbac5e882ddcd96c9232fff6c42ed&id=CCTV15&type=yy, From: subscribe, IPv_Type: ipv6, Location: 美国, ISP: CloudFlare Inc., Date: None, Delay: -1 ms, Speed: 0.00 M/s, Resolution: None
Name: CCTV-15, URL: https://migu.188766.xyz/?migutoken=e97152d6b0c6da1fb86d0c3d55473343&id=CCTV15&type=yy, From: subscribe, IPv_Type: ipv6, Location: 美国, ISP: CloudFlare Inc., Date: None, Delay: -1 ms, Speed: 0.00 M/s, Resolution: None
Name: CCTV-15, URL: https://migu.188766.xyz/?migutoken=3cd0cac4c8920d0689b17e1952ecea8c&id=CCTV15&type=yy, From: subscribe, IPv_Type: ipv6, Location: 美国, ISP: CloudFlare Inc., Date: None, Delay: -1 ms, Speed: 0.00 M/s, Resolution: None
Name: CCTV-15, URL: http://mgsp-yx2.live.miguvideo.com:8088/migu/kailu/20200324/cctv15hd/51/index.m3u8?msisdn=e55e9ee71b42d2d7008a152c069625e3&mdspid=&spid=699004&netType=0&sid=5501083628&pid=2028597139&timestamp=20260216080222&Channel_ID=0116_2600034600-99000-201600010010028&ProgramID=673168223&ParentNodeID=-99&assertID=5501083628&client_ip=218.28.233.106&SecurityKey=20260216080222&promotionId=&mvid=5102910391&mcid=500020&playurlVersion=WX-A1-9.2.1-RELEASE&userid=&jmhm=&videocodec=h264&appCode=miguvideo_android&bean=mgspad&tid=android&conFee=0&encrypt=3117c2a0f9b45eee51af687ceb7c144d&sv=10004&ct=android, From: subscribe, IPv_Type: ipv6, Location: 中国, ISP: 中国电信, Date: None, Delay: -1 ms, Speed: 0.00 M/s, Resolution: None
Name: CCTV-15, URL: https://migu.188766.xyz/?migutoken=8161049d6028648f889d319cae8554ba&id=CCTV15&type=yy, From: subscribe, IPv_Type: ipv6, Location: 美国, ISP: CloudFlare Inc., Date: None, Delay: -1 ms, Speed: 0.00 M/s, Resolution: None
Name: CCTV-15, URL: http://mgsp-yx2.live.miguvideo.com:8088/migu/kailu/20200324/cctv15hd/51/index.m3u8?msisdn=e55e9ee71b42d2d7008a152c069625e3&mdspid=&spid=699004&netType=0&sid=5501083628&pid=2028597139&timestamp=20260217084015&Channel_ID=0116_2600034600-99000-201600010010028&ProgramID=673168223&ParentNodeID=-99&assertID=5501083628&client_ip=218.28.233.106&SecurityKey=20260217084015&promotionId=&mvid=5102910391&mcid=500020&playurlVersion=WX-A1-9.2.1-RELEASE&userid=&jmhm=&videocodec=h264&appCode=miguvideo_android&bean=mgspad&tid=android&conFee=0&encrypt=3ec0186164172c3b63041ced4a88682f&sv=10004&ct=android, From: subscribe, IPv_Type: ipv6, Location: 中国, ISP: 中国电信, Date: None, Delay: -1 ms, Speed: 0.00 M/s, Resolution: None
Name: CCTV-15, URL: https://migu.188766.xyz/?migutoken=9d33021010e93763a87abf8c09d5764a&id=CCTV15&type=yy, From: subscribe, IPv_Type: ipv6, Location: 美国, ISP: CloudFlare Inc., Date: None, Delay: -1 ms, Speed: 0.00 M/s, Resolution: None
Name: CCTV-15, URL: http://38.75.136.137:98/gslb/dsdqbv/cctv15hd.m3u8?auth=test20251009, From: subscribe, IPv_Type: ipv4, Location: 美国-伊利诺伊州-库克, ISP: Cogent, Date: None, Delay: 3300 ms, Speed: 1.84 M/s, Resolution: 1920x1080
Name: CCTV-16, URL: http://php.jdshipin.com/TVOD/hljyd.php?id=3221226100, From: subscribe, IPv_Type: ipv6, Location: 美国, ISP: CloudFlare Inc., Date: None, Delay: 0.1 ms, Speed: inf M/s, Resolution: 1920x1080
Name: CCTV-16, URL: http://livetv.wqwqwq.sbs/gaoma/cctv4k16.m3u8, From: subscribe, IPv_Type: ipv6, Location: 美国, ISP: CloudFlare Inc., Date: None, Delay: 0.1 ms, Speed: inf M/s, Resolution: 1920x1080
Name: CCTV-16, URL: http://[2409:8087:1a01:df::4077]/ottrrs.hl.chinamobile.com/PLTV/88888888/224/3221226100/index.m3u8, From: subscribe, IPv_Type: ipv6, Location: 中国, ISP: 中国移动, Date: None, Delay: -1 ms, Speed: 0.00 M/s, Resolution: None
Name: CCTV-16, URL: http://[2409:8087:1a01:df::4077]:80/ottrrs.hl.chinamobile.com/yinhe/88888888/224/3221226100/index.m3u8, From: subscribe, IPv_Type: ipv6, Location: 中国, ISP: 中国移动, Date: None, Delay: -1 ms, Speed: 0.00 M/s, Resolution: None
Name: CCTV-16, URL: http://[2409:8087:1a01:df::4077]/ottrrs.hl.chinamobile.com/PLTV/88888888/8/3221226100/index.m3u8, From: subscribe, IPv_Type: ipv6, Location: 中国, ISP: 中国移动, Date: None, Delay: 0.1 ms, Speed: inf M/s, Resolution: 1920x1080
Name: CCTV-16, URL: http://[2409:8087:1a01:df::4077]/ottrrs.hl.chinamobile.com/yinhe/88888888/224/3221226100/index.m3u8, From: subscribe, IPv_Type: ipv6, Location: 中国, ISP: 中国移动, Date: None, Delay: 0.1 ms, Speed: inf M/s, Resolution: 1920x1080
Name: CCTV-16, URL: http://[2409:8087:1a01:df::4077]:80/ottrrs.hl.chinamobile.com/PLTV/88888888/224/3221226100/index.m3u8, From: subscribe, IPv_Type: ipv6, Location: 中国, ISP: 中国移动, Date: None, Delay: -1 ms, Speed: 0.00 M/s, Resolution: None
Name: CCTV-16, URL: http://[2409:8087:1a01:df::4077]:80/ottrrs.hl.chinamobile.com/PLTV/88888888/8/3221226100/index.m3u8, From: subscribe, IPv_Type: ipv6, Location: 中国, ISP: 中国移动, Date: None, Delay: 0.1 ms, Speed: inf M/s, Resolution: 1920x1080
Name: CCTV-16, URL: http://[2409:8087:8:21::18]:6610/otttv.bj.chinamobile.com/PLTV/88888888/224/3221226887/1.m3u8, From: subscribe, IPv_Type: ipv6, Location: 中国, ISP: 中国移动, Date: None, Delay: 0.1 ms, Speed: inf M/s, Resolution: 1920x1080
Name: CCTV-16, URL: http://[2409:8087:8:21::18]:6610/otttv.bj.chinamobile.com/PLTV/88888888/224/3221226888/1.m3u8, From: subscribe, IPv_Type: ipv6, Location: 中国, ISP: 中国移动, Date: None, Delay: 0.1 ms, Speed: inf M/s, Resolution: 1920x1080
Name: CCTV-16, URL: http://[2409:8087:1a0a:df::404b]/ottrrs.hl.chinamobile.com/TVOD/88888888/224/3221226100/index.m3u8, From: subscribe, IPv_Type: ipv6, Location: 中国, ISP: 中国移动, Date: None, Delay: 0.1 ms, Speed: inf M/s, Resolution: 1920x1080
Name: CCTV-16, URL: http://[2409:8087:74f0:22::4]:6410/270000001128/9900000016/index.m3u8, From: subscribe, IPv_Type: ipv6, Location: 中国, ISP: 中国移动, Date: None, Delay: 0.1 ms, Speed: inf M/s, Resolution: 1920x1080
Name: CCTV-16, URL: http://yc.myds.me:35455/gaoma/cctv16.m3u8, From: subscribe, IPv_Type: ipv6, Location: 中国, ISP: 中国电信, Date: None, Delay: 0.1 ms, Speed: inf M/s, Resolution: 1920x1080
Name: CCTV-16, URL: http://hwrr.jx.chinamobile.com:8080/PLTV/88888888/224/3221226233/index.m3u8, From: subscribe, IPv_Type: ipv6, Location: 中国, ISP: 中国移动, Date: None, Delay: 0.1 ms, Speed: inf M/s, Resolution: 1920x1080
Name: CCTV-16, URL: https://stream1.freetv.fun/87de3fae6db73a08904421488de7b0ba39e5eccf12a85ec47f8ccfb0985d2fa7.m3u8, From: subscribe, IPv_Type: ipv6, Location: 美国, ISP: CloudFlare Inc., Date: None, Delay: 0.1 ms, Speed: inf M/s, Resolution: 1920x1080
Name: CCTV-16, URL: http://dbiptv.sn.chinamobile.com/PLTV/88888890/224/3221226921/index.m3u8, From: subscribe, IPv_Type: ipv6, Location: 中国, ISP: 中国移动, Date: None, Delay: 0.1 ms, Speed: inf M/s, Resolution: 1920x1080
Name: CCTV-16, URL: https://stream1.freetv.fun/3fa27f5bf8136b49f28d477a805f1219c588cf21ffbada685497c73431d20c6e.m3u8, From: subscribe, IPv_Type: ipv6, Location: 美国, ISP: CloudFlare Inc., Date: None, Delay: 0.1 ms, Speed: inf M/s, Resolution: 1920x1080
Name: CCTV-16, URL: https://yunmei.tv/main/cctv-16.m3u8, From: subscribe, IPv_Type: ipv6, Location: 美国, ISP: CloudFlare Inc., Date: None, Delay: 0.1 ms, Speed: inf M/s, Resolution: 1920x1080
Name: CCTV-16, URL: https://stream1.freetv.fun/f5e0459fd9f11d93ac18af88196997db1c71aeb6d27ce1bd24faccb628652629.m3u8, From: subscribe, IPv_Type: ipv6, Location: 美国, ISP: CloudFlare Inc., Date: None, Delay: 0.1 ms, Speed: inf M/s, Resolution: 1920x1080
Name: CCTV-16, URL: http://lu.wqwqwq.sbs/itv/1000000006000233002.m3u8?cdn=ystenlive, From: subscribe, IPv_Type: ipv6, Location: 美国, ISP: CloudFlare Inc., Date: None, Delay: 0.1 ms, Speed: inf M/s, Resolution: 1920x1080
Name: CCTV-16, URL: https://stream1.freetv.fun/cdd93308f8ffbb06fab05e75d7c91d7ec6d9c68d865738572b52b3e8c959cf14.m3u8, From: subscribe, IPv_Type: ipv6, Location: 美国, ISP: CloudFlare Inc., Date: None, Delay: 0.1 ms, Speed: inf M/s, Resolution: 1920x1080
Name: CCTV-16, URL: https://epg.pw/stream/c1beb2abcba5aef09c2f58efc3ca84b76de2c7b9cf60762b0d79772d9e70d454.m3u8, From: subscribe, IPv_Type: ipv6, Location: 美国, ISP: CloudFlare Inc., Date: None, Delay: 0.1 ms, Speed: inf M/s, Resolution: 1920x1080
Name: CCTV-16, URL: http://zteres.sn.chinamobile.com:6060/000000001000/5000000008000023253/1.m3u8?channel-id=bestzb&Contentid=5000000008000023253&livemode=1&stbId=3, From: subscribe, IPv_Type: ipv6, Location: 中国, ISP: 中国移动, Date: None, Delay: 0.1 ms, Speed: inf M/s, Resolution: 1920x1080
Name: CCTV-16, URL: http://nas.suntao.online:35455/itv/5000000008000023254.m3u8?cdn=bestzb, From: subscribe, IPv_Type: ipv6, Location: 中国, ISP: 中国联通, Date: None, Delay: 0.1 ms, Speed: inf M/s, Resolution: 1920x1080
Name: CCTV-16, URL: http://zteres.sn.chinamobile.com:6060/000000001000/5000000008000023254/1.m3u8?channel-id=bestzb&Contentid=5000000008000023254&livemode=1&stbId=3, From: subscribe, IPv_Type: ipv6, Location: 中国, ISP: 中国移动, Date: None, Delay: 0.1 ms, Speed: inf M/s, Resolution: 1920x1080
Name: CCTV-16, URL: http://[2409:8087:1a01:df::7005]/ottrrs.hl.chinamobile.com/PLTV/88888888/224/3221226100/index.m3u8, From: subscribe, IPv_Type: ipv6, Location: 中国, ISP: 中国移动, Date: None, Delay: 0.1 ms, Speed: inf M/s, Resolution: 1920x1080
Name: CCTV-16, URL: http://[2409:8087:3869:8021:1001::e5]:6610/PLTV/88888910/224/3221226230/index.m3u8, From: subscribe, IPv_Type: ipv6, Location: 中国, ISP: 中国移动, Date: None, Delay: -1 ms, Speed: 0.00 M/s, Resolution: None
Name: CCTV-16, URL: http://[2409:8087:8:21::18]:6610/otttv.bj.chinamobile.com/PLTV/88888888/224/3221227002/1.m3u8, From: subscribe, IPv_Type: ipv6, Location: 中国, ISP: 中国移动, Date: None, Delay: -1 ms, Speed: 0.00 M/s, Resolution: None
Name: CCTV-16, URL: http://rrs01.hw.gmcc.net:8088/PLTV/81/224/3221226825/1.m3u8, From: subscribe, IPv_Type: ipv6, Location: 中国, ISP: 中国移动, Date: None, Delay: -1 ms, Speed: 0.00 M/s, Resolution: None
Name: CCTV-16, URL: https://migu.188766.xyz/?migutoken=eda82b340e2efaedc007fddfaf1c7c28&id=CCTV16&pp=1, From: subscribe, IPv_Type: ipv6, Location: 美国, ISP: CloudFlare Inc., Date: None, Delay: -1 ms, Speed: 0.00 M/s, Resolution: None
Name: CCTV-16, URL: https://hls-gateway.vpstv.net/streams/709089.m3u8, From: subscribe, IPv_Type: ipv6, Location: 美国, ISP: CloudFlare Inc., Date: None, Delay: -1 ms, Speed: 0.00 M/s, Resolution: None
Name: CCTV-16, URL: http://k.061899.xyz/m.php?id=cctv16, From: subscribe, IPv_Type: ipv6, Location: 新加坡, ISP: Aceville Pte.Ltd., Date: None, Delay: -1 ms, Speed: 0.00 M/s, Resolution: None
Name: CCTV-16, URL: http://[2409:8087:1a15:10d1::33]/ottrrs.hl.chinamobile.com/PLTV/88888888/224/3221226100/index.m3u8, From: subscribe, IPv_Type: ipv6, Location: 中国, ISP: 中国移动, Date: None, Delay: -1 ms, Speed: 0.00 M/s, Resolution: None
Name: CCTV-16, URL: http://[2409:8087:1a15:10d1::35]/ottrrs.hl.chinamobile.com/PLTV/88888888/224/3221226100/index.m3u8, From: subscribe, IPv_Type: ipv6, Location: 中国, ISP: 中国移动, Date: None, Delay: -1 ms, Speed: 0.00 M/s, Resolution: None
Name: CCTV-16, URL: http://[2409:8087:5e00:24::1e]:6060/200000001898/460000089800010142/1.m3u8, From: subscribe, IPv_Type: ipv6, Location: 中国, ISP: 中国移动, Date: None, Delay: -1 ms, Speed: 0.00 M/s, Resolution: None
Name: CCTV-16, URL: http://[2409:8087:5e08:25::16]:6610/200000001898/460000089800010142/1.m3u8, From: subscribe, IPv_Type: ipv6, Location: 中国, ISP: 中国移动, Date: None, Delay: -1 ms, Speed: 0.00 M/s, Resolution: None
Name: CCTV-16, URL: https://mursor.ottiptv.cc/mst/cctv16.m3u8, From: subscribe, IPv_Type: ipv6, Location: 美国, ISP: Oracle Corporation, Date: None, Delay: -1 ms, Speed: 0.00 M/s, Resolution: None
Name: CCTV-16, URL: http://[2409:8087:8:21::18]:6610/otttv.bj.chinamobile.com/PLTV/88888888/224/3221227002/1.m3u8?, From: subscribe, IPv_Type: ipv6, Location: 中国, ISP: 中国移动, Date: None, Delay: -1 ms, Speed: 0.00 M/s, Resolution: None
Name: CCTV-16, URL: https://iptv.catvod.com/live.php?id=CCTV16, From: subscribe, IPv_Type: ipv6, Location: 美国, ISP: CloudFlare Inc., Date: None, Delay: -1 ms, Speed: 0.00 M/s, Resolution: None
Name: CCTV-16, URL: https://iptv.catvod.com/live.php?id=CCTV-16, From: subscribe, IPv_Type: ipv6, Location: 美国, ISP: CloudFlare Inc., Date: None, Delay: -1 ms, Speed: 0.00 M/s, Resolution: None
Name: CCTV-16, URL: http://ott.mobaibox.com/PLTV/3/224/3221228168/index.m3u8, From: subscribe, IPv_Type: ipv6, Location: 中国, ISP: 中国移动, Date: None, Delay: -1 ms, Speed: 0.00 M/s, Resolution: None
Name: CCTV-16, URL: http://hwottcdn.ln.chinamobile.com/PLTV/11/224/3221227071/index.m3u8, From: subscribe, IPv_Type: ipv6, Location: 中国, ISP: 中国移动, Date: None, Delay: -1 ms, Speed: 0.00 M/s, Resolution: None
Name: CCTV-16, URL: http://hwottcdn.ln.chinamobile.com/PLTV/11/224/3221227074/index.m3u8, From: subscribe, IPv_Type: ipv6, Location: 中国, ISP: 中国移动, Date: None, Delay: -1 ms, Speed: 0.00 M/s, Resolution: None
Name: CCTV-16, URL: http://hwottcdn.ln.chinamobile.com/PLTV/11/224/3221227346/index.m3u8, From: subscribe, IPv_Type: ipv6, Location: 中国, ISP: 中国移动, Date: None, Delay: -1 ms, Speed: 0.00 M/s, Resolution: None
Name: CCTV-16, URL: http://hwltc.tv.cdn.zj.chinamobile.com/PLTV/88888888/224/3221236181/index.m3u8, From: subscribe, IPv_Type: ipv6, Location: 中国, ISP: 中国移动, Date: None, Delay: -1 ms, Speed: 0.00 M/s, Resolution: None
Name: CCTV-16, URL: http://38.75.136.137:98/gslb/dsdqbv/cctv16hd.m3u8?auth=test20251009, From: subscribe, IPv_Type: ipv4, Location: 美国-伊利诺伊州-库克, ISP: Cogent, Date: None, Delay: 2620 ms, Speed: 1.48 M/s, Resolution: 1920x1080
Name: CCTV-17, URL: http://php.jdshipin.com/TVOD/hljyd.php?id=3221225765, From: subscribe, IPv_Type: ipv6, Location: 美国, ISP: CloudFlare Inc., Date: None, Delay: 0.1 ms, Speed: inf M/s, Resolution: 1920x1080
Name: CCTV-17, URL: http://[2409:8087:1a01:df::4025]:80/TVOD/88888888/224/3221225708/main.m3u8, From: subscribe, IPv_Type: ipv6, Location: 中国, ISP: 中国移动, Date: None, Delay: 0.1 ms, Speed: inf M/s, Resolution: 1920x1080
Name: CCTV-17, URL: http://[2409:8087:1a01:df::4077]/ottrrs.hl.chinamobile.com/PLTV/88888888/224/3221225765/index.m3u8, From: subscribe, IPv_Type: ipv6, Location: 中国, ISP: 中国移动, Date: None, Delay: -1 ms, Speed: 0.00 M/s, Resolution: None
Name: CCTV-17, URL: http://[2409:8087:1a01:df::4077]/ottrrs.hl.chinamobile.com/PLTV/88888888/224/3221225765/1.m3u8?icpid=88888888&from=1&hms_devid=1012&vqe=3, From: subscribe, IPv_Type: ipv6, Location: 中国, ISP: 中国移动, Date: None, Delay: -1 ms, Speed: 0.00 M/s, Resolution: None
Name: CCTV-17, URL: http://[2409:8087:1a01:df::4077]/ottrrs.hl.chinamobile.com/PLTV/88888888/8/3221225765/index.m3u8CCTV1, From: subscribe, IPv_Type: ipv6, Location: 中国, ISP: 中国移动, Date: None, Delay: -1 ms, Speed: 0.00 M/s, Resolution: None
Name: CCTV-17, URL: http://[2409:8087:1a01:df::4077]/ottrrs.hl.chinamobile.com/PLTV/88888888/8/3221225765/index.m3u8, From: subscribe, IPv_Type: ipv6, Location: 中国, ISP: 中国移动, Date: None, Delay: 0.1 ms, Speed: inf M/s, Resolution: 1920x1080
Name: CCTV-17, URL: http://[2409:8087:1a01:df::4077]:80/ottrrs.hl.chinamobile.com/PLTV/88888888/8/3221225765/index.m3u8, From: subscribe, IPv_Type: ipv6, Location: 中国, ISP: 中国移动, Date: None, Delay: -1 ms, Speed: 0.00 M/s, Resolution: None
Name: CCTV-17, URL: http://[2409:8087:1a01:df::4077]:80/ottrrs.hl.chinamobile.com/PLTV/88888888/224/3221225765/1.m3u8, From: subscribe, IPv_Type: ipv6, Location: 中国, ISP: 中国移动, Date: None, Delay: 0.1 ms, Speed: inf M/s, Resolution: 1920x1080
Name: CCTV-17, URL: http://[2409:8087:8:21::18]:6610/otttv.bj.chinamobile.com/PLTV/88888888/224/3221226318/1.m3u8, From: subscribe, IPv_Type: ipv6, Location: 中国, ISP: 中国移动, Date: None, Delay: 0.1 ms, Speed: inf M/s, Resolution: 1920x1080
Name: CCTV-17, URL: http://[2409:8087:8:21::18]:6610/otttv.bj.chinamobile.com/PLTV/88888888/224/3221226442/1.m3u8, From: subscribe, IPv_Type: ipv6, Location: 中国, ISP: 中国移动, Date: None, Delay: 0.1 ms, Speed: inf M/s, Resolution: 1920x1080
Name: CCTV-17, URL: http://[2409:8087:1a0a:df::404b]/ottrrs.hl.chinamobile.com/TVOD/88888888/224/3221225765/index.m3u8, From: subscribe, IPv_Type: ipv6, Location: 中国, ISP: 中国移动, Date: None, Delay: 0.1 ms, Speed: inf M/s, Resolution: 1920x1080
Name: CCTV-17, URL: https://www.freetv.top/migu/673168256.m3u8?migutoken=e7dc493273bb331a8b7e0d3c475924ad4706b90f18fd4775c1c134103274e9ad9d59015289e02877b65420a149fcae4f793ded0177cc600ac79d9a95a234e4a8db198072e6973c4a14c05c9dc6, From: subscribe, IPv_Type: ipv6, Location: 美国-加利福尼亚州-圣克拉拉, ISP: DigitalOcean, Date: None, Delay: 0.1 ms, Speed: inf M/s, Resolution: 1920x1080
Name: CCTV-17, URL: https://www.freetv.top/migu/673168256.m3u8?migutoken=04374bdde2e4223798159ce189b302c8599b8bb84f8d8f3cbd0adbfc1b53ae5f4a89e00409ced1e0b5b37757ed87e5ce46cab61a18a42b67837b361003b0783f61b66a24877938993b4f7a2b50, From: subscribe, IPv_Type: ipv6, Location: 美国-加利福尼亚州-圣克拉拉, ISP: DigitalOcean, Date: None, Delay: 0.1 ms, Speed: inf M/s, Resolution: 1920x1080
Name: CCTV-17, URL: https://www.freetv.top/migu/673168256.m3u8?migutoken=81ac3a9691673bbadc0abb61895a65f76edc831fc677379a77bb8b59f97b6bf03a0118033076f6f6ee6b852a9bd9b8204c27e76c8b5b659afde87697572ce5f71ff18b17f5d69edaa8778bf462, From: subscribe, IPv_Type: ipv6, Location: 美国-加利福尼亚州-圣克拉拉, ISP: DigitalOcean, Date: None, Delay: 0.1 ms, Speed: inf M/s, Resolution: 1920x1080
Name: CCTV-17, URL: https://www.freetv.top/migu/673168256.m3u8?migutoken=11fec7586772852c5b34d75ff515080f8def9861a030c98c5861b036729d642445a7bc5b0cd43e7086ca1903346f6cbad01b639771ee3bd13e653bdb2d14f169744862c9695688b0b177bc144a, From: subscribe, IPv_Type: ipv6, Location: 美国-加利福尼亚州-圣克拉拉, ISP: DigitalOcean, Date: None, Delay: 0.1 ms, Speed: inf M/s, Resolution: 1920x1080
Name: CCTV-17, URL: https://www.freetv.top/migu/673168256.m3u8?migutoken=c505aab29000098934f1ca9d5242dc3a2190c763d3b8cee6e169b420eed692acda4eda40e637ee80eda6dd8a7728facd6367052eb645c558fe35bc0b716d932a07debbc8759ebcde15c9c7f920, From: subscribe, IPv_Type: ipv6, Location: 美国-加利福尼亚州-圣克拉拉, ISP: DigitalOcean, Date: None, Delay: 0.1 ms, Speed: inf M/s, Resolution: 1920x1080
Name: CCTV-17, URL: https://www.freetv.top/migu/673168256.m3u8?migutoken=d63fc572ecc0257295e450bf7a5fc93e48375c1f7a6db73b9ee6a5587a776b53b22fcdaf1ecbca5059a2aa2e461e5a3d5381a6b4b8316d7dac6f0d6d701c34dc91e96415f35e46e35467b52736, From: subscribe, IPv_Type: ipv6, Location: 美国-加利福尼亚州-圣克拉拉, ISP: DigitalOcean, Date: None, Delay: 0.1 ms, Speed: inf M/s, Resolution: 1920x1080
Name: CCTV-17, URL: https://www.freetv.top/migu/673168256.m3u8?migutoken=0a02f2e99ab57689f9361f4e06cb466ad0e837bea6428505273ac5a09e5953f5e014292a3f9eb470f30917d612b2aef1b524a076299d87923aec1e91b1f6679a1d678e69a38b04b6b634958a7c, From: subscribe, IPv_Type: ipv6, Location: 美国-加利福尼亚州-圣克拉拉, ISP: DigitalOcean, Date: None, Delay: 0.1 ms, Speed: inf M/s, Resolution: 1920x1080
Name: CCTV-17, URL: https://www.freetv.top/migu/673168256.m3u8?migutoken=cd9ac55fddf5f22ac004018cec6a4046c41dd9f4fc2bf0d97a30aaddef8a88da0e984cf03e60fa6a6adcb81d784905e343fb6a9dae398827b1b71b5164b118d15f6762b07225d4764bce858c33, From: subscribe, IPv_Type: ipv6, Location: 美国-加利福尼亚州-圣克拉拉, ISP: DigitalOcean, Date: None, Delay: 0.1 ms, Speed: inf M/s, Resolution: 1920x1080
Name: CCTV-17, URL: https://www.freetv.top/migu/673168256.m3u8?migutoken=dff047a9026f526223c0ed1adbfabbe258e37787a9dbf6c13ddfa3dfc5be6fc055e4ec23f97b75ae545c0a460100ac52ba7ebcfbc7dc5b37f2c7cd2138c72751b2aa7e843867bd1e89f39c0060, From: subscribe, IPv_Type: ipv6, Location: 美国-加利福尼亚州-圣克拉拉, ISP: DigitalOcean, Date: None, Delay: 0.1 ms, Speed: inf M/s, Resolution: 1920x1080
Name: CCTV-17, URL: https://www.freetv.top/migu/673168256.m3u8?migutoken=9094be8a5828bcdca0c02d6805bd52cc36e4d16a29031a320eaed60d6d74d5b36653a81c659450938ab30e91f4b27468f176d304463164c178f446ff6d44d623dd787da315c58de6d4d0010bb1, From: subscribe, IPv_Type: ipv6, Location: 美国-加利福尼亚州-圣克拉拉, ISP: DigitalOcean, Date: None, Delay: 0.1 ms, Speed: inf M/s, Resolution: 1920x1080
Name: CCTV-17, URL: http://yc.myds.me:35455/gaoma/cctv17.m3u8, From: subscribe, IPv_Type: ipv6, Location: 中国, ISP: 中国电信, Date: None, Delay: 0.1 ms, Speed: inf M/s, Resolution: 1920x1080
Name: CCTV-17, URL: http://nas.suntao.online:35455/itv/1000000005000265015.m3u8?cdn=ystenlive, From: subscribe, IPv_Type: ipv6, Location: 中国, ISP: 中国联通, Date: None, Delay: 0.1 ms, Speed: inf M/s, Resolution: 1920x1080
Name: CCTV-17, URL: http://iptv.cdn.ha.chinamobile.com/PLTV/88888888/224/3221227188/index.m3u8, From: subscribe, IPv_Type: ipv6, Location: 中国, ISP: 中国移动, Date: None, Delay: 0.1 ms, Speed: inf M/s, Resolution: 1920x1080
Name: CCTV-17, URL: https://stream1.freetv.fun/b6866815f985fb51d1a8c195ef73afbd858d740c62358e35b9f665896b40dd91.m3u8, From: subscribe, IPv_Type: ipv6, Location: 美国, ISP: CloudFlare Inc., Date: None, Delay: 0.1 ms, Speed: inf M/s, Resolution: 1920x1080
Name: CCTV-17, URL: https://stream1.freetv.fun/449874b3e1a98f0960a43b24a6c3625aa31c794fb9efcddc8c782a9566e84553.m3u8, From: subscribe, IPv_Type: ipv6, Location: 美国, ISP: CloudFlare Inc., Date: None, Delay: 0.1 ms, Speed: inf M/s, Resolution: 1920x1080
Name: CCTV-17, URL: https://stream1.freetv.fun/ef60915d9516743e9d13ccf8cec20c5653b4eabe634e7f7bfbc90ff4d3798553.m3u8, From: subscribe, IPv_Type: ipv6, Location: 美国, ISP: CloudFlare Inc., Date: None, Delay: 0.1 ms, Speed: inf M/s, Resolution: 1920x1080
Name: CCTV-17, URL: https://stream1.freetv.fun/e70da46c7c0d4f2fff20967d48a6b0da3683e291d0b9a54b8bd22f36f2c46c4e.m3u8, From: subscribe, IPv_Type: ipv6, Location: 美国, ISP: CloudFlare Inc., Date: None, Delay: 0.1 ms, Speed: inf M/s, Resolution: 1920x1080
Name: CCTV-17, URL: https://stream1.freetv.fun/1316eecb8e0b4da4df15c1027663095f3479ac52479f8c8605da5c1509555414.m3u8, From: subscribe, IPv_Type: ipv6, Location: 美国, ISP: CloudFlare Inc., Date: None, Delay: 0.1 ms, Speed: inf M/s, Resolution: 1920x1080
Name: CCTV-17, URL: https://stream1.freetv.fun/23abb433c4d4d3f9b7404c436968ce01a4529c7914268869db9289798ce25dbb.m3u8, From: subscribe, IPv_Type: ipv6, Location: 美国, ISP: CloudFlare Inc., Date: None, Delay: 0.1 ms, Speed: inf M/s, Resolution: 1920x1080
Name: CCTV-17, URL: https://stream1.freetv.fun/d8b7ff5633a3ddbce9eaa0ff2431fa601b88302391aa01a7e37fbd2d940a7079.m3u8, From: subscribe, IPv_Type: ipv6, Location: 美国, ISP: CloudFlare Inc., Date: None, Delay: 0.1 ms, Speed: inf M/s, Resolution: 1920x1080
Name: CCTV-17, URL: http://hwrr.jx.chinamobile.com:8080/PLTV/88888888/224/3221225907/index.m3u8, From: subscribe, IPv_Type: ipv6, Location: 中国, ISP: 中国移动, Date: None, Delay: 0.1 ms, Speed: inf M/s, Resolution: 1920x1080
Name: CCTV-17, URL: http://lu.wqwqwq.sbs/itv/1000000005000265015.m3u8?cdn=ystenlive, From: subscribe, IPv_Type: ipv6, Location: 美国, ISP: CloudFlare Inc., Date: None, Delay: 0.1 ms, Speed: inf M/s, Resolution: 1920x1080
Name: CCTV-17, URL: http://[2409:8087:5e00:24::1e]:6060/200000001898/460000089800010210/1.m3u8, From: subscribe, IPv_Type: ipv6, Location: 中国, ISP: 中国移动, Date: None, Delay: 0.1 ms, Speed: inf M/s, Resolution: 1920x1080
Name: CCTV-17, URL: http://[2409:8087:5e01:34::22]:6610/ZTE_CMS/00000001000000060000000000000494/index.m3u8?IAS, From: subscribe, IPv_Type: ipv6, Location: 中国, ISP: 中国移动, Date: None, Delay: 0.1 ms, Speed: inf M/s, Resolution: 1920x1080
Name: CCTV-17, URL: http://[2409:8087:5e01:34::20]:6610/ZTE_CMS/00000001000000060000000000000494/index.m3u8?IAS, From: subscribe, IPv_Type: ipv6, Location: 中国, ISP: 中国移动, Date: None, Delay: 0.1 ms, Speed: inf M/s, Resolution: 1920x1080
Name: CCTV-17, URL: http://dbiptv.sn.chinamobile.com/PLTV/88888890/224/3221226198/index.m3u8, From: subscribe, IPv_Type: ipv6, Location: 中国, ISP: 中国移动, Date: None, Delay: 0.1 ms, Speed: inf M/s, Resolution: 1920x1080
Name: CCTV-17, URL: https://www.freetv.top/migu/673168256.m3u8?migutoken=1f0018205f02ce70108aadafba7fcfec39c929e9d2523f79a212c4165da5603e21b87da7118e6b0cea3eeeeccd815040f7765b3fb939716daf20de611d8c89feb7e0fbd64b5fec9a152f7776b9, From: subscribe, IPv_Type: ipv6, Location: 美国-加利福尼亚州-圣克拉拉, ISP: DigitalOcean, Date: None, Delay: 0.1 ms, Speed: inf M/s, Resolution: 1920x1080
Name: CCTV-17, URL: https://www.freetv.top/migu/673168256.m3u8?migutoken=7270a64d821d9de391cdabdf9685e61de5c0929c8486a24ac167aea6279189e5577fd24dce303030fbf1bec432df053fc57698fb48b6285a78bab608e954345314604511e497b104c51f5dc0cd, From: subscribe, IPv_Type: ipv6, Location: 美国-加利福尼亚州-圣克拉拉, ISP: DigitalOcean, Date: None, Delay: 0.1 ms, Speed: inf M/s, Resolution: 1920x1080
Name: CCTV-17, URL: http://www.freetv.top/migu/673168256.m3u8?migutoken=698e0ff1ba47e7b3e38326199e2ee0a1b7bd0b0dd192935d111a196fb0a283c3070537cce6951301b2cc3e6f7de31ffdb9b7c4095d6c008d8333e21e5070375ca86124640133c9fa4c6ffa847f, From: subscribe, IPv_Type: ipv6, Location: 美国-加利福尼亚州-圣克拉拉, ISP: DigitalOcean, Date: None, Delay: 0.1 ms, Speed: inf M/s, Resolution: 1920x1080
Name: CCTV-17, URL: http://zteres.sn.chinamobile.com:6060/000000001000/2000000003000000038/1.m3u8?channel-id=hnbblive&Contentid=2000000003000000038&livemode=1&stbId=3, From: subscribe, IPv_Type: ipv6, Location: 中国, ISP: 中国移动, Date: None, Delay: 0.1 ms, Speed: inf M/s, Resolution: 1920x1080
Name: CCTV-17, URL: http://[2409:8087:4c0a:22:1::11]:6410/170000001115/UmaiCHAN638728afa13b4/index.m3u8?AuthInfo=9kOOdBn7MFF%2F2bWjKgahUdDh4EPdDnvGlSBkYaxFdaz%2FyAI9to%2FMBBt%2FivcdSfljJ1%2FqqamWUjAiBAxNssfyBlZUDSXAIMtStS86hRHFuJM, From: subscribe, IPv_Type: ipv6, Location: 中国, ISP: 中国移动, Date: None, Delay: 0.1 ms, Speed: inf M/s, Resolution: 1920x1080
Name: CCTV-17, URL: http://[2409:8087:5e01:34::38]:6610/ZTE_CMS/00000001000000060000000000000494/index.m3u8, From: subscribe, IPv_Type: ipv6, Location: 中国, ISP: 中国移动, Date: None, Delay: 0.1 ms, Speed: inf M/s, Resolution: 1920x1080
Name: CCTV-17, URL: http://[2409:8087:5e00:24::1f]:6060/ZTE_CMS/00000001000000060000000000000494/index.m3u8, From: subscribe, IPv_Type: ipv6, Location: 中国, ISP: 中国移动, Date: None, Delay: 0.1 ms, Speed: inf M/s, Resolution: 1920x1080
Name: CCTV-17, URL: http://[2409:8087:5e01:34::21]:6610/ZTE_CMS/00000001000000060000000000000494/index.m3u8?IAS, From: subscribe, IPv_Type: ipv6, Location: 中国, ISP: 中国移动, Date: None, Delay: 0.1 ms, Speed: inf M/s, Resolution: 1920x1080
Name: CCTV-17, URL: http://[2409:8087:5e01:34::23]:6610/ZTE_CMS/00000001000000060000000000000494/index.m3u8?IAS, From: subscribe, IPv_Type: ipv6, Location: 中国, ISP: 中国移动, Date: None, Delay: 0.1 ms, Speed: inf M/s, Resolution: 1920x1080
Name: CCTV-17, URL: http://[2409:8087:74f0:22::4]:6410/270000001128/9900000513/index.m3u8, From: subscribe, IPv_Type: ipv6, Location: 中国, ISP: 中国移动, Date: None, Delay: 0.1 ms, Speed: inf M/s, Resolution: 1920x1080
Name: CCTV-17, URL: http://[2409:8087:1a01:df::7005]/ottrrs.hl.chinamobile.com/PLTV/88888888/224/3221225765/index.m3u8, From: subscribe, IPv_Type: ipv6, Location: 中国, ISP: 中国移动, Date: None, Delay: 0.1 ms, Speed: inf M/s, Resolution: 1920x1080
Name: CCTV-17, URL: http://[2409:8087:3869:8021:1001::e5]:6610/PLTV/88888910/224/3221225909/index.m3u8, From: subscribe, IPv_Type: ipv6, Location: 中国, ISP: 中国移动, Date: None, Delay: -1 ms, Speed: 0.00 M/s, Resolution: None
Name: CCTV-17, URL: http://rrs01.hw.gmcc.net:8088/PLTV/81/224/3221226660/1.m3u8, From: subscribe, IPv_Type: ipv6, Location: 中国, ISP: 中国移动, Date: None, Delay: -1 ms, Speed: 0.00 M/s, Resolution: None
Name: CCTV-17, URL: http://k.061899.xyz/m.php?id=cctv17, From: subscribe, IPv_Type: ipv6, Location: 新加坡, ISP: Aceville Pte.Ltd., Date: None, Delay: -1 ms, Speed: 0.00 M/s, Resolution: None
Name: CCTV-17, URL: http://[2409:8087:1a15:10d1::36]/ottrrs.hl.chinamobile.com/PLTV/88888888/224/3221225765/index.m3u8, From: subscribe, IPv_Type: ipv6, Location: 中国, ISP: 中国移动, Date: None, Delay: -1 ms, Speed: 0.00 M/s, Resolution: None
Name: CCTV-17, URL: http://[2409:8087:1a15:10d1::37]/ottrrs.hl.chinamobile.com/PLTV/88888888/224/3221225765/index.m3u8, From: subscribe, IPv_Type: ipv6, Location: 中国, ISP: 中国移动, Date: None, Delay: -1 ms, Speed: 0.00 M/s, Resolution: None
Name: CCTV-17, URL: http://[2409:8087:5e08:25::16]:6610/200000001898/460000089800010049/1.m3u8, From: subscribe, IPv_Type: ipv6, Location: 中国, ISP: 中国移动, Date: None, Delay: -1 ms, Speed: 0.00 M/s, Resolution: None
Name: CCTV-17, URL: https://migu.188766.xyz/?migutoken=ca7c805bd0483cd846605456f8499a63&id=CCTV17&pp=1, From: subscribe, IPv_Type: ipv6, Location: 美国, ISP: CloudFlare Inc., Date: None, Delay: -1 ms, Speed: 0.00 M/s, Resolution: None
Name: CCTV-17, URL: https://mgtv.ottiptv.cc/migu/673168256.m3u8?migutoken=3f353a2e7486efd95f8b3a2a3c008ce67713baac7a59b01b8d3ca384275df1e5a8e6b43bec97f53b6e5d8cb9744ae2db39d23ac4030d4e77e7b657182a28cd905572ee288c25f435f584dff4c0, From: subscribe, IPv_Type: ipv6, Location: 美国-新泽西州-巴赛克, ISP: DigitalOcean, Date: None, Delay: -1 ms, Speed: 0.00 M/s, Resolution: None
Name: CCTV-17, URL: https://cc06.tv12.xyz/17.m3u8, From: subscribe, IPv_Type: ipv6, Location: 美国, ISP: CloudFlare Inc., Date: None, Delay: -1 ms, Speed: 0.00 M/s, Resolution: None
Name: CCTV-17, URL: http://gslbmgsplive.miguvideo.com/migu/kailu/20200324/cctv17hd/51/index.m3u8?msisdn=202509190801317f2e999c5d84485590fa868100c8a04e&mdspid=&spid=699004&netType=0&sid=5501083631&pid=2028597139&timestamp=20250919080131&Channel_ID=0116_2600000900-99000-201600010010027&ProgramID=673168256&ParentNodeID=-99&assertID=5501083631&client_ip=106.13.250.88&SecurityKey=20250919080131&promotionId=&mvid=5102910396&mcid=500020&playurlVersion=WX-A1-8.9.1-RELEASE&userid=&jmhm=&videocodec=h264&bean=mgspad&tid=android&conFee=0&puData=d795e9c879810e53acb9781d15dc56ef&ddCalcu=fde7e691553ce0d95c18d719887190bec5a3, From: subscribe, IPv_Type: ipv6, Location: 中国, ISP: 中国移动, Date: None, Delay: -1 ms, Speed: 0.00 M/s, Resolution: None
Name: CCTV-17, URL: https://jzb.wwkejishe.top/?id=594, From: subscribe, IPv_Type: ipv6, Location: 美国, ISP: CloudFlare Inc., Date: None, Delay: -1 ms, Speed: 0.00 M/s, Resolution: None
Name: CCTV-17, URL: https://migu.188766.xyz/?migutoken=c3938876c7d9de6c38a464fec79390dd&id=CCTV17&type=yy, From: subscribe, IPv_Type: ipv6, Location: 美国, ISP: CloudFlare Inc., Date: None, Delay: -1 ms, Speed: 0.00 M/s, Resolution: None
Name: CCTV-17, URL: https://live.chinacert.cftest5.cn/mg/?id=673168256, From: subscribe, IPv_Type: ipv6, Location: 中国, ISP: 中国移动, Date: None, Delay: -1 ms, Speed: 0.00 M/s, Resolution: None
Name: CCTV-17, URL: https://migu.188766.xyz/?migutoken=04ec258ff9341f41b04628581ad50533&id=CCTV17&type=yy, From: subscribe, IPv_Type: ipv6, Location: 美国, ISP: CloudFlare Inc., Date: None, Delay: -1 ms, Speed: 0.00 M/s, Resolution: None
Name: CCTV-17, URL: http://[2409:8087:8:21::18]:6610/otttv.bj.chinamobile.com/PLTV/88888888/224/3221226318/1.m3u8?, From: subscribe, IPv_Type: ipv6, Location: 中国, ISP: 中国移动, Date: None, Delay: -1 ms, Speed: 0.00 M/s, Resolution: None
Name: CCTV-17, URL: https://migu.188766.xyz/?migutoken=065f5b186eb204ba17467eea642fb4b3&id=CCTV17&type=yy, From: subscribe, IPv_Type: ipv6, Location: 美国, ISP: CloudFlare Inc., Date: None, Delay: -1 ms, Speed: 0.00 M/s, Resolution: None
Name: CCTV-17, URL: https://migu.188766.xyz/?migutoken=1fa33afae4ae3f93c5b4764bea4d4b62&id=CCTV17&type=yy, From: subscribe, IPv_Type: ipv6, Location: 美国, ISP: CloudFlare Inc., Date: None, Delay: -1 ms, Speed: 0.00 M/s, Resolution: None
Name: CCTV-17, URL: https://migu.188766.xyz/?migutoken=c8c6ca743fce59879702fd1776c3af3c&id=CCTV17&type=yy, From: subscribe, IPv_Type: ipv6, Location: 美国, ISP: CloudFlare Inc., Date: None, Delay: -1 ms, Speed: 0.00 M/s, Resolution: None
Name: CCTV-17, URL: https://migu.188766.xyz/?migutoken=ab863b9e8c586297129c324abaa9d8e1&id=CCTV17&type=yy, From: subscribe, IPv_Type: ipv6, Location: 美国, ISP: CloudFlare Inc., Date: None, Delay: -1 ms, Speed: 0.00 M/s, Resolution: None
Name: CCTV-17, URL: https://migu.188766.xyz/?migutoken=1e0b074a74a98beb9e7fb607d8fd23ed&id=CCTV17&type=yy, From: subscribe, IPv_Type: ipv6, Location: 美国, ISP: CloudFlare Inc., Date: None, Delay: -1 ms, Speed: 0.00 M/s, Resolution: None
Name: CCTV-17, URL: https://migu.188766.xyz/?migutoken=2637299a4f963697d56780d50f590318&id=CCTV17&type=yy, From: subscribe, IPv_Type: ipv6, Location: 美国, ISP: CloudFlare Inc., Date: None, Delay: -1 ms, Speed: 0.00 M/s, Resolution: None
Name: CCTV-17, URL: https://iptv.catvod.com/live.php?id=CCTV17, From: subscribe, IPv_Type: ipv6, Location: 美国, ISP: CloudFlare Inc., Date: None, Delay: -1 ms, Speed: 0.00 M/s, Resolution: None
Name: CCTV-17, URL: https://migu.188766.xyz/?migutoken=7829a098db9427cd2b76738483e7efdc&id=CCTV17&type=yy, From: subscribe, IPv_Type: ipv6, Location: 美国, ISP: CloudFlare Inc., Date: None, Delay: -1 ms, Speed: 0.00 M/s, Resolution: None
Name: CCTV-17, URL: https://migu.188766.xyz/?migutoken=ec323d554cb67cccc27a2fb47b1f9fb8&id=CCTV17&type=yy, From: subscribe, IPv_Type: ipv6, Location: 美国, ISP: CloudFlare Inc., Date: None, Delay: -1 ms, Speed: 0.00 M/s, Resolution: None
Name: CCTV-17, URL: https://migu.188766.xyz/?migutoken=a3460ccaeda17077253874f47801d179&id=CCTV17&type=yy, From: subscribe, IPv_Type: ipv6, Location: 美国, ISP: CloudFlare Inc., Date: None, Delay: -1 ms, Speed: 0.00 M/s, Resolution: None
Name: CCTV-17, URL: https://migu.188766.xyz/?migutoken=746774372368673c79e9845b5332c4f3&id=CCTV17&type=yy, From: subscribe, IPv_Type: ipv6, Location: 美国, ISP: CloudFlare Inc., Date: None, Delay: -1 ms, Speed: 0.00 M/s, Resolution: None
Name: CCTV-17, URL: https://iptv.catvod.com/live.php?id=CCTV-17, From: subscribe, IPv_Type: ipv6, Location: 美国, ISP: CloudFlare Inc., Date: None, Delay: -1 ms, Speed: 0.00 M/s, Resolution: None
Name: CCTV-17, URL: https://migu.188766.xyz/?migutoken=2a2beeb8513ece879845089ba29d642c&id=CCTV17&type=yy, From: subscribe, IPv_Type: ipv6, Location: 美国, ISP: CloudFlare Inc., Date: None, Delay: -1 ms, Speed: 0.00 M/s, Resolution: None
Name: CCTV-17, URL: https://migu.188766.xyz/?migutoken=091df4ef028d60cff5f814489663c3ab&id=CCTV17&type=yy, From: subscribe, IPv_Type: ipv6, Location: 美国, ISP: CloudFlare Inc., Date: None, Delay: -1 ms, Speed: 0.00 M/s, Resolution: None
Name: CCTV-17, URL: http://gslbmgsplive.miguvideo.com/migu/kailu/20200324/cctv17hd/50/index.m3u8?msisdn=20251212080222f88adfac0aaf4c9d9c0a50becb181290&mdspid=&spid=699004&netType=0&sid=5501083631&pid=2028597139&timestamp=20251212080222&Channel_ID=0116_2600037000-99000-200300220100002&ProgramID=673168256&ParentNodeID=-99&assertID=5501083631&client_ip=218.28.233.106&SecurityKey=20251212080222&promotionId=&mvid=5102910396&mcid=500020&playurlVersion=ZQ-A1-8.12.1-RELEASE&userid=&jmhm=&videocodec=h264&appCode=miguvideo_android&bean=mgspad&tid=android&conFee=0&puData=9933008c00a1c54d16a373aa37c6e963&ddCalcu=3969v93ae3a60ac0783ca0a03a713ca5641d&sv=10004&ct=android, From: subscribe, IPv_Type: ipv6, Location: 中国, ISP: 中国移动, Date: None, Delay: -1 ms, Speed: 0.00 M/s, Resolution: None
Name: CCTV-17, URL: https://migu.188766.xyz/?migutoken=27a9a7cdc136cdd9b7b2c7fbaecfe968&id=CCTV17&type=yy, From: subscribe, IPv_Type: ipv6, Location: 美国, ISP: CloudFlare Inc., Date: None, Delay: -1 ms, Speed: 0.00 M/s, Resolution: None
Name: CCTV-17, URL: https://migu.188766.xyz/?migutoken=2ae41eb51d31b1ebf16144da30c867eb&id=CCTV17&type=yy, From: subscribe, IPv_Type: ipv6, Location: 美国, ISP: CloudFlare Inc., Date: None, Delay: -1 ms, Speed: 0.00 M/s, Resolution: None
Name: CCTV-17, URL: https://migu.188766.xyz/?migutoken=fa7ddf6d0dc824511c5b481c2b4c9b8c&id=CCTV17&type=yy, From: subscribe, IPv_Type: ipv6, Location: 美国, ISP: CloudFlare Inc., Date: None, Delay: -1 ms, Speed: 0.00 M/s, Resolution: None
Name: CCTV-17, URL: https://migu.188766.xyz/?migutoken=8ee5952783eeeeedc4c226ceb9cfd400&id=CCTV17&type=yy, From: subscribe, IPv_Type: ipv6, Location: 美国, ISP: CloudFlare Inc., Date: None, Delay: -1 ms, Speed: 0.00 M/s, Resolution: None
Name: CCTV-17, URL: https://migu.188766.xyz/?migutoken=915965a3c209b4a3a9225ffecf328816&id=CCTV17&type=yy, From: subscribe, IPv_Type: ipv6, Location: 美国, ISP: CloudFlare Inc., Date: None, Delay: -1 ms, Speed: 0.00 M/s, Resolution: None
Name: CCTV-17, URL: https://migu.188766.xyz/?migutoken=81d591e543592b5696c870095162df22&id=CCTV17&type=yy, From: subscribe, IPv_Type: ipv6, Location: 美国, ISP: CloudFlare Inc., Date: None, Delay: -1 ms, Speed: 0.00 M/s, Resolution: None
Name: CCTV-17, URL: https://migu.188766.xyz/?migutoken=e1fda704820f2dd55bb2d0fc6c3413c6&id=CCTV17&type=yy, From: subscribe, IPv_Type: ipv6, Location: 美国, ISP: CloudFlare Inc., Date: None, Delay: -1 ms, Speed: 0.00 M/s, Resolution: None
Name: CCTV-17, URL: https://migu.188766.xyz/?migutoken=10c9ac776fedbe9dd8cff4f9b16bc0ee&id=CCTV17&type=yy, From: subscribe, IPv_Type: ipv6, Location: 美国, ISP: CloudFlare Inc., Date: None, Delay: -1 ms, Speed: 0.00 M/s, Resolution: None
Name: CCTV-17, URL: https://migu.188766.xyz/?migutoken=bd31dcc932beac008dd1a8e9f3d4c950&id=CCTV17&type=yy, From: subscribe, IPv_Type: ipv6, Location: 美国, ISP: CloudFlare Inc., Date: None, Delay: -1 ms, Speed: 0.00 M/s, Resolution: None
Name: CCTV-17, URL: https://migu.188766.xyz/?migutoken=b7820bdeb09b58447bbb3abb594f5327&id=CCTV17&type=yy, From: subscribe, IPv_Type: ipv6, Location: 美国, ISP: CloudFlare Inc., Date: None, Delay: -1 ms, Speed: 0.00 M/s, Resolution: None
Name: CCTV-17, URL: https://migu.188766.xyz/?migutoken=8b1d70e50d1c2ac0ac13969fc81db63e&id=CCTV17&type=yy, From: subscribe, IPv_Type: ipv6, Location: 美国, ISP: CloudFlare Inc., Date: None, Delay: -1 ms, Speed: 0.00 M/s, Resolution: None
Name: CCTV-17, URL: https://migu.188766.xyz/?migutoken=a596c175a3467934450c42d496dd6641&id=CCTV17&type=yy, From: subscribe, IPv_Type: ipv6, Location: 美国, ISP: CloudFlare Inc., Date: None, Delay: -1 ms, Speed: 0.00 M/s, Resolution: None
Name: CCTV-17, URL: https://migu.188766.xyz/?migutoken=0fa3d96231c0611ea279e92932e2d36d&id=CCTV17&type=yy, From: subscribe, IPv_Type: ipv6, Location: 美国, ISP: CloudFlare Inc., Date: None, Delay: -1 ms, Speed: 0.00 M/s, Resolution: None
Name: CCTV-17, URL: https://migu.188766.xyz/?migutoken=40e32e9065692d22dd5f41e14ea6c18d&id=CCTV17&type=yy, From: subscribe, IPv_Type: ipv6, Location: 美国, ISP: CloudFlare Inc., Date: None, Delay: -1 ms, Speed: 0.00 M/s, Resolution: None
Name: CCTV-17, URL: https://migu.188766.xyz/?migutoken=bc70995109561a7e44e2a6d240c1b6bc&id=CCTV17&type=yy, From: subscribe, IPv_Type: ipv6, Location: 美国, ISP: CloudFlare Inc., Date: None, Delay: -1 ms, Speed: 0.00 M/s, Resolution: None
Name: CCTV-17, URL: https://migu.188766.xyz/?migutoken=c8a0d744bee29ce250c8aa0417436302&id=CCTV17&type=yy, From: subscribe, IPv_Type: ipv6, Location: 美国, ISP: CloudFlare Inc., Date: None, Delay: -1 ms, Speed: 0.00 M/s, Resolution: None
Name: CCTV-17, URL: https://migu.188766.xyz/?migutoken=31a2b7f2b22da660bf0cc5a86998a394&id=CCTV17&type=yy, From: subscribe, IPv_Type: ipv6, Location: 美国, ISP: CloudFlare Inc., Date: None, Delay: -1 ms, Speed: 0.00 M/s, Resolution: None
Name: CCTV-17, URL: https://migu.188766.xyz/?migutoken=de91db50a94ac7f3538eea23db4cf1f1&id=CCTV17&type=yy, From: subscribe, IPv_Type: ipv6, Location: 美国, ISP: CloudFlare Inc., Date: None, Delay: -1 ms, Speed: 0.00 M/s, Resolution: None
Name: CCTV-17, URL: https://migu.188766.xyz/?migutoken=ad091f0d34648a5911882a19a16f55e9&id=CCTV17&type=yy, From: subscribe, IPv_Type: ipv6, Location: 美国, ISP: CloudFlare Inc., Date: None, Delay: -1 ms, Speed: 0.00 M/s, Resolution: None
Name: CCTV-17, URL: https://migu.188766.xyz/?migutoken=11f897339a5548f16fc1c07e4057b2d6&id=CCTV17&type=yy, From: subscribe, IPv_Type: ipv6, Location: 美国, ISP: CloudFlare Inc., Date: None, Delay: -1 ms, Speed: 0.00 M/s, Resolution: None
Name: CCTV-17, URL: https://migu.188766.xyz/?migutoken=3c8c2a1bffdeff9062bcbc9f5998bbbb&id=CCTV17&type=yy, From: subscribe, IPv_Type: ipv6, Location: 美国, ISP: CloudFlare Inc., Date: None, Delay: -1 ms, Speed: 0.00 M/s, Resolution: None
Name: CCTV-17, URL: https://migu.188766.xyz/?migutoken=c78a166604de3255ae56589d891f4c91&id=CCTV17&type=yy, From: subscribe, IPv_Type: ipv6, Location: 美国, ISP: CloudFlare Inc., Date: None, Delay: -1 ms, Speed: 0.00 M/s, Resolution: None
Name: CCTV-17, URL: https://migu.188766.xyz/?migutoken=bdeb6d39dcb2a59fa088698d0d2f00eb&id=CCTV17&type=yy, From: subscribe, IPv_Type: ipv6, Location: 美国, ISP: CloudFlare Inc., Date: None, Delay: -1 ms, Speed: 0.00 M/s, Resolution: None
Name: CCTV-17, URL: https://migu.188766.xyz/?migutoken=c9500b402c2ef625623e2486872239e8&id=CCTV17&type=yy, From: subscribe, IPv_Type: ipv6, Location: 美国, ISP: CloudFlare Inc., Date: None, Delay: -1 ms, Speed: 0.00 M/s, Resolution: None
Name: CCTV-17, URL: https://migu.188766.xyz/?migutoken=4feb7e427dc6ae82cb0405808bc4f13b&id=CCTV17&type=yy, From: subscribe, IPv_Type: ipv6, Location: 美国, ISP: CloudFlare Inc., Date: None, Delay: -1 ms, Speed: 0.00 M/s, Resolution: None
Name: CCTV-17, URL: https://migu.188766.xyz/?migutoken=1881a68038bd394b34879118e9d53c27&id=CCTV17&type=yy, From: subscribe, IPv_Type: ipv6, Location: 美国, ISP: CloudFlare Inc., Date: None, Delay: -1 ms, Speed: 0.00 M/s, Resolution: None
Name: CCTV-17, URL: https://migu.188766.xyz/?migutoken=19ace71c88c516a6cb7d65a93f79549d&id=CCTV17&type=yy, From: subscribe, IPv_Type: ipv6, Location: 美国, ISP: CloudFlare Inc., Date: None, Delay: -1 ms, Speed: 0.00 M/s, Resolution: None
Name: CCTV-17, URL: https://migu.188766.xyz/?migutoken=6f08cfcbe37719947f502f4732ab4fea&id=CCTV17&type=yy, From: subscribe, IPv_Type: ipv6, Location: 美国, ISP: CloudFlare Inc., Date: None, Delay: -1 ms, Speed: 0.00 M/s, Resolution: None
Name: CCTV-17, URL: https://migu.188766.xyz/?migutoken=26f56fb7410663ebf674510316e72663&id=CCTV17&type=yy, From: subscribe, IPv_Type: ipv6, Location: 美国, ISP: CloudFlare Inc., Date: None, Delay: -1 ms, Speed: 0.00 M/s, Resolution: None
Name: CCTV-17, URL: https://migu.188766.xyz/?migutoken=bb601dee99de1418fcac9863974d36f2&id=CCTV17&type=yy, From: subscribe, IPv_Type: ipv6, Location: 美国, ISP: CloudFlare Inc., Date: None, Delay: -1 ms, Speed: 0.00 M/s, Resolution: None
Name: CCTV-17, URL: https://migu.188766.xyz/?migutoken=c060c39cf0af391368bc499b03b79a9a&id=CCTV17&type=yy, From: subscribe, IPv_Type: ipv6, Location: 美国, ISP: CloudFlare Inc., Date: None, Delay: -1 ms, Speed: 0.00 M/s, Resolution: None
Name: CCTV-17, URL: https://migu.188766.xyz/?migutoken=4f74b57ca043219723af9574ab7121a2&id=CCTV17&type=yy, From: subscribe, IPv_Type: ipv6, Location: 美国, ISP: CloudFlare Inc., Date: None, Delay: -1 ms, Speed: 0.00 M/s, Resolution: None
Name: CCTV-17, URL: https://migu.188766.xyz/?migutoken=59cdab67dbc355f0546a7a38abe13a4d&id=CCTV17&type=yy, From: subscribe, IPv_Type: ipv6, Location: 美国, ISP: CloudFlare Inc., Date: None, Delay: -1 ms, Speed: 0.00 M/s, Resolution: None
Name: CCTV-17, URL: https://migu.188766.xyz/?migutoken=9329985fa4cf1658da3753d2ff66cc8a&id=CCTV17&type=yy, From: subscribe, IPv_Type: ipv6, Location: 美国, ISP: CloudFlare Inc., Date: None, Delay: -1 ms, Speed: 0.00 M/s, Resolution: None
Name: CCTV-17, URL: https://migu.188766.xyz/?migutoken=d944543e3216e1f96b71a9c80db844d8&id=CCTV17&type=yy, From: subscribe, IPv_Type: ipv6, Location: 美国, ISP: CloudFlare Inc., Date: None, Delay: -1 ms, Speed: 0.00 M/s, Resolution: None
Name: CCTV-17, URL: https://migu.188766.xyz/?migutoken=6e8f0ce24e6992edd268da6eb19b19b4&id=CCTV17&type=yy, From: subscribe, IPv_Type: ipv6, Location: 美国, ISP: CloudFlare Inc., Date: None, Delay: -1 ms, Speed: 0.00 M/s, Resolution: None
Name: CCTV-17, URL: https://migu.188766.xyz/?migutoken=36439288f6866850b7dd1774671196dd&id=CCTV17&type=yy, From: subscribe, IPv_Type: ipv6, Location: 美国, ISP: CloudFlare Inc., Date: None, Delay: -1 ms, Speed: 0.00 M/s, Resolution: None
Name: CCTV-17, URL: https://migu.188766.xyz/?migutoken=d32625450edaf4b0d4736fab06ee86d7&id=CCTV17&type=yy, From: subscribe, IPv_Type: ipv6, Location: 美国, ISP: CloudFlare Inc., Date: None, Delay: -1 ms, Speed: 0.00 M/s, Resolution: None
Name: CCTV-17, URL: https://migu.188766.xyz/?migutoken=a93263a295c77d86309de71449531ddc&id=CCTV17&type=yy, From: subscribe, IPv_Type: ipv6, Location: 美国, ISP: CloudFlare Inc., Date: None, Delay: -1 ms, Speed: 0.00 M/s, Resolution: None
Name: CCTV-17, URL: https://migu.188766.xyz/?migutoken=7de294a5c0ce218e5ea297eccbccb3c8&id=CCTV17&type=yy, From: subscribe, IPv_Type: ipv6, Location: 美国, ISP: CloudFlare Inc., Date: None, Delay: -1 ms, Speed: 0.00 M/s, Resolution: None
Name: CCTV-17, URL: http://pull-hls-f26.douyincdn.com/media/stream-118704554834395820.m3u8?arch_hrchy=w1&exp_hrchy=w1&expire=69780e69&major_anchor_level=common&sign=3110e51e78d0ef28cef8b792af1560fa&t_id=037-20260120090129CB135EAED6411C70974A-WTvAu3, From: subscribe, IPv_Type: ipv6, Location: 中国, ISP: , Date: None, Delay: -1 ms, Speed: 0.00 M/s, Resolution: None
Name: CCTV-17, URL: https://migu.188766.xyz/?migutoken=16ff9fd054cf37692f0ff72a65f4dc1d&id=CCTV17&type=yy, From: subscribe, IPv_Type: ipv6, Location: 美国, ISP: CloudFlare Inc., Date: None, Delay: -1 ms, Speed: 0.00 M/s, Resolution: None
Name: CCTV-17, URL: https://migu.188766.xyz/?migutoken=47b3ba758b3b90b539192c638bfc2d4c&id=CCTV17&type=yy, From: subscribe, IPv_Type: ipv6, Location: 美国, ISP: CloudFlare Inc., Date: None, Delay: -1 ms, Speed: 0.00 M/s, Resolution: None
Name: CCTV-17, URL: https://migu.188766.xyz/?migutoken=33b253caddb9f550c4d2231c1e829486&id=CCTV17&type=yy, From: subscribe, IPv_Type: ipv6, Location: 美国, ISP: CloudFlare Inc., Date: None, Delay: -1 ms, Speed: 0.00 M/s, Resolution: None
Name: CCTV-17, URL: https://migu.188766.xyz/?migutoken=7f08bddad1a617b620f5bc984b004aa8&id=CCTV17&type=yy, From: subscribe, IPv_Type: ipv6, Location: 美国, ISP: CloudFlare Inc., Date: None, Delay: -1 ms, Speed: 0.00 M/s, Resolution: None
Name: CCTV-17, URL: https://migu.188766.xyz/?migutoken=e4a0c966beea738f1e29989ec76e2cc2&id=CCTV17&type=yy, From: subscribe, IPv_Type: ipv6, Location: 美国, ISP: CloudFlare Inc., Date: None, Delay: -1 ms, Speed: 0.00 M/s, Resolution: None
Name: CCTV-17, URL: https://migu.188766.xyz/?migutoken=89fb95f6566da6916524f31bfbb11197&id=CCTV17&type=yy, From: subscribe, IPv_Type: ipv6, Location: 美国, ISP: CloudFlare Inc., Date: None, Delay: -1 ms, Speed: 0.00 M/s, Resolution: None
Name: CCTV-17, URL: https://migu.188766.xyz/?migutoken=b3374796e95ff7aebcc1c98006aa36a5&id=CCTV17&type=yy, From: subscribe, IPv_Type: ipv6, Location: 美国, ISP: CloudFlare Inc., Date: None, Delay: -1 ms, Speed: 0.00 M/s, Resolution: None
Name: CCTV-17, URL: https://migu.188766.xyz/?migutoken=4b7e478504fa8a5d62b866cb9c80b15d&id=CCTV17&type=yy, From: subscribe, IPv_Type: ipv6, Location: 美国, ISP: CloudFlare Inc., Date: None, Delay: -1 ms, Speed: 0.00 M/s, Resolution: None
Name: CCTV-17, URL: https://migu.188766.xyz/?migutoken=5e97bd90c94e2edb3d5bf5337d87e59c&id=CCTV17&type=yy, From: subscribe, IPv_Type: ipv6, Location: 美国, ISP: CloudFlare Inc., Date: None, Delay: -1 ms, Speed: 0.00 M/s, Resolution: None
Name: CCTV-17, URL: https://migu.188766.xyz/?migutoken=2eb4628a96ddb7a71e60b9805ad5c13e&id=CCTV17&type=yy, From: subscribe, IPv_Type: ipv6, Location: 美国, ISP: CloudFlare Inc., Date: None, Delay: -1 ms, Speed: 0.00 M/s, Resolution: None
Name: CCTV-17, URL: https://migu.188766.xyz/?migutoken=3251cae6dcf215c81e2803a07432a1ce&id=CCTV17&type=yy, From: subscribe, IPv_Type: ipv6, Location: 美国, ISP: CloudFlare Inc., Date: None, Delay: -1 ms, Speed: 0.00 M/s, Resolution: None
Name: CCTV-17, URL: http://pull-hs-f5.flive.douyincdn.com/media/stream-695234889566126764/index.m3u8?arch_hrchy=w1&exp_hrchy=w1&expire=1770510943&major_anchor_level=common&sign=dd29a839e4c1695baa854e62d1520175&t_id=037-20260201083542E2A9E7FA3B89F8A17BA8-arf6Qh&volcSecret=dd29a839e4c1695baa854e62d1520175&volcTime=1770510943, From: subscribe, IPv_Type: ipv6, Location: 美国, ISP: , Date: None, Delay: -1 ms, Speed: 0.00 M/s, Resolution: None
Name: CCTV-17, URL: https://migu.188766.xyz/?migutoken=8e44a23a9baa0291e3f799f373249cf8&id=CCTV17&type=yy, From: subscribe, IPv_Type: ipv6, Location: 美国, ISP: CloudFlare Inc., Date: None, Delay: -1 ms, Speed: 0.00 M/s, Resolution: None
Name: CCTV-17, URL: https://migu.188766.xyz/?migutoken=80f9884ad1a3d41b644bef67892f3c38&id=CCTV17&type=yy, From: subscribe, IPv_Type: ipv6, Location: 美国, ISP: CloudFlare Inc., Date: None, Delay: -1 ms, Speed: 0.00 M/s, Resolution: None
Name: CCTV-17, URL: https://migu.188766.xyz/?migutoken=cc5db4dc6bcdb9775410a8e917e36133&id=CCTV17&type=yy, From: subscribe, IPv_Type: ipv6, Location: 美国, ISP: CloudFlare Inc., Date: None, Delay: -1 ms, Speed: 0.00 M/s, Resolution: None
Name: CCTV-17, URL: https://migu.188766.xyz/?migutoken=cc9dbb0d22f7c46714bbdc0f05768543&id=CCTV17&type=yy, From: subscribe, IPv_Type: ipv6, Location: 美国, ISP: CloudFlare Inc., Date: None, Delay: -1 ms, Speed: 0.00 M/s, Resolution: None
Name: CCTV-17, URL: https://migu.188766.xyz/?migutoken=efca44674153130757c765255c70c359&id=CCTV17&type=yy, From: subscribe, IPv_Type: ipv6, Location: 美国, ISP: CloudFlare Inc., Date: None, Delay: -1 ms, Speed: 0.00 M/s, Resolution: None
Name: CCTV-17, URL: https://migu.188766.xyz/?migutoken=22262e3be27220bb1c2c6395e395e211&id=CCTV17&type=yy, From: subscribe, IPv_Type: ipv6, Location: 美国, ISP: CloudFlare Inc., Date: None, Delay: -1 ms, Speed: 0.00 M/s, Resolution: None
Name: CCTV-17, URL: https://migu.188766.xyz/?migutoken=699d2f983a908265c62b3d1fb78d8935&id=CCTV17&type=yy, From: subscribe, IPv_Type: ipv6, Location: 美国, ISP: CloudFlare Inc., Date: None, Delay: -1 ms, Speed: 0.00 M/s, Resolution: None
Name: CCTV-17, URL: https://migu.188766.xyz/?migutoken=85946572d10cd8bbc263e1af1eaf5d9d&id=CCTV17&type=yy, From: subscribe, IPv_Type: ipv6, Location: 美国, ISP: CloudFlare Inc., Date: None, Delay: -1 ms, Speed: 0.00 M/s, Resolution: None
Name: CCTV-17, URL: https://migu.188766.xyz/?migutoken=9501fa047d408cf6b74df694003a9518&id=CCTV17&type=yy, From: subscribe, IPv_Type: ipv6, Location: 美国, ISP: CloudFlare Inc., Date: None, Delay: -1 ms, Speed: 0.00 M/s, Resolution: None
Name: CCTV-17, URL: https://migu.188766.xyz/?migutoken=af0d619a27024c2224b9002efe54be51&id=CCTV17&type=yy, From: subscribe, IPv_Type: ipv6, Location: 美国, ISP: CloudFlare Inc., Date: None, Delay: -1 ms, Speed: 0.00 M/s, Resolution: None
Name: CCTV-17, URL: https://migu.188766.xyz/?migutoken=34d005602f936605a24960a51516cb7c&id=CCTV17&type=yy, From: subscribe, IPv_Type: ipv6, Location: 美国, ISP: CloudFlare Inc., Date: None, Delay: -1 ms, Speed: 0.00 M/s, Resolution: None
Name: CCTV-17, URL: https://migu.188766.xyz/?migutoken=431f2ba04c70d2c97b97d0b78517f726&id=CCTV17&type=yy, From: subscribe, IPv_Type: ipv6, Location: 美国, ISP: CloudFlare Inc., Date: None, Delay: -1 ms, Speed: 0.00 M/s, Resolution: None
Name: CCTV-17, URL: http://pull-hls-f11.douyincdn.com/media/stream-695298859153752748.m3u8?arch_hrchy=w1&exp_hrchy=w1&expire=1771463708&major_anchor_level=common&sign=708998c737cbaa4a6c56a71ad9384156&t_id=037-202602120915076A7E8CC5831E48650F02-GFlq4b, From: subscribe, IPv_Type: ipv6, Location: 中国, ISP: 中国联通, Date: None, Delay: -1 ms, Speed: 0.00 M/s, Resolution: None
Name: CCTV-17, URL: https://migu.188766.xyz/?migutoken=2cb662d9e591ab51660b52c965f3f91e&id=CCTV17&type=yy, From: subscribe, IPv_Type: ipv6, Location: 美国, ISP: CloudFlare Inc., Date: None, Delay: -1 ms, Speed: 0.00 M/s, Resolution: None
Name: CCTV-17, URL: https://migu.188766.xyz/?migutoken=dd15956f5f202e1f6dba673df321c101&id=CCTV17&type=yy, From: subscribe, IPv_Type: ipv6, Location: 美国, ISP: CloudFlare Inc., Date: None, Delay: -1 ms, Speed: 0.00 M/s, Resolution: None
Name: CCTV-17, URL: http://mgsp-ws2.live.miguvideo.com:8088/migu/kailu/20200324/cctv17hd/51/index.m3u8?msisdn=e55e9ee71b42d2d7008a152c069625e3&mdspid=&spid=699004&netType=0&sid=5501083631&pid=2028597139&timestamp=20260215080205&Channel_ID=0116_2600034600-99000-201600010010028&ProgramID=673168256&ParentNodeID=-99&assertID=5501083631&client_ip=218.28.233.106&SecurityKey=20260215080205&promotionId=&mvid=5102910396&mcid=500020&playurlVersion=WX-A1-9.2.1-RELEASE&userid=&jmhm=&videocodec=h264&appCode=miguvideo_android&bean=mgspad&tid=android&conFee=0&encrypt=e2b175242321eef543bf92f4894f55f9&sv=10004&ct=android, From: subscribe, IPv_Type: ipv6, Location: 加拿大, ISP: , Date: None, Delay: -1 ms, Speed: 0.00 M/s, Resolution: None
Name: CCTV-17, URL: https://migu.188766.xyz/?migutoken=2f1317551c006ab118a71dad1f79a637&id=CCTV17&type=yy, From: subscribe, IPv_Type: ipv6, Location: 美国, ISP: CloudFlare Inc., Date: None, Delay: -1 ms, Speed: 0.00 M/s, Resolution: None
Name: CCTV-17, URL: http://mgsp-hs2.live.miguvideo.com:8088/migu/kailu/20200324/cctv17hd/51/index.m3u8?msisdn=e55e9ee71b42d2d7008a152c069625e3&mdspid=&spid=699004&netType=0&sid=5501083631&pid=2028597139&timestamp=20260216080222&Channel_ID=0116_2600034600-99000-201600010010028&ProgramID=673168256&ParentNodeID=-99&assertID=5501083631&client_ip=218.28.233.106&SecurityKey=20260216080222&promotionId=&mvid=5102910396&mcid=500020&playurlVersion=WX-A1-9.2.1-RELEASE&userid=&jmhm=&videocodec=h264&appCode=miguvideo_android&bean=mgspad&tid=android&conFee=0&encrypt=9e058cb0fc681fc1d9cd82739c8c5b50&sv=10004&ct=android, From: subscribe, IPv_Type: ipv6, Location: 中国, ISP: 中国移动, Date: None, Delay: -1 ms, Speed: 0.00 M/s, Resolution: None
Name: CCTV-17, URL: https://migu.188766.xyz/?migutoken=d665c8292f0e407dc4131f2e36818058&id=CCTV17&type=yy, From: subscribe, IPv_Type: ipv6, Location: 美国, ISP: CloudFlare Inc., Date: None, Delay: -1 ms, Speed: 0.00 M/s, Resolution: None
Name: CCTV-17, URL: http://mgsp-hs2.live.miguvideo.com:8088/migu/kailu/20200324/cctv17hd/51/index.m3u8?msisdn=e55e9ee71b42d2d7008a152c069625e3&mdspid=&spid=699004&netType=0&sid=5501083631&pid=2028597139&timestamp=20260217084015&Channel_ID=0116_2600034600-99000-201600010010028&ProgramID=673168256&ParentNodeID=-99&assertID=5501083631&client_ip=218.28.233.106&SecurityKey=20260217084015&promotionId=&mvid=5102910396&mcid=500020&playurlVersion=WX-A1-9.2.1-RELEASE&userid=&jmhm=&videocodec=h264&appCode=miguvideo_android&bean=mgspad&tid=android&conFee=0&encrypt=0ae15b417bf4c192304e439bf6cc0998&sv=10004&ct=android, From: subscribe, IPv_Type: ipv6, Location: 中国, ISP: 中国电信, Date: None, Delay: -1 ms, Speed: 0.00 M/s, Resolution: None
Name: CCTV-17, URL: https://migu.188766.xyz/?migutoken=06e68dc4a0d3c1dc0246be9a2f4ae3f8&id=CCTV17&type=yy, From: subscribe, IPv_Type: ipv6, Location: 美国, ISP: CloudFlare Inc., Date: None, Delay: -1 ms, Speed: 0.00 M/s, Resolution: None
Name: CCTV-17, URL: http://38.75.136.137:98/gslb/dsdqbv/cctv17hd.m3u8?auth=test20251009, From: subscribe, IPv_Type: ipv4, Location: 美国-伊利诺伊州-库克, ISP: Cogent, Date: None, Delay: 3089 ms, Speed: 1.75 M/s, Resolution: 1920x1080
Name: CETV-1, URL: http://[2409:8087:1a0b:df::4020]:80/ottrrs.hl.chinamobile.com/PLTV/88888888/224/3221225652/index.m3u8, From: subscribe, IPv_Type: ipv6, Location: 中国, ISP: 中国移动, Date: None, Delay: -1 ms, Speed: 0.00 M/s, Resolution: None
Name: CETV-1, URL: http://[2409:8087:8:21::18]:6610/otttv.bj.chinamobile.com/PLTV/88888888/224/3221226494/1.m3u8, From: subscribe, IPv_Type: ipv6, Location: 中国, ISP: 中国移动, Date: None, Delay: -1 ms, Speed: 0.00 M/s, Resolution: None
Name: CETV-1, URL: http://rrs01.hw.gmcc.net:8088/PLTV/81/224/3221226673/1.m3u8, From: subscribe, IPv_Type: ipv6, Location: 中国, ISP: 中国移动, Date: None, Delay: -1 ms, Speed: 0.00 M/s, Resolution: None
Name: CETV-1, URL: https://migu.188766.xyz/?migutoken=a55dadc35d37e3e168faf8268cc6fa97&id=CETV1&type=yy, From: subscribe, IPv_Type: ipv6, Location: 美国, ISP: CloudFlare Inc., Date: None, Delay: -1 ms, Speed: 0.00 M/s, Resolution: None
Name: CETV-1, URL: http://iptv.cdn.ha.chinamobile.com/PLTV/88888888/224/3221227190/index.m3u8, From: subscribe, IPv_Type: ipv6, Location: 中国, ISP: 中国移动, Date: None, Delay: -1 ms, Speed: 0.00 M/s, Resolution: None
Name: CETV-1, URL: https://cc06.tv12.xyz/23.m3u8, From: subscribe, IPv_Type: ipv6, Location: 美国, ISP: CloudFlare Inc., Date: None, Delay: -1 ms, Speed: 0.00 M/s, Resolution: None
Name: CETV-1, URL: http://[2409:8087:1a0a:df::4031]:80/ottrrs.hl.chinamobile.com/PLTV/88888888/224/3221225652/index.m3u8, From: subscribe, IPv_Type: ipv6, Location: 中国, ISP: 中国移动, Date: None, Delay: -1 ms, Speed: 0.00 M/s, Resolution: None
Name: CETV-1, URL: http://[2409:8087:1a15:10d1::34]/ottrrs.hl.chinamobile.com/PLTV/88888888/224/3221225652/index.m3u8, From: subscribe, IPv_Type: ipv6, Location: 中国, ISP: 中国移动, Date: None, Delay: -1 ms, Speed: 0.00 M/s, Resolution: None
Name: CETV-1, URL: http://[2409:8087:1a15:10d1::35]/ottrrs.hl.chinamobile.com/PLTV/88888888/224/3221225652/index.m3u8, From: subscribe, IPv_Type: ipv6, Location: 中国, ISP: 中国移动, Date: None, Delay: -1 ms, Speed: 0.00 M/s, Resolution: None
Name: CETV-1, URL: https://stream1.freetv.fun/ipv6-cetv1-7.m3u8, From: subscribe, IPv_Type: ipv6, Location: 美国, ISP: CloudFlare Inc., Date: None, Delay: -1 ms, Speed: 0.00 M/s, Resolution: None
Name: CETV-1, URL: http://sxydajtvlive.sx.chinamobile.com/PLTV/-/224/3221225792/1.m3u8, From: subscribe, IPv_Type: ipv6, Location: 中国, ISP: 中国移动, Date: None, Delay: -1 ms, Speed: 0.00 M/s, Resolution: None
Name: CETV-1, URL: http://gslbmgsplive.miguvideo.com/migu/kailu/cetv1/50/20240709/index.m3u8?msisdn=20250908090032d4bba46047714c799cecab80e982efda&mdspid=&spid=699004&netType=0&sid=5910022150&pid=2028597139&timestamp=20250908090032&Channel_ID=0116_2600037000-99000-200300220100002&ProgramID=923287154&ParentNodeID=-99&assertID=5910022150&client_ip=106.13.250.83&SecurityKey=20250908090032&promotionId=&mvid=5900006636&mcid=500020&playurlVersion=WX-A1-8.8.1-RELEASE&userid=&jmhm=&videocodec=h264&bean=mgspad&tid=android&conFee=0&puData=40bc1d50fcd2c2b938b689bc6006aaf7&ddCalcu=74f0vabaacd61a0d0560cfbc9d826cb28b39&sv=10004&ct=android, From: subscribe, IPv_Type: ipv6, Location: 中国, ISP: 中国移动, Date: None, Delay: -1 ms, Speed: 0.00 M/s, Resolution: None
Name: CETV-1, URL: https://mursor.ottiptv.cc/mcp/cetv1.m3u8, From: subscribe, IPv_Type: ipv6, Location: 美国, ISP: Oracle Corporation, Date: None, Delay: -1 ms, Speed: 0.00 M/s, Resolution: None
Name: CETV-1, URL: https://mgtv.ottiptv.cc/migu/923287154.m3u8?migutoken=e5b5711520646967224b3f79592be658cd2874bae600128d4aa51ca7acd45ff1c3c89c91ace8b318535d20a39fe058149dc8028ed756d4bcd7e58c3df56c4aec1ad06c2b5d1a45a281b933f95c, From: subscribe, IPv_Type: ipv6, Location: 美国-新泽西州-巴赛克, ISP: DigitalOcean, Date: None, Delay: -1 ms, Speed: 0.00 M/s, Resolution: None
Name: CETV-1, URL: http://[2409:8087:1e01:20::3]/PLTV/11/224/3221225775/1.m3u8, From: subscribe, IPv_Type: ipv6, Location: 中国, ISP: 中国移动, Date: None, Delay: -1 ms, Speed: 0.00 M/s, Resolution: None
Name: CETV-1, URL: http://[2409:8087:1a01:df::7005]/ottrrs.hl.chinamobile.com/PLTV/88888888/224/3221225652/index.m3u8, From: subscribe, IPv_Type: ipv6, Location: 中国, ISP: 中国移动, Date: None, Delay: -1 ms, Speed: 0.00 M/s, Resolution: None
Name: CETV-1, URL: http://ottrrs.hl.chinamobile.com/PLTV/88888888/224/3221225652/index.m3u8, From: subscribe, IPv_Type: ipv6, Location: 中国, ISP: 中国移动, Date: None, Delay: -1 ms, Speed: 0.00 M/s, Resolution: None
Name: CETV-1, URL: http://[2409:8087:1:20:20::2a]/otttv.bj.chinamobile.com/PLTV/88888888/224/3221226494/1.m3u8?GuardEncType=2&accountinfo=%7E%7EV2.0%7EB8MrpAzJ_Bw12HHVBcZO6g%7E_eNUbgU9sJGUcVVduOMKhafLvQUgE_zlz_7pvDimJNONWWecbSKZXNjh_5hExtTC%2CEND, From: subscribe, IPv_Type: ipv6, Location: 中国, ISP: 中国移动, Date: None, Delay: -1 ms, Speed: 0.00 M/s, Resolution: None
Name: CETV-1, URL: https://migu.188766.xyz/?migutoken=fc2a2f3cdb923278d911293952dc493d&id=CETV1&type=yy, From: subscribe, IPv_Type: ipv6, Location: 美国, ISP: CloudFlare Inc., Date: None, Delay: -1 ms, Speed: 0.00 M/s, Resolution: None
Name: CETV-1, URL: http://gslbmgsplive.miguvideo.com/migu/kailu/cetv1/51/20240709/index.m3u8?msisdn=20251125100101b225e7daaca646398832c3cab999786e&mdspid=&spid=699004&netType=0&sid=5910022150&pid=2028597139&timestamp=20251125100101&Channel_ID=0116_2600000900-99000-201600010010027&ProgramID=923287154&ParentNodeID=-99&assertID=5910022150&client_ip=106.13.250.88&SecurityKey=20251125100101&promotionId=&mvid=5900006636&mcid=500020&playurlVersion=WX-A1-8.11.1-RELEASE&userid=&jmhm=&videocodec=h264&bean=mgspad&tid=android&conFee=0&puData=b2066a8c195fe12e1e4ec20b9bc0876c&ddCalcu=cb62e702863060cab89cb10925cfee41e21e, From: subscribe, IPv_Type: ipv6, Location: 中国, ISP: 中国移动, Date: None, Delay: -1 ms, Speed: 0.00 M/s, Resolution: None
Name: CETV-1, URL: http://gslbmgsplive.miguvideo.com/migu/kailu/cetv1/51/20240709/index.m3u8?msisdn=2025113006021063a80d06ef0c4bd8b9336d004c7cf033&mdspid=&spid=699004&netType=0&sid=5910022150&pid=2028597139&timestamp=20251130060210&Channel_ID=0116_2600000900-99000-201600010010027&ProgramID=923287154&ParentNodeID=-99&assertID=5910022150&client_ip=218.28.233.106&SecurityKey=20251130060210&promotionId=&mvid=5900006636&mcid=500020&playurlVersion=WX-A1-8.11.2-RELEASE&userid=&jmhm=&videocodec=h264&appCode=miguvideo_android&bean=mgspad&tid=android&conFee=0&puData=0dce3bbe08e85b67f8e3ec03e165d924&ddCalcu=402de9c3de35306b1bee3008cee835eb86f7, From: subscribe, IPv_Type: ipv6, Location: 中国, ISP: 中国移动, Date: None, Delay: -1 ms, Speed: 0.00 M/s, Resolution: None
Name: CETV-1, URL: http://[2409:8087:1a0b:df::4020]:80/ottrrs.hl.chinamobile.com/TVOD/88888888/224/3221225652/index.m3u8, From: subscribe, IPv_Type: ipv6, Location: 中国, ISP: 中国移动, Date: None, Delay: -1 ms, Speed: 0.00 M/s, Resolution: None
Name: CETV-1, URL: https://stream1.freetv.fun/cetv1-1.m3u8, From: subscribe, IPv_Type: ipv6, Location: 美国, ISP: CloudFlare Inc., Date: None, Delay: -1 ms, Speed: 0.00 M/s, Resolution: None
Name: CETV-1, URL: https://stream1.freetv.fun/cetv1-10.m3u8, From: subscribe, IPv_Type: ipv6, Location: 美国, ISP: CloudFlare Inc., Date: None, Delay: -1 ms, Speed: 0.00 M/s, Resolution: None
Name: CETV-1, URL: https://migu.188766.xyz/?migutoken=1e30cac54402a042e71514ff758844a8&id=CETV1&type=yy, From: subscribe, IPv_Type: ipv6, Location: 美国, ISP: CloudFlare Inc., Date: None, Delay: -1 ms, Speed: 0.00 M/s, Resolution: None
Name: CETV-1, URL: http://gslbmgsplive.miguvideo.com/migu/kailu/cetv1/51/20240709/index.m3u8?msisdn=20251201080246f8ce693ba7074ed3b2e6226451cd4684&mdspid=&spid=699004&netType=0&sid=5910022150&pid=2028597139&timestamp=20251201080246&Channel_ID=0116_2600000900-99000-201600010010027&ProgramID=923287154&ParentNodeID=-99&assertID=5910022150&client_ip=218.28.233.106&SecurityKey=20251201080246&promotionId=&mvid=5900006636&mcid=500020&playurlVersion=WX-A1-8.11.2-RELEASE&userid=&jmhm=&videocodec=h264&appCode=miguvideo_android&bean=mgspad&tid=android&conFee=0&puData=72d7e189a21600d4ddc37d83d43dcdeb&ddCalcu=b7e2edd0c73de03148d93a82d17630c0ddd4, From: subscribe, IPv_Type: ipv6, Location: 中国, ISP: 中国移动, Date: None, Delay: -1 ms, Speed: 0.00 M/s, Resolution: None
Name: CETV-1, URL: https://migu.188766.xyz/?migutoken=4050c806effc16b42800c953a9780abd&id=CETV1&type=yy, From: subscribe, IPv_Type: ipv6, Location: 美国, ISP: CloudFlare Inc., Date: None, Delay: -1 ms, Speed: 0.00 M/s, Resolution: None
Name: CETV-1, URL: http://[2409:8087:1e02:20::10]/000000001000PLTV/11/224/3221225775/1.m3u8, From: subscribe, IPv_Type: ipv6, Location: 中国, ISP: 中国移动, Date: None, Delay: -1 ms, Speed: 0.00 M/s, Resolution: None
Name: CETV-1, URL: http://gslbmgsplive.miguvideo.com/migu/kailu/cetv1/51/20240709/index.m3u8?msisdn=202512020602102bc5b3c2ece344bd9b0fc5586d12394a&mdspid=&spid=699004&netType=0&sid=5910022150&pid=2028597139&timestamp=20251202060210&Channel_ID=0116_2600000900-99000-201600010010027&ProgramID=923287154&ParentNodeID=-99&assertID=5910022150&client_ip=218.28.233.106&SecurityKey=20251202060210&promotionId=&mvid=5900006636&mcid=500020&playurlVersion=WX-A1-8.11.2-RELEASE&userid=&jmhm=&videocodec=h264&appCode=miguvideo_android&bean=mgspad&tid=android&conFee=0&puData=90c5aa33e098315d66db81b8c16ff805&ddCalcu=5900e8c0f53fa06a13c38eb01988b3d1656d, From: subscribe, IPv_Type: ipv6, Location: 中国, ISP: 中国移动, Date: None, Delay: -1 ms, Speed: 0.00 M/s, Resolution: None
Name: CETV-1, URL: https://migu.188766.xyz/?migutoken=b515c26180acf7c680bab716c8d7623f&id=CETV1&type=yy, From: subscribe, IPv_Type: ipv6, Location: 美国, ISP: CloudFlare Inc., Date: None, Delay: -1 ms, Speed: 0.00 M/s, Resolution: None
Name: CETV-1, URL: http://gslbmgsplive.miguvideo.com/migu/kailu/cetv1/51/20240709/index.m3u8?msisdn=202512030802467a349232d17744d38f148e16915e97cf&mdspid=&spid=699004&netType=0&sid=5910022150&pid=2028597139&timestamp=20251203080246&Channel_ID=0116_2600000900-99000-201600010010027&ProgramID=923287154&ParentNodeID=-99&assertID=5910022150&client_ip=218.28.233.106&SecurityKey=20251203080246&promotionId=&mvid=5900006636&mcid=500020&playurlVersion=ZQ-A1-8.11.2-RELEASE&userid=&jmhm=&videocodec=h264&appCode=miguvideo_android&bean=mgspad&tid=android&conFee=0&puData=e1be6420aaa31aaa6a89829fa936d4bf&ddCalcu=feb1e4b0de36603492a0fa9a2a83918aaa6a, From: subscribe, IPv_Type: ipv6, Location: 中国, ISP: 中国移动, Date: None, Delay: -1 ms, Speed: 0.00 M/s, Resolution: None
Name: CETV-1, URL: https://stream1.freetv.fun/cetv1-12.m3u8, From: subscribe, IPv_Type: ipv6, Location: 美国, ISP: CloudFlare Inc., Date: None, Delay: -1 ms, Speed: 0.00 M/s, Resolution: None
Name: CETV-1, URL: https://stream1.freetv.fun/cetv1-3.m3u8, From: subscribe, IPv_Type: ipv6, Location: 美国, ISP: CloudFlare Inc., Date: None, Delay: -1 ms, Speed: 0.00 M/s, Resolution: None
Name: CETV-1, URL: https://migu.188766.xyz/?migutoken=3fbfdaa7c8d9ea09ed8640361745ed07&id=CETV1&type=yy, From: subscribe, IPv_Type: ipv6, Location: 美国, ISP: CloudFlare Inc., Date: None, Delay: -1 ms, Speed: 0.00 M/s, Resolution: None
Name: CETV-1, URL: https://migu.188766.xyz/?migutoken=e51d92c21efbb56bdb813304074c6da0&id=CETV1&type=yy, From: subscribe, IPv_Type: ipv6, Location: 美国, ISP: CloudFlare Inc., Date: None, Delay: -1 ms, Speed: 0.00 M/s, Resolution: None
Name: CETV-1, URL: https://migu.188766.xyz/?migutoken=eca2b7e6acf138e48855f097a4f2166d&id=CETV1&type=yy, From: subscribe, IPv_Type: ipv6, Location: 美国, ISP: CloudFlare Inc., Date: None, Delay: -1 ms, Speed: 0.00 M/s, Resolution: None
Name: CETV-1, URL: http://gslbmgsplive.miguvideo.com/migu/kailu/cetv1/50/20240709/index.m3u8?msisdn=20251206080346d6b706e266b04ad29120d5304eec2c7b&mdspid=&spid=699004&netType=0&sid=5910022150&pid=2028597139&timestamp=20251206080346&Channel_ID=0116_2600037000-99000-200300220100002&ProgramID=923287154&ParentNodeID=-99&assertID=5910022150&client_ip=218.28.233.106&SecurityKey=20251206080346&promotionId=&mvid=5900006636&mcid=500020&playurlVersion=WX-A1-8.11.2-RELEASE&userid=&jmhm=&videocodec=h264&appCode=miguvideo_android&bean=mgspad&tid=android&conFee=0&puData=d61e589c39ce837adeee892a0a0c4f54&ddCalcu=4d56vf1a4edc5a08a90ca3299c8ee8e3e7da&sv=10004&ct=android, From: subscribe, IPv_Type: ipv6, Location: 中国, ISP: 中国移动, Date: None, Delay: -1 ms, Speed: 0.00 M/s, Resolution: None
Name: CETV-1, URL: https://migu.188766.xyz/?migutoken=2fad1d1be0f762c91d6a5b006d99f0eb&id=CETV1&type=yy, From: subscribe, IPv_Type: ipv6, Location: 美国, ISP: CloudFlare Inc., Date: None, Delay: -1 ms, Speed: 0.00 M/s, Resolution: None
Name: CETV-1, URL: http://gslbmgsplive.miguvideo.com/migu/kailu/cetv1/50/20240709/index.m3u8?msisdn=202512070804193178955b8c5449d4b112ccd97b5563a5&mdspid=&spid=699004&netType=0&sid=5910022150&pid=2028597139&timestamp=20251207080419&Channel_ID=0116_2600037000-99000-200300220100002&ProgramID=923287154&ParentNodeID=-99&assertID=5910022150&client_ip=218.28.233.106&SecurityKey=20251207080419&promotionId=&mvid=5900006636&mcid=500020&playurlVersion=WX-A1-8.11.2-RELEASE&userid=&jmhm=&videocodec=h264&appCode=miguvideo_android&bean=mgspad&tid=android&conFee=0&puData=bdeb4e0305cdb02b158b597c372c0f92&ddCalcu=2b9dvfea0bdc4a2e7033c0759c5dbb80521b&sv=10004&ct=android, From: subscribe, IPv_Type: ipv6, Location: 中国, ISP: 中国移动, Date: None, Delay: -1 ms, Speed: 0.00 M/s, Resolution: None
Name: CETV-1, URL: https://migu.188766.xyz/?migutoken=81d9f1f8af0bb85b4a19acb47c04f41a&id=CETV1&type=yy, From: subscribe, IPv_Type: ipv6, Location: 美国, ISP: CloudFlare Inc., Date: None, Delay: -1 ms, Speed: 0.00 M/s, Resolution: None
Name: CETV-1, URL: http://gslbmgsplive.miguvideo.com/migu/kailu/cetv1/50/20240709/index.m3u8?msisdn=202512080803425cf889b16760490898d1a65b1a94f0fa&mdspid=&spid=699004&netType=0&sid=5910022150&pid=2028597139&timestamp=20251208080342&Channel_ID=0116_2600037000-99000-200300220100002&ProgramID=923287154&ParentNodeID=-99&assertID=5910022150&client_ip=218.28.233.106&SecurityKey=20251208080342&promotionId=&mvid=5900006636&mcid=500020&playurlVersion=WX-A1-8.11.2-RELEASE&userid=&jmhm=&videocodec=h264&appCode=miguvideo_android&bean=mgspad&tid=android&conFee=0&puData=24aed54f31f7b96df38ad71a2398bc46&ddCalcu=6244vcaabed8da95342fa3117fd7ab8936fd&sv=10004&ct=android, From: subscribe, IPv_Type: ipv6, Location: 中国, ISP: 中国移动, Date: None, Delay: -1 ms, Speed: 0.00 M/s, Resolution: None
Name: CETV-1, URL: https://migu.188766.xyz/?migutoken=b5fcf28a6f8750146ff8ebab666d947e&id=CETV1&type=yy, From: subscribe, IPv_Type: ipv6, Location: 美国, ISP: CloudFlare Inc., Date: None, Delay: -1 ms, Speed: 0.00 M/s, Resolution: None
Name: CETV-1, URL: http://gslbmgsplive.miguvideo.com/migu/kailu/cetv1/50/20240709/index.m3u8?msisdn=202512090804184b508aae70a64e909da818c381a4c4d2&mdspid=&spid=699004&netType=0&sid=5910022150&pid=2028597139&timestamp=20251209080418&Channel_ID=0116_2600037000-99000-200300220100002&ProgramID=923287154&ParentNodeID=-99&assertID=5910022150&client_ip=218.28.233.106&SecurityKey=20251209080418&promotionId=&mvid=5900006636&mcid=500020&playurlVersion=WX-A1-8.11.2-RELEASE&userid=&jmhm=&videocodec=h264&appCode=miguvideo_android&bean=mgspad&tid=android&conFee=0&puData=1d699b81f1c8f44a1ce5d84aee9dad4c&ddCalcu=c14dvd6aa9dd9a9be8e1af418cd85fe4c41a&sv=10004&ct=android, From: subscribe, IPv_Type: ipv6, Location: 中国, ISP: 中国移动, Date: None, Delay: -1 ms, Speed: 0.00 M/s, Resolution: None
Name: CETV-1, URL: https://migu.188766.xyz/?migutoken=c5c363b02e32fb423173e6b103474ae2&id=CETV1&type=yy, From: subscribe, IPv_Type: ipv6, Location: 美国, ISP: CloudFlare Inc., Date: None, Delay: -1 ms, Speed: 0.00 M/s, Resolution: None
Name: CETV-1, URL: http://gslbmgsplive.miguvideo.com/migu/kailu/cetv1/50/20240709/index.m3u8?msisdn=20251210080348dafb5e66e7b047b090f0a510ce48b971&mdspid=&spid=699004&netType=0&sid=5910022150&pid=2028597139&timestamp=20251210080348&Channel_ID=0116_2600037000-99000-200300220100002&ProgramID=923287154&ParentNodeID=-99&assertID=5910022150&client_ip=218.28.233.106&SecurityKey=20251210080348&promotionId=&mvid=5900006636&mcid=500020&playurlVersion=WX-A1-8.11.2-RELEASE&userid=&jmhm=&videocodec=h264&appCode=miguvideo_android&bean=mgspad&tid=android&conFee=0&puData=14a24468a8b992987ebab31145e95134&ddCalcu=4134v1aa52d94ae456481a183bb9a9b2e978&sv=10004&ct=android, From: subscribe, IPv_Type: ipv6, Location: 中国, ISP: 中国移动, Date: None, Delay: -1 ms, Speed: 0.00 M/s, Resolution: None
Name: CETV-1, URL: https://migu.188766.xyz/?migutoken=213521a9af2dd09a76164c173a9df4a8&id=CETV1&type=yy, From: subscribe, IPv_Type: ipv6, Location: 美国, ISP: CloudFlare Inc., Date: None, Delay: -1 ms, Speed: 0.00 M/s, Resolution: None
Name: CETV-1, URL: http://gslbmgsplive.miguvideo.com/migu/kailu/cetv1/50/20240709/index.m3u8?msisdn=202512101803469dbad6ef9fc546c89d55198bec945de2&mdspid=&spid=699004&netType=0&sid=5910022150&pid=2028597139&timestamp=20251210180346&Channel_ID=0116_2600037000-99000-200300220100002&ProgramID=923287154&ParentNodeID=-99&assertID=5910022150&client_ip=218.28.233.106&SecurityKey=20251210180346&promotionId=&mvid=5900006636&mcid=500020&playurlVersion=WX-A1-8.11.2-RELEASE&userid=&jmhm=&videocodec=h264&appCode=miguvideo_android&bean=mgspad&tid=android&conFee=0&puData=01979531bf41aedabf8adcde0fcd7e52&ddCalcu=2051ve9a77dd9ac5f301ebdfc4d1aa8efdba&sv=10004&ct=android, From: subscribe, IPv_Type: ipv6, Location: 中国, ISP: 中国移动, Date: None, Delay: -1 ms, Speed: 0.00 M/s, Resolution: None
Name: CETV-1, URL: https://zby.130519.xyz/PLTV/11/224/3221225775/index.m3u8, From: subscribe, IPv_Type: ipv6, Location: 美国, ISP: CloudFlare Inc., Date: None, Delay: -1 ms, Speed: 0.00 M/s, Resolution: None
Name: CETV-1, URL: http://gslbmgsplive.miguvideo.com/migu/kailu/cetv1/50/20240709/index.m3u8?msisdn=202512110804226a5a8291fc7c49f8844027aaee304727&mdspid=&spid=699004&netType=0&sid=5910022150&pid=2028597139&timestamp=20251211080422&Channel_ID=0116_2600037000-99000-200300220100002&ProgramID=923287154&ParentNodeID=-99&assertID=5910022150&client_ip=218.28.233.106&SecurityKey=20251211080422&promotionId=&mvid=5900006636&mcid=500020&playurlVersion=WX-A1-8.11.2-RELEASE&userid=&jmhm=&videocodec=h264&appCode=miguvideo_android&bean=mgspad&tid=android&conFee=0&puData=76ac4c1f1206ec10372358001cc6010d&ddCalcu=d706v1aa0cd64accc11f010280563e2c7130&sv=10004&ct=android, From: subscribe, IPv_Type: ipv6, Location: 中国, ISP: 中国移动, Date: None, Delay: -1 ms, Speed: 0.00 M/s, Resolution: None
Name: CETV-1, URL: https://migu.188766.xyz/?migutoken=5d2e3ace8ed5256d606c5ae02f4f119c&id=CETV1&type=yy, From: subscribe, IPv_Type: ipv6, Location: 美国, ISP: CloudFlare Inc., Date: None, Delay: -1 ms, Speed: 0.00 M/s, Resolution: None
Name: CETV-1, URL: http://gslbmgsplive.miguvideo.com/migu/kailu/cetv1/50/20240709/index.m3u8?msisdn=20251212080346ab9d62483b294c63a06d4a0cd353850f&mdspid=&spid=699004&netType=0&sid=5910022150&pid=2028597139&timestamp=20251212080346&Channel_ID=0116_2600037000-99000-200300220100002&ProgramID=923287154&ParentNodeID=-99&assertID=5910022150&client_ip=218.28.233.106&SecurityKey=20251212080346&promotionId=&mvid=5900006636&mcid=500020&playurlVersion=ZQ-A1-8.12.1-RELEASE&userid=&jmhm=&videocodec=h264&appCode=miguvideo_android&bean=mgspad&tid=android&conFee=0&puData=2d807c4d47269208ef8225976f0c86f0&ddCalcu=02fdv68a80dc7a0cf46d749752262982f0e8&sv=10004&ct=android, From: subscribe, IPv_Type: ipv6, Location: 中国, ISP: 中国移动, Date: None, Delay: -1 ms, Speed: 0.00 M/s, Resolution: None
Name: CETV-1, URL: https://migu.188766.xyz/?migutoken=472390a52e908709ae6ab73b36fac06c&id=CETV1&type=yy, From: subscribe, IPv_Type: ipv6, Location: 美国, ISP: CloudFlare Inc., Date: None, Delay: -1 ms, Speed: 0.00 M/s, Resolution: None
Name: CETV-1, URL: https://migu.188766.xyz/?migutoken=0984af71cf2fe2fe290e3c00af48b8e9&id=CETV1&type=yy, From: subscribe, IPv_Type: ipv6, Location: 美国, ISP: CloudFlare Inc., Date: None, Delay: -1 ms, Speed: 0.00 M/s, Resolution: None
Name: CETV-1, URL: https://migu.188766.xyz/?migutoken=b5498f1bd7f3dacba8954cfcfddea84d&id=CETV1&type=yy, From: subscribe, IPv_Type: ipv6, Location: 美国, ISP: CloudFlare Inc., Date: None, Delay: -1 ms, Speed: 0.00 M/s, Resolution: None
Name: CETV-1, URL: https://migu.188766.xyz/?migutoken=6520003c15f903e42a0a0e7443a6f63a&id=CETV1&type=yy, From: subscribe, IPv_Type: ipv6, Location: 美国, ISP: CloudFlare Inc., Date: None, Delay: -1 ms, Speed: 0.00 M/s, Resolution: None
Name: CETV-1, URL: https://migu.188766.xyz/?migutoken=4a091c040c505c172b0ed399a66adbeb&id=CETV1&type=yy, From: subscribe, IPv_Type: ipv6, Location: 美国, ISP: CloudFlare Inc., Date: None, Delay: -1 ms, Speed: 0.00 M/s, Resolution: None
Name: CETV-1, URL: https://migu.188766.xyz/?migutoken=c2a78a43c1fbbd0b4eeee5614501a3f0&id=CETV1&type=yy, From: subscribe, IPv_Type: ipv6, Location: 美国, ISP: CloudFlare Inc., Date: None, Delay: -1 ms, Speed: 0.00 M/s, Resolution: None
Name: CETV-1, URL: https://migu.188766.xyz/?migutoken=9e11b9335e110012e1c3deba883dc9aa&id=CETV1&type=yy, From: subscribe, IPv_Type: ipv6, Location: 美国, ISP: CloudFlare Inc., Date: None, Delay: -1 ms, Speed: 0.00 M/s, Resolution: None
Name: CETV-1, URL: https://migu.188766.xyz/?migutoken=dda0f9374151c04b50f34832c13993e5&id=CETV1&type=yy, From: subscribe, IPv_Type: ipv6, Location: 美国, ISP: CloudFlare Inc., Date: None, Delay: -1 ms, Speed: 0.00 M/s, Resolution: None
Name: CETV-1, URL: https://migu.188766.xyz/?migutoken=3b96307c0a9b2d1cb77aa0d5fceeb3f5&id=CETV1&type=yy, From: subscribe, IPv_Type: ipv6, Location: 美国, ISP: CloudFlare Inc., Date: None, Delay: -1 ms, Speed: 0.00 M/s, Resolution: None
Name: CETV-1, URL: https://migu.188766.xyz/?migutoken=eca7ab14a8c20d8f977dcc7440f61573&id=CETV1&type=yy, From: subscribe, IPv_Type: ipv6, Location: 美国, ISP: CloudFlare Inc., Date: None, Delay: -1 ms, Speed: 0.00 M/s, Resolution: None
Name: CETV-1, URL: https://migu.188766.xyz/?migutoken=e11fbf7ead3e034934b615046fdf3f27&id=CETV1&type=yy, From: subscribe, IPv_Type: ipv6, Location: 美国, ISP: CloudFlare Inc., Date: None, Delay: -1 ms, Speed: 0.00 M/s, Resolution: None
Name: CETV-1, URL: https://migu.188766.xyz/?migutoken=6c1c5a70f183103bd6f80fa77c8a61b4&id=CETV1&type=yy, From: subscribe, IPv_Type: ipv6, Location: 美国, ISP: CloudFlare Inc., Date: None, Delay: -1 ms, Speed: 0.00 M/s, Resolution: None
Name: CETV-1, URL: https://migu.188766.xyz/?migutoken=af5596f1003e2938fee59a8ebb2a7cbb&id=CETV1&type=yy, From: subscribe, IPv_Type: ipv6, Location: 美国, ISP: CloudFlare Inc., Date: None, Delay: -1 ms, Speed: 0.00 M/s, Resolution: None
Name: CETV-1, URL: https://migu.188766.xyz/?migutoken=2dfdd4227e7376960b032597c395fd3c&id=CETV1&type=yy, From: subscribe, IPv_Type: ipv6, Location: 美国, ISP: CloudFlare Inc., Date: None, Delay: -1 ms, Speed: 0.00 M/s, Resolution: None
Name: CETV-1, URL: https://migu.188766.xyz/?migutoken=d1a657f6aa4acc813208c51259082f98&id=CETV1&type=yy, From: subscribe, IPv_Type: ipv6, Location: 美国, ISP: CloudFlare Inc., Date: None, Delay: -1 ms, Speed: 0.00 M/s, Resolution: None
Name: CETV-1, URL: https://migu.188766.xyz/?migutoken=160f5ca588fa04ee0cafcf0c13670a48&id=CETV1&type=yy, From: subscribe, IPv_Type: ipv6, Location: 美国, ISP: CloudFlare Inc., Date: None, Delay: -1 ms, Speed: 0.00 M/s, Resolution: None
Name: CETV-1, URL: https://migu.188766.xyz/?migutoken=9487a86604c473797d676ff6e66dcf87&id=CETV1&type=yy, From: subscribe, IPv_Type: ipv6, Location: 美国, ISP: CloudFlare Inc., Date: None, Delay: -1 ms, Speed: 0.00 M/s, Resolution: None
Name: CETV-1, URL: https://migu.188766.xyz/?migutoken=b280a7e417433db058982c31144fc41b&id=CETV1&type=yy, From: subscribe, IPv_Type: ipv6, Location: 美国, ISP: CloudFlare Inc., Date: None, Delay: -1 ms, Speed: 0.00 M/s, Resolution: None
Name: CETV-1, URL: https://migu.188766.xyz/?migutoken=7b324b34efdcb32e7f5440a5c17a38a4&id=CETV1&type=yy, From: subscribe, IPv_Type: ipv6, Location: 美国, ISP: CloudFlare Inc., Date: None, Delay: -1 ms, Speed: 0.00 M/s, Resolution: None
Name: CETV-1, URL: https://migu.188766.xyz/?migutoken=2c873d4ebe2ca9041013985073905f41&id=CETV1&type=yy, From: subscribe, IPv_Type: ipv6, Location: 美国, ISP: CloudFlare Inc., Date: None, Delay: -1 ms, Speed: 0.00 M/s, Resolution: None
Name: CETV-1, URL: https://migu.188766.xyz/?migutoken=cfda89f5d13accca537e5c54ee63550f&id=CETV1&type=yy, From: subscribe, IPv_Type: ipv6, Location: 美国, ISP: CloudFlare Inc., Date: None, Delay: -1 ms, Speed: 0.00 M/s, Resolution: None
Name: CETV-1, URL: https://migu.188766.xyz/?migutoken=097fba3ba62246fb813578678f025308&id=CETV1&type=yy, From: subscribe, IPv_Type: ipv6, Location: 美国, ISP: CloudFlare Inc., Date: None, Delay: -1 ms, Speed: 0.00 M/s, Resolution: None
Name: CETV-1, URL: https://migu.188766.xyz/?migutoken=fb17cd8d676f9e97654598d99facdc40&id=CETV1&type=yy, From: subscribe, IPv_Type: ipv6, Location: 美国, ISP: CloudFlare Inc., Date: None, Delay: -1 ms, Speed: 0.00 M/s, Resolution: None
Name: CETV-1, URL: https://migu.188766.xyz/?migutoken=2bba2167620f51e12604ed6ce28bfc65&id=CETV1&type=yy, From: subscribe, IPv_Type: ipv6, Location: 美国, ISP: CloudFlare Inc., Date: None, Delay: -1 ms, Speed: 0.00 M/s, Resolution: None
Name: CETV-1, URL: https://migu.188766.xyz/?migutoken=aa718e33ef521abad0e351d456f6fff1&id=CETV1&type=yy, From: subscribe, IPv_Type: ipv6, Location: 美国, ISP: CloudFlare Inc., Date: None, Delay: -1 ms, Speed: 0.00 M/s, Resolution: None
Name: CETV-1, URL: https://migu.188766.xyz/?migutoken=4b6f8c0ab69919901bb5661082e664db&id=CETV1&type=yy, From: subscribe, IPv_Type: ipv6, Location: 美国, ISP: CloudFlare Inc., Date: None, Delay: -1 ms, Speed: 0.00 M/s, Resolution: None
Name: CETV-1, URL: https://migu.188766.xyz/?migutoken=dc5adcb1de1d8e8a81497062be59a269&id=CETV1&type=yy, From: subscribe, IPv_Type: ipv6, Location: 美国, ISP: CloudFlare Inc., Date: None, Delay: -1 ms, Speed: 0.00 M/s, Resolution: None
Name: CETV-1, URL: https://migu.188766.xyz/?migutoken=0700b569a7a9c51c6d393ec0ee63f632&id=CETV1&type=yy, From: subscribe, IPv_Type: ipv6, Location: 美国, ISP: CloudFlare Inc., Date: None, Delay: -1 ms, Speed: 0.00 M/s, Resolution: None
Name: CETV-1, URL: https://migu.188766.xyz/?migutoken=87c4e3887834942b8fc85561ab9eb620&id=CETV1&type=yy, From: subscribe, IPv_Type: ipv6, Location: 美国, ISP: CloudFlare Inc., Date: None, Delay: -1 ms, Speed: 0.00 M/s, Resolution: None
Name: CETV-1, URL: https://migu.188766.xyz/?migutoken=517d0c642009a0ed90498fd1d27c511e&id=CETV1&type=yy, From: subscribe, IPv_Type: ipv6, Location: 美国, ISP: CloudFlare Inc., Date: None, Delay: -1 ms, Speed: 0.00 M/s, Resolution: None
Name: CETV-1, URL: https://migu.188766.xyz/?migutoken=67fa89ff7e661ea68f4b613440572bb1&id=CETV1&type=yy, From: subscribe, IPv_Type: ipv6, Location: 美国, ISP: CloudFlare Inc., Date: None, Delay: -1 ms, Speed: 0.00 M/s, Resolution: None
Name: CETV-1, URL: https://migu.188766.xyz/?migutoken=bf4044ccc0e29138d8b302674c003f75&id=CETV1&type=yy, From: subscribe, IPv_Type: ipv6, Location: 美国, ISP: CloudFlare Inc., Date: None, Delay: -1 ms, Speed: 0.00 M/s, Resolution: None
Name: CETV-1, URL: https://migu.188766.xyz/?migutoken=36ef7f6bca62cec9abdcde133fce0012&id=CETV1&type=yy, From: subscribe, IPv_Type: ipv6, Location: 美国, ISP: CloudFlare Inc., Date: None, Delay: -1 ms, Speed: 0.00 M/s, Resolution: None
Name: CETV-1, URL: https://migu.188766.xyz/?migutoken=7025fbbac417e2fb8e16c9493647325c&id=CETV1&type=yy, From: subscribe, IPv_Type: ipv6, Location: 美国, ISP: CloudFlare Inc., Date: None, Delay: -1 ms, Speed: 0.00 M/s, Resolution: None
Name: CETV-1, URL: http://[2409:8087:8:21::18]:6610/otttv.bj.chinamobile.com/PLTV/88888888/224/3221226494/1.m3u8?, From: subscribe, IPv_Type: ipv6, Location: 中国, ISP: 中国移动, Date: None, Delay: -1 ms, Speed: 0.00 M/s, Resolution: None
Name: CETV-1, URL: https://migu.188766.xyz/?migutoken=684179e41c8a963862d526472a85d0a9&id=CETV1&type=yy, From: subscribe, IPv_Type: ipv6, Location: 美国, ISP: CloudFlare Inc., Date: None, Delay: -1 ms, Speed: 0.00 M/s, Resolution: None
Name: CETV-1, URL: https://migu.188766.xyz/?migutoken=ff34eee73bd188acb0749876b26b893d&id=CETV1&type=yy, From: subscribe, IPv_Type: ipv6, Location: 美国, ISP: CloudFlare Inc., Date: None, Delay: -1 ms, Speed: 0.00 M/s, Resolution: None
Name: CETV-1, URL: https://migu.188766.xyz/?migutoken=d8afbeebe19bee5251df8a07f913b225&id=CETV1&type=yy, From: subscribe, IPv_Type: ipv6, Location: 美国, ISP: CloudFlare Inc., Date: None, Delay: -1 ms, Speed: 0.00 M/s, Resolution: None
Name: CETV-1, URL: https://migu.188766.xyz/?migutoken=fba07572f05b80eeb134b946c9b01cf0&id=CETV1&type=yy, From: subscribe, IPv_Type: ipv6, Location: 美国, ISP: CloudFlare Inc., Date: None, Delay: -1 ms, Speed: 0.00 M/s, Resolution: None
Name: CETV-1, URL: https://migu.188766.xyz/?migutoken=f627e096b607dbc6c054725908780db3&id=CETV1&type=yy, From: subscribe, IPv_Type: ipv6, Location: 美国, ISP: CloudFlare Inc., Date: None, Delay: -1 ms, Speed: 0.00 M/s, Resolution: None
Name: CETV-1, URL: https://migu.188766.xyz/?migutoken=23fe3b28f3e7c6ee89105ece09dd7a37&id=CETV1&type=yy, From: subscribe, IPv_Type: ipv6, Location: 美国, ISP: CloudFlare Inc., Date: None, Delay: -1 ms, Speed: 0.00 M/s, Resolution: None
Name: CETV-1, URL: https://migu.188766.xyz/?migutoken=7f0b630af844551ebe8505554d18ef90&id=CETV1&type=yy, From: subscribe, IPv_Type: ipv6, Location: 美国, ISP: CloudFlare Inc., Date: None, Delay: -1 ms, Speed: 0.00 M/s, Resolution: None
Name: CETV-1, URL: https://migu.188766.xyz/?migutoken=3a98303e29d887a72722cea95b06e998&id=CETV1&type=yy, From: subscribe, IPv_Type: ipv6, Location: 美国, ISP: CloudFlare Inc., Date: None, Delay: -1 ms, Speed: 0.00 M/s, Resolution: None
Name: CETV-1, URL: https://migu.188766.xyz/?migutoken=c42ff5ad98e4640ab2b583364e7691ff&id=CETV1&type=yy, From: subscribe, IPv_Type: ipv6, Location: 美国, ISP: CloudFlare Inc., Date: None, Delay: -1 ms, Speed: 0.00 M/s, Resolution: None
Name: CETV-1, URL: https://migu.188766.xyz/?migutoken=17db988ee1ff225e93a28d2b44203eb2&id=CETV1&type=yy, From: subscribe, IPv_Type: ipv6, Location: 美国, ISP: CloudFlare Inc., Date: None, Delay: -1 ms, Speed: 0.00 M/s, Resolution: None
Name: CETV-1, URL: https://migu.188766.xyz/?migutoken=adf4b92ffefd2c781390e3ec8b625527&id=CETV1&type=yy, From: subscribe, IPv_Type: ipv6, Location: 美国, ISP: CloudFlare Inc., Date: None, Delay: -1 ms, Speed: 0.00 M/s, Resolution: None
Name: CETV-1, URL: https://t.freetv.fun/live/cetv1.m3u8, From: subscribe, IPv_Type: ipv6, Location: 美国, ISP: CloudFlare Inc., Date: None, Delay: -1 ms, Speed: 0.00 M/s, Resolution: None
Name: CETV-1, URL: https://migu.188766.xyz/?migutoken=bdeae23eb363a931f9a411e252af259c&id=CETV1&type=yy, From: subscribe, IPv_Type: ipv6, Location: 美国, ISP: CloudFlare Inc., Date: None, Delay: -1 ms, Speed: 0.00 M/s, Resolution: None
Name: CETV-1, URL: https://migu.188766.xyz/?migutoken=77638c4782a89bfbce0f2d38ca0ae087&id=CETV1&type=yy, From: subscribe, IPv_Type: ipv6, Location: 美国, ISP: CloudFlare Inc., Date: None, Delay: -1 ms, Speed: 0.00 M/s, Resolution: None
Name: CETV-1, URL: https://migu.188766.xyz/?migutoken=941d1a9520e796dd28c13945c3cd5368&id=CETV1&type=yy, From: subscribe, IPv_Type: ipv6, Location: 美国, ISP: CloudFlare Inc., Date: None, Delay: -1 ms, Speed: 0.00 M/s, Resolution: None
Name: CETV-1, URL: https://migu.188766.xyz/?migutoken=35db794eb2824c1bdbf5a564c8ea6fd3&id=CETV1&type=yy, From: subscribe, IPv_Type: ipv6, Location: 美国, ISP: CloudFlare Inc., Date: None, Delay: -1 ms, Speed: 0.00 M/s, Resolution: None
Name: CETV-1, URL: https://migu.188766.xyz/?migutoken=7152a72fce46f02514979c8b0a30af8f&id=CETV1&type=yy, From: subscribe, IPv_Type: ipv6, Location: 美国, ISP: CloudFlare Inc., Date: None, Delay: -1 ms, Speed: 0.00 M/s, Resolution: None
Name: CETV-1, URL: https://migu.188766.xyz/?migutoken=8d04d9a16c1bdd9337e90e104452e864&id=CETV1&type=yy, From: subscribe, IPv_Type: ipv6, Location: 美国, ISP: CloudFlare Inc., Date: None, Delay: -1 ms, Speed: 0.00 M/s, Resolution: None
Name: CETV-1, URL: https://migu.188766.xyz/?migutoken=bc2eda26ca64f07d8c9c976f63f4ab93&id=CETV1&type=yy, From: subscribe, IPv_Type: ipv6, Location: 美国, ISP: CloudFlare Inc., Date: None, Delay: -1 ms, Speed: 0.00 M/s, Resolution: None
Name: CETV-1, URL: https://migu.188766.xyz/?migutoken=a526b74d14249f2115aff6a5ae31e85d&id=CETV1&type=yy, From: subscribe, IPv_Type: ipv6, Location: 美国, ISP: CloudFlare Inc., Date: None, Delay: -1 ms, Speed: 0.00 M/s, Resolution: None
Name: CETV-1, URL: https://migu.188766.xyz/?migutoken=a8ca106a2668c3d1d74068ac04a64d65&id=CETV1&type=yy, From: subscribe, IPv_Type: ipv6, Location: 美国, ISP: CloudFlare Inc., Date: None, Delay: -1 ms, Speed: 0.00 M/s, Resolution: None
Name: CETV-1, URL: https://migu.188766.xyz/?migutoken=281282e3518b5f47082e941f889dffbb&id=CETV1&type=yy, From: subscribe, IPv_Type: ipv6, Location: 美国, ISP: CloudFlare Inc., Date: None, Delay: -1 ms, Speed: 0.00 M/s, Resolution: None
Name: CETV-1, URL: https://migu.188766.xyz/?migutoken=49433fdce5cd57476cb3ba5d54d23991&id=CETV1&type=yy, From: subscribe, IPv_Type: ipv6, Location: 美国, ISP: CloudFlare Inc., Date: None, Delay: -1 ms, Speed: 0.00 M/s, Resolution: None
Name: CETV-1, URL: https://migu.188766.xyz/?migutoken=a9105531627ac8c3f461ec93b011ff5c&id=CETV1&type=yy, From: subscribe, IPv_Type: ipv6, Location: 美国, ISP: CloudFlare Inc., Date: None, Delay: -1 ms, Speed: 0.00 M/s, Resolution: None
Name: CETV-1, URL: https://migu.188766.xyz/?migutoken=a48ff07147773dbb3f5be50c34f40a5a&id=CETV1&type=yy, From: subscribe, IPv_Type: ipv6, Location: 美国, ISP: CloudFlare Inc., Date: None, Delay: -1 ms, Speed: 0.00 M/s, Resolution: None
Name: CETV-1, URL: https://migu.188766.xyz/?migutoken=f1ee3fa68b8f8869c73e7ddcf9ceaf7c&id=CETV1&type=yy, From: subscribe, IPv_Type: ipv6, Location: 美国, ISP: CloudFlare Inc., Date: None, Delay: -1 ms, Speed: 0.00 M/s, Resolution: None
Name: CETV-1, URL: https://migu.188766.xyz/?migutoken=3687ce38b75f166b5865dd038807cd0d&id=CETV1&type=yy, From: subscribe, IPv_Type: ipv6, Location: 美国, ISP: CloudFlare Inc., Date: None, Delay: -1 ms, Speed: 0.00 M/s, Resolution: None
Name: CETV-1, URL: https://migu.188766.xyz/?migutoken=dd901166d29b64f2a99c1cda11ed84c1&id=CETV1&type=yy, From: subscribe, IPv_Type: ipv6, Location: 美国, ISP: CloudFlare Inc., Date: None, Delay: -1 ms, Speed: 0.00 M/s, Resolution: None
Name: CETV-1, URL: https://migu.188766.xyz/?migutoken=90e35867f2870329eb23fa5a3ed34401&id=CETV1&type=yy, From: subscribe, IPv_Type: ipv6, Location: 美国, ISP: CloudFlare Inc., Date: None, Delay: -1 ms, Speed: 0.00 M/s, Resolution: None
Name: CETV-1, URL: https://migu.188766.xyz/?migutoken=6386f219c8f6d9ae6e2e7ac305f21d31&id=CETV1&type=yy, From: subscribe, IPv_Type: ipv6, Location: 美国, ISP: CloudFlare Inc., Date: None, Delay: -1 ms, Speed: 0.00 M/s, Resolution: None
Name: CETV-1, URL: https://migu.188766.xyz/?migutoken=899943935126434e3324434fac3bbb68&id=CETV1&type=yy, From: subscribe, IPv_Type: ipv6, Location: 美国, ISP: CloudFlare Inc., Date: None, Delay: -1 ms, Speed: 0.00 M/s, Resolution: None
Name: CETV-1, URL: https://migu.188766.xyz/?migutoken=5717c9c9e44c96285cccd81a3d34b376&id=CETV1&type=yy, From: subscribe, IPv_Type: ipv6, Location: 美国, ISP: CloudFlare Inc., Date: None, Delay: -1 ms, Speed: 0.00 M/s, Resolution: None
Name: CETV-1, URL: http://mgsp-zy2.live.miguvideo.com:8088/migu/kailu/cetv1/51/20240709/index.m3u8?msisdn=e55e9ee71b42d2d7008a152c069625e3&mdspid=&spid=699004&netType=0&sid=5910022150&pid=2028597139&timestamp=20260215080214&Channel_ID=0116_2600034600-99000-201600010010028&ProgramID=923287154&ParentNodeID=-99&assertID=5910022150&client_ip=218.28.233.106&SecurityKey=20260215080214&promotionId=&mvid=5900006636&mcid=500020&playurlVersion=WX-A1-9.2.1-RELEASE&userid=&jmhm=&videocodec=h264&appCode=miguvideo_android&bean=mgspad&tid=android&conFee=0&encrypt=55f09050375084b404b2725fec41b556&sv=10004&ct=android, From: subscribe, IPv_Type: ipv6, Location: 中国, ISP: 中国电信, Date: None, Delay: -1 ms, Speed: 0.00 M/s, Resolution: None
Name: CETV-1, URL: https://migu.188766.xyz/?migutoken=f533df66510a894981e542227dc9a9fa&id=CETV1&type=yy, From: subscribe, IPv_Type: ipv6, Location: 美国, ISP: CloudFlare Inc., Date: None, Delay: -1 ms, Speed: 0.00 M/s, Resolution: None
Name: CETV-1, URL: http://mgsp-ws2.live.miguvideo.com:8088/migu/kailu/cetv1/51/20240709/index.m3u8?msisdn=e55e9ee71b42d2d7008a152c069625e3&mdspid=&spid=699004&netType=0&sid=5910022150&pid=2028597139&timestamp=20260216080232&Channel_ID=0116_2600034600-99000-201600010010028&ProgramID=923287154&ParentNodeID=-99&assertID=5910022150&client_ip=218.28.233.106&SecurityKey=20260216080232&promotionId=&mvid=5900006636&mcid=500020&playurlVersion=WX-A1-9.2.1-RELEASE&userid=&jmhm=&videocodec=h264&appCode=miguvideo_android&bean=mgspad&tid=android&conFee=0&encrypt=9999cb4cc2da6733debe2b984f19ad2b&sv=10004&ct=android, From: subscribe, IPv_Type: ipv6, Location: 加拿大, ISP: , Date: None, Delay: -1 ms, Speed: 0.00 M/s, Resolution: None
Name: CETV-1, URL: https://migu.188766.xyz/?migutoken=4dfbbeeadaf9825386b547d728cc80ae&id=CETV1&type=yy, From: subscribe, IPv_Type: ipv6, Location: 美国, ISP: CloudFlare Inc., Date: None, Delay: -1 ms, Speed: 0.00 M/s, Resolution: None
Name: CETV-1, URL: http://mgsp-hs2.live.miguvideo.com:8088/migu/kailu/cetv1/51/20240709/index.m3u8?msisdn=e55e9ee71b42d2d7008a152c069625e3&mdspid=&spid=699004&netType=0&sid=5910022150&pid=2028597139&timestamp=20260217084025&Channel_ID=0116_2600034600-99000-201600010010028&ProgramID=923287154&ParentNodeID=-99&assertID=5910022150&client_ip=218.28.233.106&SecurityKey=20260217084025&promotionId=&mvid=5900006636&mcid=500020&playurlVersion=WX-A1-9.2.1-RELEASE&userid=&jmhm=&videocodec=h264&appCode=miguvideo_android&bean=mgspad&tid=android&conFee=0&encrypt=425ed8e9c6f888c5114b45eaca98d05d&sv=10004&ct=android, From: subscribe, IPv_Type: ipv6, Location: 中国, ISP: 中国电信, Date: None, Delay: -1 ms, Speed: 0.00 M/s, Resolution: None
Name: CETV-1, URL: https://migu.188766.xyz/?migutoken=6e7a7e283322f17a983126ee9a9a1794&id=CETV1&type=yy, From: subscribe, IPv_Type: ipv6, Location: 美国, ISP: CloudFlare Inc., Date: None, Delay: -1 ms, Speed: 0.00 M/s, Resolution: None
Name: CETV-2, URL: http://[2409:8087:1a0b:df::4013]:80/ottrrs.hl.chinamobile.com/PLTV/88888888/224/3221226425/index.m3u8, From: subscribe, IPv_Type: ipv6, Location: 中国, ISP: 中国移动, Date: None, Delay: -1 ms, Speed: 0.00 M/s, Resolution: None
Name: CETV-2, URL: http://[2409:8087:8:21::18]:6610/otttv.bj.chinamobile.com/PLTV/88888888/224/3221226537/1.m3u8?GuardEncType=2&accountinfo=%7E%7EV2.0%7E7AxXs4eTU2oiWrhopr9sHw%7E_eNUbgU9sJGUcVVduOMKhafLvQUgE_zlz_7pvDimJNNxsM0Bor098BJglrhfEQTl%2CEND, From: subscribe, IPv_Type: ipv6, Location: 中国, ISP: 中国移动, Date: None, Delay: -1 ms, Speed: 0.00 M/s, Resolution: None
Name: CETV-2, URL: http://rrs01.hw.gmcc.net:8088/PLTV/81/224/3221226718/1.m3u8, From: subscribe, IPv_Type: ipv6, Location: 中国, ISP: 中国移动, Date: None, Delay: -1 ms, Speed: 0.00 M/s, Resolution: None
Name: CETV-2, URL: https://mursor.ottiptv.cc/migu/923287211.m3u8?migutoken=58dbb8ad5ad539c0da365c819615222219346bbe2fa8d6e4231da9ad89c4faf34adbae451bebfa99d9b8c9eda32e04a0066231dfd40496610efa4bee9ad5f110baee36b6f4098850d6b507505f, From: subscribe, IPv_Type: ipv6, Location: 美国-加利福尼亚州-圣克拉拉, ISP: DigitalOcean, Date: None, Delay: -1 ms, Speed: 0.00 M/s, Resolution: None
Name: CETV-2, URL: https://migu.188766.xyz/?migutoken=98daa3ba4c81372351b73d9075023b9b&id=CETV2&type=yy, From: subscribe, IPv_Type: ipv6, Location: 美国, ISP: CloudFlare Inc., Date: None, Delay: -1 ms, Speed: 0.00 M/s, Resolution: None
Name: CETV-2, URL: http://iptv.cdn.ha.chinamobile.com/PLTV/88888888/224/3221227329/index.m3u8, From: subscribe, IPv_Type: ipv6, Location: 中国, ISP: 中国移动, Date: None, Delay: -1 ms, Speed: 0.00 M/s, Resolution: None
Name: CETV-2, URL: https://cc06.tv12.xyz/24.m3u8, From: subscribe, IPv_Type: ipv6, Location: 美国, ISP: CloudFlare Inc., Date: None, Delay: -1 ms, Speed: 0.00 M/s, Resolution: None
Name: CETV-2, URL: http://ottrrs.hl.chinamobile.com/PLTV/88888888/224/3221226425/index.m3u8, From: subscribe, IPv_Type: ipv6, Location: 中国, ISP: 中国移动, Date: None, Delay: -1 ms, Speed: 0.00 M/s, Resolution: None
Name: CETV-2, URL: http://[2409:8087:1a0a:df::4031]:80/ottrrs.hl.chinamobile.com/PLTV/88888888/224/3221226425/index.m3u8, From: subscribe, IPv_Type: ipv6, Location: 中国, ISP: 中国移动, Date: None, Delay: -1 ms, Speed: 0.00 M/s, Resolution: None
Name: CETV-2, URL: http://gslbmgsplive.miguvideo.com/migu/kailu/cetv2/50/20240709/index.m3u8?msisdn=20250903090033bf55eab2bb984fe0b4ac863e60d28ac6&mdspid=&spid=699004&netType=0&sid=5910022152&pid=2028597139&timestamp=20250903090033&Channel_ID=0116_2600037000-99000-200300220100002&ProgramID=923287211&ParentNodeID=-99&assertID=5910022152&client_ip=106.13.250.83&SecurityKey=20250903090033&promotionId=&mvid=5900006638&mcid=500020&playurlVersion=WX-A1-8.8.1-RELEASE&userid=&jmhm=&videocodec=h264&bean=mgspad&tid=android&conFee=0&puData=ebfbdc6c83654112720d2b5599373223&ddCalcu=3e2bv2fa3ba7da3c969c5853b625d4012172&sv=10004&ct=android, From: subscribe, IPv_Type: ipv6, Location: 中国, ISP: 中国移动, Date: None, Delay: -1 ms, Speed: 0.00 M/s, Resolution: None
Name: CETV-2, URL: https://mgtv.ottiptv.cc/migu/923287211.m3u8?migutoken=00aab7aff206f0f644ade68e07b27f8eaad77c306b0797069a2afc16b1625bd8f8df0c95cd63abb29038dd1116430e1a12737db6b7d1b58968f61142beb575e713c52b6dd7c0422f3b7303db35, From: subscribe, IPv_Type: ipv6, Location: 美国-新泽西州-巴赛克, ISP: DigitalOcean, Date: None, Delay: -1 ms, Speed: 0.00 M/s, Resolution: None
Name: CETV-2, URL: http://[2409:8087:1a01:df::7005]/ottrrs.hl.chinamobile.com/PLTV/88888888/224/3221226425/index.m3u8, From: subscribe, IPv_Type: ipv6, Location: 中国, ISP: 中国移动, Date: None, Delay: -1 ms, Speed: 0.00 M/s, Resolution: None
Name: CETV-2, URL: http://[2409:8087:1:20:20::2c]/otttv.bj.chinamobile.com/PLTV/88888888/224/3221226537/1.m3u8?GuardEncType=2&accountinfo=%7E%7EV2.0%7E7AxXs4eTU2oiWrhopr9sHw%7E_eNUbgU9sJGUcVVduOMKhafLvQUgE_zlz_7pvDimJNNxsM0Bor098BJglrhfEQTl%2CEND, From: subscribe, IPv_Type: ipv6, Location: 中国, ISP: 中国移动, Date: None, Delay: -1 ms, Speed: 0.00 M/s, Resolution: None
Name: CETV-2, URL: https://migu.188766.xyz/?migutoken=82a456ad37c0d10b645a041968b66e59&id=CETV2&type=yy, From: subscribe, IPv_Type: ipv6, Location: 美国, ISP: CloudFlare Inc., Date: None, Delay: -1 ms, Speed: 0.00 M/s, Resolution: None
Name: CETV-2, URL: http://gslbmgsplive.miguvideo.com/migu/kailu/cetv2/51/20240709/index.m3u8?msisdn=202511251001010fed99c821ce435bbed26a2143295f3c&mdspid=&spid=699004&netType=0&sid=5910022152&pid=2028597139&timestamp=20251125100101&Channel_ID=0116_2600000900-99000-201600010010027&ProgramID=923287211&ParentNodeID=-99&assertID=5910022152&client_ip=106.13.250.88&SecurityKey=20251125100101&promotionId=&mvid=5900006638&mcid=500020&playurlVersion=WX-A1-8.11.1-RELEASE&userid=&jmhm=&videocodec=h264&bean=mgspad&tid=android&conFee=0&puData=d745b4f6c9467d0e1f1a7404efc4f819&ddCalcu=9d17e842f534b0c4ffe64c094476a71df01e, From: subscribe, IPv_Type: ipv6, Location: 中国, ISP: 中国移动, Date: None, Delay: -1 ms, Speed: 0.00 M/s, Resolution: None
Name: CETV-2, URL: http://gslbmgsplive.miguvideo.com/migu/kailu/cetv2/51/20240709/index.m3u8?msisdn=202511300602109a9c2bd6c3ff4eba8f7b2146e6bc641a&mdspid=&spid=699004&netType=0&sid=5910022152&pid=2028597139&timestamp=20251130060210&Channel_ID=0116_2600000900-99000-201600010010027&ProgramID=923287211&ParentNodeID=-99&assertID=5910022152&client_ip=218.28.233.106&SecurityKey=20251130060210&promotionId=&mvid=5900006638&mcid=500020&playurlVersion=WX-A1-8.11.2-RELEASE&userid=&jmhm=&videocodec=h264&appCode=miguvideo_android&bean=mgspad&tid=android&conFee=0&puData=a86eaaa3890e8f4177fe02cca8225f64&ddCalcu=4a68ef635e32a02a8aa3c8c9200ee8ff7471, From: subscribe, IPv_Type: ipv6, Location: 中国, ISP: 中国移动, Date: None, Delay: -1 ms, Speed: 0.00 M/s, Resolution: None
Name: CETV-2, URL: http://[2409:8087:1a0b:df::4013]:80/ottrrs.hl.chinamobile.com/TVOD/88888888/224/3221226425/index.m3u8, From: subscribe, IPv_Type: ipv6, Location: 中国, ISP: 中国移动, Date: None, Delay: -1 ms, Speed: 0.00 M/s, Resolution: None
Name: CETV-2, URL: https://migu.188766.xyz/?migutoken=c4cf10481168d11040a61db8265255d9&id=CETV2&type=yy, From: subscribe, IPv_Type: ipv6, Location: 美国, ISP: CloudFlare Inc., Date: None, Delay: -1 ms, Speed: 0.00 M/s, Resolution: None
Name: CETV-2, URL: http://gslbmgsplive.miguvideo.com/migu/kailu/cetv2/51/20240709/index.m3u8?msisdn=2025120108024693726200e237454792f62b7f466eead5&mdspid=&spid=699004&netType=0&sid=5910022152&pid=2028597139&timestamp=20251201080246&Channel_ID=0116_2600000900-99000-201600010010027&ProgramID=923287211&ParentNodeID=-99&assertID=5910022152&client_ip=218.28.233.106&SecurityKey=20251201080246&promotionId=&mvid=5900006638&mcid=500020&playurlVersion=WX-A1-8.11.2-RELEASE&userid=&jmhm=&videocodec=h264&appCode=miguvideo_android&bean=mgspad&tid=android&conFee=0&puData=850503490f0fbd67fa8e0fbf840abaf9&ddCalcu=98f5ea00b53a00034489f0bff00feb8da6f7, From: subscribe, IPv_Type: ipv6, Location: 中国, ISP: 中国移动, Date: None, Delay: -1 ms, Speed: 0.00 M/s, Resolution: None
Name: CETV-2, URL: https://migu.188766.xyz/?migutoken=290ac25ed05424bfda356835f12066e1&id=CETV2&type=yy, From: subscribe, IPv_Type: ipv6, Location: 美国, ISP: CloudFlare Inc., Date: None, Delay: -1 ms, Speed: 0.00 M/s, Resolution: None
Name: CETV-2, URL: http://[2402:4e00:c052:1000:6d8:79ae:eac2:0]:32258/edge-cache02.live3.omd.sc96655.com/live/CETV-2_4000.m3u8, From: subscribe, IPv_Type: ipv6, Location: 中国, ISP: 腾讯云, Date: None, Delay: -1 ms, Speed: 0.00 M/s, Resolution: None
Name: CETV-2, URL: http://gslbmgsplive.miguvideo.com/migu/kailu/cetv2/51/20240709/index.m3u8?msisdn=20251202060210af50699ca6b6412f96409b29fb82cde9&mdspid=&spid=699004&netType=0&sid=5910022152&pid=2028597139&timestamp=20251202060210&Channel_ID=0116_2600000900-99000-201600010010027&ProgramID=923287211&ParentNodeID=-99&assertID=5910022152&client_ip=218.28.233.106&SecurityKey=20251202060210&promotionId=&mvid=5900006638&mcid=500020&playurlVersion=WX-A1-8.11.2-RELEASE&userid=&jmhm=&videocodec=h264&appCode=miguvideo_android&bean=mgspad&tid=android&conFee=0&puData=63964d44be1484c2e946ba4773a311ac&ddCalcu=c6a3e190163340ad34747b4ea1b468449ce2, From: subscribe, IPv_Type: ipv6, Location: 中国, ISP: 中国移动, Date: None, Delay: -1 ms, Speed: 0.00 M/s, Resolution: None
Name: CETV-2, URL: https://migu.188766.xyz/?migutoken=2932e23d400a77ccefac924ee6b09976&id=CETV2&type=yy, From: subscribe, IPv_Type: ipv6, Location: 美国, ISP: CloudFlare Inc., Date: None, Delay: -1 ms, Speed: 0.00 M/s, Resolution: None
Name: CETV-2, URL: http://gslbmgsplive.miguvideo.com/migu/kailu/cetv2/51/20240709/index.m3u8?msisdn=202512030802460c9358231ea84415bacfa5438ca9fdec&mdspid=&spid=699004&netType=0&sid=5910022152&pid=2028597139&timestamp=20251203080246&Channel_ID=0116_2600000900-99000-201600010010027&ProgramID=923287211&ParentNodeID=-99&assertID=5910022152&client_ip=218.28.233.106&SecurityKey=20251203080246&promotionId=&mvid=5900006638&mcid=500020&playurlVersion=ZQ-A1-8.11.2-RELEASE&userid=&jmhm=&videocodec=h264&appCode=miguvideo_android&bean=mgspad&tid=android&conFee=0&puData=f8ac59976e5a43f97f530a82d216a8a1&ddCalcu=1fa8e8a0ac36501929d7268ea50a3453ff79, From: subscribe, IPv_Type: ipv6, Location: 中国, ISP: 中国移动, Date: None, Delay: -1 ms, Speed: 0.00 M/s, Resolution: None
Name: CETV-2, URL: https://migu.188766.xyz/?migutoken=0e3a11654bf02976d6aa6327872feebb&id=CETV2&type=yy, From: subscribe, IPv_Type: ipv6, Location: 美国, ISP: CloudFlare Inc., Date: None, Delay: -1 ms, Speed: 0.00 M/s, Resolution: None
Name: CETV-2, URL: https://migu.188766.xyz/?migutoken=a5de55c0559a6f3eb6ae398e388c5a52&id=CETV2&type=yy, From: subscribe, IPv_Type: ipv6, Location: 美国, ISP: CloudFlare Inc., Date: None, Delay: -1 ms, Speed: 0.00 M/s, Resolution: None
Name: CETV-2, URL: https://migu.188766.xyz/?migutoken=abde69cd49d47c3f6c4f6ec80b543f76&id=CETV2&type=yy, From: subscribe, IPv_Type: ipv6, Location: 美国, ISP: CloudFlare Inc., Date: None, Delay: -1 ms, Speed: 0.00 M/s, Resolution: None
Name: CETV-2, URL: http://gslbmgsplive.miguvideo.com/migu/kailu/cetv2/50/20240709/index.m3u8?msisdn=2025120608034768cf5760c5c94866a012ed6737794881&mdspid=&spid=699004&netType=0&sid=5910022152&pid=2028597139&timestamp=20251206080347&Channel_ID=0116_2600037000-99000-200300220100002&ProgramID=923287211&ParentNodeID=-99&assertID=5910022152&client_ip=218.28.233.106&SecurityKey=20251206080347&promotionId=&mvid=5900006638&mcid=500020&playurlVersion=WX-A1-8.11.2-RELEASE&userid=&jmhm=&videocodec=h264&appCode=miguvideo_android&bean=mgspad&tid=android&conFee=0&puData=88c34269a3dccb5efbc087962dccc149&ddCalcu=9848v1cac3ac4ac2d6296a937d8c0ccbb5fe&sv=10004&ct=android, From: subscribe, IPv_Type: ipv6, Location: 中国, ISP: 中国移动, Date: None, Delay: -1 ms, Speed: 0.00 M/s, Resolution: None
Name: CETV-2, URL: https://migu.188766.xyz/?migutoken=32f634724fb66c43831850b213cf80ea&id=CETV2&type=yy, From: subscribe, IPv_Type: ipv6, Location: 美国, ISP: CloudFlare Inc., Date: None, Delay: -1 ms, Speed: 0.00 M/s, Resolution: None
Name: CETV-2, URL: http://gslbmgsplive.miguvideo.com/migu/kailu/cetv2/50/20240709/index.m3u8?msisdn=20251207080420ff0689c215744042a7e53a5201b86d6f&mdspid=&spid=699004&netType=0&sid=5910022152&pid=2028597139&timestamp=20251207080420&Channel_ID=0116_2600037000-99000-200300220100002&ProgramID=923287211&ParentNodeID=-99&assertID=5910022152&client_ip=218.28.233.106&SecurityKey=20251207080420&promotionId=&mvid=5900006638&mcid=500020&playurlVersion=WX-A1-8.11.2-RELEASE&userid=&jmhm=&videocodec=h264&appCode=miguvideo_android&bean=mgspad&tid=android&conFee=0&puData=f11ee959742401cb6ed7c4114cd2f17e&ddCalcu=ef71v11afea2ead9c549171442c470d1ec6b&sv=10004&ct=android, From: subscribe, IPv_Type: ipv6, Location: 中国, ISP: 中国移动, Date: None, Delay: -1 ms, Speed: 0.00 M/s, Resolution: None
Name: CETV-2, URL: https://migu.188766.xyz/?migutoken=34f99b2f90e20a1e0a1f558d2476b97a&id=CETV2&type=yy, From: subscribe, IPv_Type: ipv6, Location: 美国, ISP: CloudFlare Inc., Date: None, Delay: -1 ms, Speed: 0.00 M/s, Resolution: None
Name: CETV-2, URL: http://gslbmgsplive.miguvideo.com/migu/kailu/cetv2/50/20240709/index.m3u8?msisdn=20251208080343fb81c24d91004bb7a602a8aaac0c02d4&mdspid=&spid=699004&netType=0&sid=5910022152&pid=2028597139&timestamp=20251208080343&Channel_ID=0116_2600037000-99000-200300220100002&ProgramID=923287211&ParentNodeID=-99&assertID=5910022152&client_ip=218.28.233.106&SecurityKey=20251208080343&promotionId=&mvid=5900006638&mcid=500020&playurlVersion=WX-A1-8.11.2-RELEASE&userid=&jmhm=&videocodec=h264&appCode=miguvideo_android&bean=mgspad&tid=android&conFee=0&puData=c1f9b19c1712320f42d219c9f18455dd&ddCalcu=dcd1v5fa59a4ba8119fc91c7911223d2204f&sv=10004&ct=android, From: subscribe, IPv_Type: ipv6, Location: 中国, ISP: 中国移动, Date: None, Delay: -1 ms, Speed: 0.00 M/s, Resolution: None
Name: CETV-2, URL: https://migu.188766.xyz/?migutoken=918c068e818b5e34db73a952cbda8799&id=CETV2&type=yy, From: subscribe, IPv_Type: ipv6, Location: 美国, ISP: CloudFlare Inc., Date: None, Delay: -1 ms, Speed: 0.00 M/s, Resolution: None
Name: CETV-2, URL: http://gslbmgsplive.miguvideo.com/migu/kailu/cetv2/50/20240709/index.m3u8?msisdn=202512090804192a0d415ed1884b02a2f7aef1e5c7060f&mdspid=&spid=699004&netType=0&sid=5910022152&pid=2028597139&timestamp=20251209080419&Channel_ID=0116_2600037000-99000-200300220100002&ProgramID=923287211&ParentNodeID=-99&assertID=5910022152&client_ip=218.28.233.106&SecurityKey=20251209080419&promotionId=&mvid=5900006638&mcid=500020&playurlVersion=WX-A1-8.11.2-RELEASE&userid=&jmhm=&videocodec=h264&appCode=miguvideo_android&bean=mgspad&tid=android&conFee=0&puData=4c485285d23c0e44c299d14008a8d7d6&ddCalcu=64dcv74ad8a85aa288050d4213dc909e24c4&sv=10004&ct=android, From: subscribe, IPv_Type: ipv6, Location: 中国, ISP: 中国移动, Date: None, Delay: -1 ms, Speed: 0.00 M/s, Resolution: None
Name: CETV-2, URL: https://migu.188766.xyz/?migutoken=2fc0a16673ff085d49fb1c418d063a4f&id=CETV2&type=yy, From: subscribe, IPv_Type: ipv6, Location: 美国, ISP: CloudFlare Inc., Date: None, Delay: -1 ms, Speed: 0.00 M/s, Resolution: None
Name: CETV-2, URL: http://gslbmgsplive.miguvideo.com/migu/kailu/cetv2/50/20240709/index.m3u8?msisdn=20251210080349b4a22d1cb8e349d5845a592a2209f329&mdspid=&spid=699004&netType=0&sid=5910022152&pid=2028597139&timestamp=20251210080349&Channel_ID=0116_2600037000-99000-200300220100002&ProgramID=923287211&ParentNodeID=-99&assertID=5910022152&client_ip=218.28.233.106&SecurityKey=20251210080349&promotionId=&mvid=5900006638&mcid=500020&playurlVersion=WX-A1-8.11.2-RELEASE&userid=&jmhm=&videocodec=h264&appCode=miguvideo_android&bean=mgspad&tid=android&conFee=0&puData=6d10e11bb83b396d3aff5af432781428&ddCalcu=862dv41a10a8ea71213b4bf8a35bf3f9a63d&sv=10004&ct=android, From: subscribe, IPv_Type: ipv6, Location: 中国, ISP: 中国移动, Date: None, Delay: -1 ms, Speed: 0.00 M/s, Resolution: None
Name: CETV-2, URL: https://migu.188766.xyz/?migutoken=4c4e9f0628296ab2c02bfb79cb9276e8&id=CETV2&type=yy, From: subscribe, IPv_Type: ipv6, Location: 美国, ISP: CloudFlare Inc., Date: None, Delay: -1 ms, Speed: 0.00 M/s, Resolution: None
Name: CETV-2, URL: http://gslbmgsplive.miguvideo.com/migu/kailu/cetv2/50/20240709/index.m3u8?msisdn=2025121018034762470194c71f4c359629e71feb5f5d76&mdspid=&spid=699004&netType=0&sid=5910022152&pid=2028597139&timestamp=20251210180347&Channel_ID=0116_2600037000-99000-200300220100002&ProgramID=923287211&ParentNodeID=-99&assertID=5910022152&client_ip=218.28.233.106&SecurityKey=20251210180347&promotionId=&mvid=5900006638&mcid=500020&playurlVersion=WX-A1-8.11.2-RELEASE&userid=&jmhm=&videocodec=h264&appCode=miguvideo_android&bean=mgspad&tid=android&conFee=0&puData=b182f5be6dfe67b86e4688af8d298d47&ddCalcu=7b41vd8a82a9fa25db8ef6ad8f8e6647eb68&sv=10004&ct=android, From: subscribe, IPv_Type: ipv6, Location: 中国, ISP: 中国移动, Date: None, Delay: -1 ms, Speed: 0.00 M/s, Resolution: None
Name: CETV-2, URL: http://gslbmgsplive.miguvideo.com/migu/kailu/cetv2/50/20240709/index.m3u8?msisdn=20251211080423a171b14fdae44620b899a8bbaf599424&mdspid=&spid=699004&netType=0&sid=5910022152&pid=2028597139&timestamp=20251211080423&Channel_ID=0116_2600037000-99000-200300220100002&ProgramID=923287211&ParentNodeID=-99&assertID=5910022152&client_ip=218.28.233.106&SecurityKey=20251211080423&promotionId=&mvid=5900006638&mcid=500020&playurlVersion=WX-A1-8.11.2-RELEASE&userid=&jmhm=&videocodec=h264&appCode=miguvideo_android&bean=mgspad&tid=android&conFee=0&puData=328c6ead08894087a7854790272b02d8&ddCalcu=83d2v28a0cab6a2e7a2d00987849548078a7&sv=10004&ct=android, From: subscribe, IPv_Type: ipv6, Location: 中国, ISP: 中国移动, Date: None, Delay: -1 ms, Speed: 0.00 M/s, Resolution: None
Name: CETV-2, URL: https://migu.188766.xyz/?migutoken=1e39acb57d233e0d0daa2ae37f080e90&id=CETV2&type=yy, From: subscribe, IPv_Type: ipv6, Location: 美国, ISP: CloudFlare Inc., Date: None, Delay: -1 ms, Speed: 0.00 M/s, Resolution: None
Name: CETV-2, URL: http://gslbmgsplive.miguvideo.com/migu/kailu/cetv2/50/20240709/index.m3u8?msisdn=20251212080347499f946a38a148d1b4905134bcfc6867&mdspid=&spid=699004&netType=0&sid=5910022152&pid=2028597139&timestamp=20251212080347&Channel_ID=0116_2600037000-99000-200300220100002&ProgramID=923287211&ParentNodeID=-99&assertID=5910022152&client_ip=218.28.233.106&SecurityKey=20251212080347&promotionId=&mvid=5900006638&mcid=500020&playurlVersion=ZQ-A1-8.12.1-RELEASE&userid=&jmhm=&videocodec=h264&appCode=miguvideo_android&bean=mgspad&tid=android&conFee=0&puData=b0461375c6114528d1fc40845f8159b2&ddCalcu=2bb0v94a56a11a83f7554c860141c4f512d8&sv=10004&ct=android, From: subscribe, IPv_Type: ipv6, Location: 中国, ISP: 中国移动, Date: None, Delay: -1 ms, Speed: 0.00 M/s, Resolution: None
Name: CETV-2, URL: https://migu.188766.xyz/?migutoken=a48681026f1ab38522062720532d7a5e&id=CETV2&type=yy, From: subscribe, IPv_Type: ipv6, Location: 美国, ISP: CloudFlare Inc., Date: None, Delay: -1 ms, Speed: 0.00 M/s, Resolution: None
Name: CETV-2, URL: https://migu.188766.xyz/?migutoken=45567d922fd1a112e2c5d2d5ca3b05ba&id=CETV2&type=yy, From: subscribe, IPv_Type: ipv6, Location: 美国, ISP: CloudFlare Inc., Date: None, Delay: -1 ms, Speed: 0.00 M/s, Resolution: None
Name: CETV-2, URL: https://migu.188766.xyz/?migutoken=0d8d4767f9262a4b41668144f85c7428&id=CETV2&type=yy, From: subscribe, IPv_Type: ipv6, Location: 美国, ISP: CloudFlare Inc., Date: None, Delay: -1 ms, Speed: 0.00 M/s, Resolution: None
Name: CETV-2, URL: https://migu.188766.xyz/?migutoken=0820061fd48dd4f35c1d05bcca9507f4&id=CETV2&type=yy, From: subscribe, IPv_Type: ipv6, Location: 美国, ISP: CloudFlare Inc., Date: None, Delay: -1 ms, Speed: 0.00 M/s, Resolution: None
Name: CETV-2, URL: https://migu.188766.xyz/?migutoken=8de5665d629c3670df929cb410e0204e&id=CETV2&type=yy, From: subscribe, IPv_Type: ipv6, Location: 美国, ISP: CloudFlare Inc., Date: None, Delay: -1 ms, Speed: 0.00 M/s, Resolution: None
Name: CETV-2, URL: https://migu.188766.xyz/?migutoken=099178979902b11fa0226f898327ce8c&id=CETV2&type=yy, From: subscribe, IPv_Type: ipv6, Location: 美国, ISP: CloudFlare Inc., Date: None, Delay: -1 ms, Speed: 0.00 M/s, Resolution: None
Name: CETV-2, URL: https://migu.188766.xyz/?migutoken=24d51c63fcdad67c549d2b48c2e6ca87&id=CETV2&type=yy, From: subscribe, IPv_Type: ipv6, Location: 美国, ISP: CloudFlare Inc., Date: None, Delay: -1 ms, Speed: 0.00 M/s, Resolution: None
Name: CETV-2, URL: https://migu.188766.xyz/?migutoken=a46601653a260e32ed54723d8ddb5202&id=CETV2&type=yy, From: subscribe, IPv_Type: ipv6, Location: 美国, ISP: CloudFlare Inc., Date: None, Delay: -1 ms, Speed: 0.00 M/s, Resolution: None
Name: CETV-2, URL: https://migu.188766.xyz/?migutoken=586c3e07665e60be051b91cd610c1ba3&id=CETV2&type=yy, From: subscribe, IPv_Type: ipv6, Location: 美国, ISP: CloudFlare Inc., Date: None, Delay: -1 ms, Speed: 0.00 M/s, Resolution: None
Name: CETV-2, URL: https://migu.188766.xyz/?migutoken=b0a6fa71e51a80af130b7d8950ea2860&id=CETV2&type=yy, From: subscribe, IPv_Type: ipv6, Location: 美国, ISP: CloudFlare Inc., Date: None, Delay: -1 ms, Speed: 0.00 M/s, Resolution: None
Name: CETV-2, URL: https://migu.188766.xyz/?migutoken=cf60333a1c87b28c89b384e3bc71b471&id=CETV2&type=yy, From: subscribe, IPv_Type: ipv6, Location: 美国, ISP: CloudFlare Inc., Date: None, Delay: -1 ms, Speed: 0.00 M/s, Resolution: None
Name: CETV-2, URL: https://migu.188766.xyz/?migutoken=5a80294b9187f5acd992a042b72e46ae&id=CETV2&type=yy, From: subscribe, IPv_Type: ipv6, Location: 美国, ISP: CloudFlare Inc., Date: None, Delay: -1 ms, Speed: 0.00 M/s, Resolution: None
Name: CETV-2, URL: https://migu.188766.xyz/?migutoken=2db392bb1f9d72452e2e5788b1b76c44&id=CETV2&type=yy, From: subscribe, IPv_Type: ipv6, Location: 美国, ISP: CloudFlare Inc., Date: None, Delay: -1 ms, Speed: 0.00 M/s, Resolution: None
Name: CETV-2, URL: https://migu.188766.xyz/?migutoken=38512bea19fb29e4b6dfdc7f3fdb3066&id=CETV2&type=yy, From: subscribe, IPv_Type: ipv6, Location: 美国, ISP: CloudFlare Inc., Date: None, Delay: -1 ms, Speed: 0.00 M/s, Resolution: None
Name: CETV-2, URL: https://migu.188766.xyz/?migutoken=cacc343ec52dd2a4846de01bad988b27&id=CETV2&type=yy, From: subscribe, IPv_Type: ipv6, Location: 美国, ISP: CloudFlare Inc., Date: None, Delay: -1 ms, Speed: 0.00 M/s, Resolution: None
Name: CETV-2, URL: https://migu.188766.xyz/?migutoken=560dba0756698259f8d5aad48380f735&id=CETV2&type=yy, From: subscribe, IPv_Type: ipv6, Location: 美国, ISP: CloudFlare Inc., Date: None, Delay: -1 ms, Speed: 0.00 M/s, Resolution: None
Name: CETV-2, URL: https://migu.188766.xyz/?migutoken=d3de88f14b6b17a0aee9ca4962f38780&id=CETV2&type=yy, From: subscribe, IPv_Type: ipv6, Location: 美国, ISP: CloudFlare Inc., Date: None, Delay: -1 ms, Speed: 0.00 M/s, Resolution: None
Name: CETV-2, URL: https://migu.188766.xyz/?migutoken=359b7fa6564939f8beeb0fe9e65ec7ca&id=CETV2&type=yy, From: subscribe, IPv_Type: ipv6, Location: 美国, ISP: CloudFlare Inc., Date: None, Delay: -1 ms, Speed: 0.00 M/s, Resolution: None
Name: CETV-2, URL: https://migu.188766.xyz/?migutoken=9f2d5e9a7b4c69749a53c1aa427ba5b2&id=CETV2&type=yy, From: subscribe, IPv_Type: ipv6, Location: 美国, ISP: CloudFlare Inc., Date: None, Delay: -1 ms, Speed: 0.00 M/s, Resolution: None
Name: CETV-2, URL: https://migu.188766.xyz/?migutoken=98d79d785dced88d1c1595bf405b8412&id=CETV2&type=yy, From: subscribe, IPv_Type: ipv6, Location: 美国, ISP: CloudFlare Inc., Date: None, Delay: -1 ms, Speed: 0.00 M/s, Resolution: None
Name: CETV-2, URL: https://migu.188766.xyz/?migutoken=0b52ecbeb3078f7b77190b414b978e62&id=CETV2&type=yy, From: subscribe, IPv_Type: ipv6, Location: 美国, ISP: CloudFlare Inc., Date: None, Delay: -1 ms, Speed: 0.00 M/s, Resolution: None
Name: CETV-2, URL: https://migu.188766.xyz/?migutoken=fad61fa0e012b50ab5d198b29e064a4b&id=CETV2&type=yy, From: subscribe, IPv_Type: ipv6, Location: 美国, ISP: CloudFlare Inc., Date: None, Delay: -1 ms, Speed: 0.00 M/s, Resolution: None
Name: CETV-2, URL: https://migu.188766.xyz/?migutoken=a649deee33c083c281a36f5f90ab1315&id=CETV2&type=yy, From: subscribe, IPv_Type: ipv6, Location: 美国, ISP: CloudFlare Inc., Date: None, Delay: -1 ms, Speed: 0.00 M/s, Resolution: None
Name: CETV-2, URL: https://migu.188766.xyz/?migutoken=970223d9fb127a12d57df92e9ecfbc8a&id=CETV2&type=yy, From: subscribe, IPv_Type: ipv6, Location: 美国, ISP: CloudFlare Inc., Date: None, Delay: -1 ms, Speed: 0.00 M/s, Resolution: None
Name: CETV-2, URL: https://migu.188766.xyz/?migutoken=e1b07014952e4ab755ff5f7fc3902bfd&id=CETV2&type=yy, From: subscribe, IPv_Type: ipv6, Location: 美国, ISP: CloudFlare Inc., Date: None, Delay: -1 ms, Speed: 0.00 M/s, Resolution: None
Name: CETV-2, URL: https://migu.188766.xyz/?migutoken=662d55b2bd9b8efe7754681041733fc1&id=CETV2&type=yy, From: subscribe, IPv_Type: ipv6, Location: 美国, ISP: CloudFlare Inc., Date: None, Delay: -1 ms, Speed: 0.00 M/s, Resolution: None
Name: CETV-2, URL: https://migu.188766.xyz/?migutoken=d64ce1995bccd85ece2cba7ab157e68a&id=CETV2&type=yy, From: subscribe, IPv_Type: ipv6, Location: 美国, ISP: CloudFlare Inc., Date: None, Delay: -1 ms, Speed: 0.00 M/s, Resolution: None
Name: CETV-2, URL: https://migu.188766.xyz/?migutoken=514072f3d51bd167ac8fdd5148f0662a&id=CETV2&type=yy, From: subscribe, IPv_Type: ipv6, Location: 美国, ISP: CloudFlare Inc., Date: None, Delay: -1 ms, Speed: 0.00 M/s, Resolution: None
Name: CETV-2, URL: https://migu.188766.xyz/?migutoken=870ec96fea8597ace1fb72766cf9ba2e&id=CETV2&type=yy, From: subscribe, IPv_Type: ipv6, Location: 美国, ISP: CloudFlare Inc., Date: None, Delay: -1 ms, Speed: 0.00 M/s, Resolution: None
Name: CETV-2, URL: https://migu.188766.xyz/?migutoken=b28209c7b9cb3fb36f34b806c8a13896&id=CETV2&type=yy, From: subscribe, IPv_Type: ipv6, Location: 美国, ISP: CloudFlare Inc., Date: None, Delay: -1 ms, Speed: 0.00 M/s, Resolution: None
Name: CETV-2, URL: https://migu.188766.xyz/?migutoken=80d135103cebd5c6f3469ef1473f7bd9&id=CETV2&type=yy, From: subscribe, IPv_Type: ipv6, Location: 美国, ISP: CloudFlare Inc., Date: None, Delay: -1 ms, Speed: 0.00 M/s, Resolution: None
Name: CETV-2, URL: https://migu.188766.xyz/?migutoken=26a739e163df7481518d49bb1835b67a&id=CETV2&type=yy, From: subscribe, IPv_Type: ipv6, Location: 美国, ISP: CloudFlare Inc., Date: None, Delay: -1 ms, Speed: 0.00 M/s, Resolution: None
Name: CETV-2, URL: https://migu.188766.xyz/?migutoken=933375f10f59db6fe40d9315edf498e2&id=CETV2&type=yy, From: subscribe, IPv_Type: ipv6, Location: 美国, ISP: CloudFlare Inc., Date: None, Delay: -1 ms, Speed: 0.00 M/s, Resolution: None
Name: CETV-2, URL: https://migu.188766.xyz/?migutoken=4a5c2b012be7453cdbd6e01294e9ceb7&id=CETV2&type=yy, From: subscribe, IPv_Type: ipv6, Location: 美国, ISP: CloudFlare Inc., Date: None, Delay: -1 ms, Speed: 0.00 M/s, Resolution: None
Name: CETV-2, URL: https://migu.188766.xyz/?migutoken=40587ce1f3dc9d1db0d1e40530f2c857&id=CETV2&type=yy, From: subscribe, IPv_Type: ipv6, Location: 美国, ISP: CloudFlare Inc., Date: None, Delay: -1 ms, Speed: 0.00 M/s, Resolution: None
Name: CETV-2, URL: https://migu.188766.xyz/?migutoken=10de32222b3e0eaa5c2761a299af762e&id=CETV2&type=yy, From: subscribe, IPv_Type: ipv6, Location: 美国, ISP: CloudFlare Inc., Date: None, Delay: -1 ms, Speed: 0.00 M/s, Resolution: None
Name: CETV-2, URL: https://migu.188766.xyz/?migutoken=12c623ad85072d0d367ab603aa22d415&id=CETV2&type=yy, From: subscribe, IPv_Type: ipv6, Location: 美国, ISP: CloudFlare Inc., Date: None, Delay: -1 ms, Speed: 0.00 M/s, Resolution: None
Name: CETV-2, URL: https://migu.188766.xyz/?migutoken=a1758d23feb454b49b204c8b28e7cb18&id=CETV2&type=yy, From: subscribe, IPv_Type: ipv6, Location: 美国, ISP: CloudFlare Inc., Date: None, Delay: -1 ms, Speed: 0.00 M/s, Resolution: None
Name: CETV-2, URL: https://migu.188766.xyz/?migutoken=e2ff2cbbb5318cfb3d6f3ebd041d14f9&id=CETV2&type=yy, From: subscribe, IPv_Type: ipv6, Location: 美国, ISP: CloudFlare Inc., Date: None, Delay: -1 ms, Speed: 0.00 M/s, Resolution: None
Name: CETV-2, URL: https://migu.188766.xyz/?migutoken=6757cf21cd95be0e12bb4b428b05f151&id=CETV2&type=yy, From: subscribe, IPv_Type: ipv6, Location: 美国, ISP: CloudFlare Inc., Date: None, Delay: -1 ms, Speed: 0.00 M/s, Resolution: None
Name: CETV-2, URL: https://migu.188766.xyz/?migutoken=9a5154f3ec195d81bb5dbde686dcbeba&id=CETV2&type=yy, From: subscribe, IPv_Type: ipv6, Location: 美国, ISP: CloudFlare Inc., Date: None, Delay: -1 ms, Speed: 0.00 M/s, Resolution: None
Name: CETV-2, URL: https://migu.188766.xyz/?migutoken=040ac71bd6538c2707efaf601844b84c&id=CETV2&type=yy, From: subscribe, IPv_Type: ipv6, Location: 美国, ISP: CloudFlare Inc., Date: None, Delay: -1 ms, Speed: 0.00 M/s, Resolution: None
Name: CETV-2, URL: https://migu.188766.xyz/?migutoken=6058bd772ca8776edf91498cd18ff202&id=CETV2&type=yy, From: subscribe, IPv_Type: ipv6, Location: 美国, ISP: CloudFlare Inc., Date: None, Delay: -1 ms, Speed: 0.00 M/s, Resolution: None
Name: CETV-2, URL: https://migu.188766.xyz/?migutoken=abfa7e64d410c9bf2260fd7955bd4245&id=CETV2&type=yy, From: subscribe, IPv_Type: ipv6, Location: 美国, ISP: CloudFlare Inc., Date: None, Delay: -1 ms, Speed: 0.00 M/s, Resolution: None
Name: CETV-2, URL: https://migu.188766.xyz/?migutoken=c17d71b1e4b4e11660c7f76c8d5b916e&id=CETV2&type=yy, From: subscribe, IPv_Type: ipv6, Location: 美国, ISP: CloudFlare Inc., Date: None, Delay: -1 ms, Speed: 0.00 M/s, Resolution: None
Name: CETV-2, URL: https://migu.188766.xyz/?migutoken=79ca25a809cf7adecebab11d9427adbf&id=CETV2&type=yy, From: subscribe, IPv_Type: ipv6, Location: 美国, ISP: CloudFlare Inc., Date: None, Delay: -1 ms, Speed: 0.00 M/s, Resolution: None
Name: CETV-2, URL: https://migu.188766.xyz/?migutoken=4d07bac23d004cc1621f378cb5e88fa2&id=CETV2&type=yy, From: subscribe, IPv_Type: ipv6, Location: 美国, ISP: CloudFlare Inc., Date: None, Delay: -1 ms, Speed: 0.00 M/s, Resolution: None
Name: CETV-2, URL: https://migu.188766.xyz/?migutoken=b7ecaa1923db4ca4dadc5266bb234d15&id=CETV2&type=yy, From: subscribe, IPv_Type: ipv6, Location: 美国, ISP: CloudFlare Inc., Date: None, Delay: -1 ms, Speed: 0.00 M/s, Resolution: None
Name: CETV-2, URL: https://migu.188766.xyz/?migutoken=1a67eec2c411ab7996138a57ee8e94c0&id=CETV2&type=yy, From: subscribe, IPv_Type: ipv6, Location: 美国, ISP: CloudFlare Inc., Date: None, Delay: -1 ms, Speed: 0.00 M/s, Resolution: None
Name: CETV-2, URL: https://migu.188766.xyz/?migutoken=ed72f5df1efc7d7c741f8a4d66efc0ce&id=CETV2&type=yy, From: subscribe, IPv_Type: ipv6, Location: 美国, ISP: CloudFlare Inc., Date: None, Delay: -1 ms, Speed: 0.00 M/s, Resolution: None
Name: CETV-2, URL: https://migu.188766.xyz/?migutoken=77cb9046e0dd1dcfd9c4eb2a4dcfb5ed&id=CETV2&type=yy, From: subscribe, IPv_Type: ipv6, Location: 美国, ISP: CloudFlare Inc., Date: None, Delay: -1 ms, Speed: 0.00 M/s, Resolution: None
Name: CETV-2, URL: https://migu.188766.xyz/?migutoken=4a9265dc5abb762994df8dfdf164d80b&id=CETV2&type=yy, From: subscribe, IPv_Type: ipv6, Location: 美国, ISP: CloudFlare Inc., Date: None, Delay: -1 ms, Speed: 0.00 M/s, Resolution: None
Name: CETV-2, URL: https://migu.188766.xyz/?migutoken=032f5b5953e892f5dfe59e0b2fb1d8c3&id=CETV2&type=yy, From: subscribe, IPv_Type: ipv6, Location: 美国, ISP: CloudFlare Inc., Date: None, Delay: -1 ms, Speed: 0.00 M/s, Resolution: None
Name: CETV-2, URL: https://migu.188766.xyz/?migutoken=05f623695dd98b0b9c621e573aa455cd&id=CETV2&type=yy, From: subscribe, IPv_Type: ipv6, Location: 美国, ISP: CloudFlare Inc., Date: None, Delay: -1 ms, Speed: 0.00 M/s, Resolution: None
Name: CETV-2, URL: https://migu.188766.xyz/?migutoken=27b82b9b4e0a75f3b6014d2e40c601f1&id=CETV2&type=yy, From: subscribe, IPv_Type: ipv6, Location: 美国, ISP: CloudFlare Inc., Date: None, Delay: -1 ms, Speed: 0.00 M/s, Resolution: None
Name: CETV-2, URL: https://migu.188766.xyz/?migutoken=b78b601d794e7737bb2294bee2545be6&id=CETV2&type=yy, From: subscribe, IPv_Type: ipv6, Location: 美国, ISP: CloudFlare Inc., Date: None, Delay: -1 ms, Speed: 0.00 M/s, Resolution: None
Name: CETV-2, URL: https://migu.188766.xyz/?migutoken=c85e25c07074b79cc29315fd9bff1a83&id=CETV2&type=yy, From: subscribe, IPv_Type: ipv6, Location: 美国, ISP: CloudFlare Inc., Date: None, Delay: -1 ms, Speed: 0.00 M/s, Resolution: None
Name: CETV-2, URL: https://migu.188766.xyz/?migutoken=2c21194045376e9e5a2525042da18581&id=CETV2&type=yy, From: subscribe, IPv_Type: ipv6, Location: 美国, ISP: CloudFlare Inc., Date: None, Delay: -1 ms, Speed: 0.00 M/s, Resolution: None
Name: CETV-2, URL: https://migu.188766.xyz/?migutoken=c4768ec7baf9ce63cfa1c8ccc064ab69&id=CETV2&type=yy, From: subscribe, IPv_Type: ipv6, Location: 美国, ISP: CloudFlare Inc., Date: None, Delay: -1 ms, Speed: 0.00 M/s, Resolution: None
Name: CETV-2, URL: https://migu.188766.xyz/?migutoken=1377bbdc06c92fc64080e3adf7d7362f&id=CETV2&type=yy, From: subscribe, IPv_Type: ipv6, Location: 美国, ISP: CloudFlare Inc., Date: None, Delay: -1 ms, Speed: 0.00 M/s, Resolution: None
Name: CETV-2, URL: https://migu.188766.xyz/?migutoken=b28237cabed3aa64c54e154bb8ebd31a&id=CETV2&type=yy, From: subscribe, IPv_Type: ipv6, Location: 美国, ISP: CloudFlare Inc., Date: None, Delay: -1 ms, Speed: 0.00 M/s, Resolution: None
Name: CETV-2, URL: https://migu.188766.xyz/?migutoken=676034d4a9f9b38dc709e4629e9a0ca6&id=CETV2&type=yy, From: subscribe, IPv_Type: ipv6, Location: 美国, ISP: CloudFlare Inc., Date: None, Delay: -1 ms, Speed: 0.00 M/s, Resolution: None
Name: CETV-2, URL: https://migu.188766.xyz/?migutoken=8760794a8f802712863eff62051f02eb&id=CETV2&type=yy, From: subscribe, IPv_Type: ipv6, Location: 美国, ISP: CloudFlare Inc., Date: None, Delay: -1 ms, Speed: 0.00 M/s, Resolution: None
Name: CETV-2, URL: https://migu.188766.xyz/?migutoken=1827da848b01d8a21f1d1b6f03ca5761&id=CETV2&type=yy, From: subscribe, IPv_Type: ipv6, Location: 美国, ISP: CloudFlare Inc., Date: None, Delay: -1 ms, Speed: 0.00 M/s, Resolution: None
Name: CETV-2, URL: https://migu.188766.xyz/?migutoken=a454e65aed1314d4dd86e26d358fa856&id=CETV2&type=yy, From: subscribe, IPv_Type: ipv6, Location: 美国, ISP: CloudFlare Inc., Date: None, Delay: -1 ms, Speed: 0.00 M/s, Resolution: None
Name: CETV-2, URL: https://migu.188766.xyz/?migutoken=6fd9294c64500de99ba2ceaad83af861&id=CETV2&type=yy, From: subscribe, IPv_Type: ipv6, Location: 美国, ISP: CloudFlare Inc., Date: None, Delay: -1 ms, Speed: 0.00 M/s, Resolution: None
Name: CETV-2, URL: http://mgsp-hs2.live.miguvideo.com:8088/migu/kailu/cetv2/51/20240709/index.m3u8?msisdn=e55e9ee71b42d2d7008a152c069625e3&mdspid=&spid=699004&netType=0&sid=5910022152&pid=2028597139&timestamp=20260216080232&Channel_ID=0116_2600034600-99000-201600010010028&ProgramID=923287211&ParentNodeID=-99&assertID=5910022152&client_ip=218.28.233.106&SecurityKey=20260216080232&promotionId=&mvid=5900006638&mcid=500020&playurlVersion=WX-A1-9.2.1-RELEASE&userid=&jmhm=&videocodec=h264&appCode=miguvideo_android&bean=mgspad&tid=android&conFee=0&encrypt=50a22a777e30d024e257e3f605fb713f&sv=10004&ct=android, From: subscribe, IPv_Type: ipv6, Location: 中国, ISP: 中国移动, Date: None, Delay: -1 ms, Speed: 0.00 M/s, Resolution: None
Name: CETV-2, URL: https://migu.188766.xyz/?migutoken=1358c27fa2dbc4ac0326dcae5b331cf1&id=CETV2&type=yy, From: subscribe, IPv_Type: ipv6, Location: 美国, ISP: CloudFlare Inc., Date: None, Delay: -1 ms, Speed: 0.00 M/s, Resolution: None
Name: CETV-2, URL: https://migu.188766.xyz/?migutoken=01c746ace5c6f8b81e4f8736e18abc2c&id=CETV2&type=yy, From: subscribe, IPv_Type: ipv6, Location: 美国, ISP: CloudFlare Inc., Date: None, Delay: -1 ms, Speed: 0.00 M/s, Resolution: None
Name: CETV-3, URL: http://[2409:8087:7004:20:1000::22]:6610/yinhe/2/ch00000090990000001309/index.m3u8, From: subscribe, IPv_Type: ipv6, Location: 中国, ISP: 中国移动, Date: None, Delay: -1 ms, Speed: 0.00 M/s, Resolution: None
Name: CETV-3, URL: http://[2409:8087:8:21::18]:6610/otttv.bj.chinamobile.com/PLTV/88888888/224/3221226577/1.m3u8?GuardEncType=2&accountinfo=%7E%7EV2.0%7EhE2Z89HKgsQOlN9opVn1iw%7E_eNUbgU9sJGUcVVduOMKhafLvQUgE_zlz_7pvDimJNN03yUnk4zBVk1bynPPL3hZ%2CEND, From: subscribe, IPv_Type: ipv6, Location: 中国, ISP: 中国移动, Date: None, Delay: -1 ms, Speed: 0.00 M/s, Resolution: None
Name: CETV-3, URL: http://rrs01.hw.gmcc.net:8088/PLTV/81/224/3221226722/1.m3u8, From: subscribe, IPv_Type: ipv6, Location: 中国, ISP: 中国移动, Date: None, Delay: -1 ms, Speed: 0.00 M/s, Resolution: None
Name: CETV-3, URL: http://iptv.cdn.ha.chinamobile.com/PLTV/88888888/224/3221227352/index.m3u8, From: subscribe, IPv_Type: ipv6, Location: 中国, ISP: 中国移动, Date: None, Delay: -1 ms, Speed: 0.00 M/s, Resolution: None
Name: CETV-3, URL: http://ott.mobaibox.com/PLTV/3/224/3221227018/index.m3u8, From: subscribe, IPv_Type: ipv6, Location: 中国, ISP: 中国移动, Date: None, Delay: -1 ms, Speed: 0.00 M/s, Resolution: None
Name: CETV-3, URL: http://iptv.666230.xyz/iptv/jsyd.php/G_CETV-3, From: subscribe, IPv_Type: ipv6, Location: 美国, ISP: CloudFlare Inc., Date: None, Delay: -1 ms, Speed: 0.00 M/s, Resolution: None
Name: CETV-4, URL: http://[2409:8087:1a0b:df::4020]:80/ottrrs.hl.chinamobile.com/PLTV/88888888/224/3221225783/index.m3u8, From: subscribe, IPv_Type: ipv6, Location: 中国, ISP: 中国移动, Date: None, Delay: -1 ms, Speed: 0.00 M/s, Resolution: None
Name: CETV-4, URL: http://[2409:8087:8:21::18]:6610/otttv.bj.chinamobile.com/PLTV/88888888/224/3221226997/1.m3u8?GuardEncType=2&accountinfo=%7E%7EV2.0%7EAw_OvjRgJVjtlaOa0dcgzg%7EtP4-l0lmSfjwLWEfK_el1vH_mv-s1zo4AQJwdedaVwG9xkuFTDg8J26cwOrNJzn20BErrHdLhuZ9EzLUCD3PMW-OMx4MGteHV2vLeW6BqoY%2CEND, From: subscribe, IPv_Type: ipv6, Location: 中国, ISP: 中国移动, Date: None, Delay: -1 ms, Speed: 0.00 M/s, Resolution: None
Name: CETV-4, URL: http://rrs01.hw.gmcc.net:8088/PLTV/81/224/3221226724/1.m3u8, From: subscribe, IPv_Type: ipv6, Location: 中国, ISP: 中国移动, Date: None, Delay: -1 ms, Speed: 0.00 M/s, Resolution: None
Name: CETV-4, URL: https://mursor.ottiptv.cc/migu/923287339.m3u8?migutoken=165b545b4402eaba61cdc31defb6548a443d9b5eebb1d99392852bd799c553e8817e85eb324c512581ca9a1ed8e56e530144f79606cf44fe5b2d5e97b6da577e0f2adae2a90c2a55089c95880b, From: subscribe, IPv_Type: ipv6, Location: 美国-加利福尼亚州-圣克拉拉, ISP: DigitalOcean, Date: None, Delay: -1 ms, Speed: 0.00 M/s, Resolution: None
Name: CETV-4, URL: https://migu.188766.xyz/?migutoken=d5d19d868e1df41e984866fc7ca15071&id=CETV4&type=yy, From: subscribe, IPv_Type: ipv6, Location: 美国, ISP: CloudFlare Inc., Date: None, Delay: -1 ms, Speed: 0.00 M/s, Resolution: None
Name: CETV-4, URL: http://iptv.cdn.ha.chinamobile.com/PLTV/88888888/224/3221227331/index.m3u8, From: subscribe, IPv_Type: ipv6, Location: 中国, ISP: 中国移动, Date: None, Delay: -1 ms, Speed: 0.00 M/s, Resolution: None
Name: CETV-4, URL: http://ottrrs.hl.chinamobile.com/PLTV/88888888/224/3221225783/index.m3u8, From: subscribe, IPv_Type: ipv6, Location: 中国, ISP: 中国移动, Date: None, Delay: -1 ms, Speed: 0.00 M/s, Resolution: None
Name: CETV-4, URL: http://[2409:8087:1a0a:df::4031]:80/ottrrs.hl.chinamobile.com/PLTV/88888888/224/3221225783/index.m3u8, From: subscribe, IPv_Type: ipv6, Location: 中国, ISP: 中国移动, Date: None, Delay: -1 ms, Speed: 0.00 M/s, Resolution: None
Name: CETV-4, URL: http://sxydajtvlive.sx.chinamobile.com/PLTV/-/224/3221225748/1.m3u8, From: subscribe, IPv_Type: ipv6, Location: 中国, ISP: 中国移动, Date: None, Delay: -1 ms, Speed: 0.00 M/s, Resolution: None
Name: CETV-4, URL: http://gslbmgsplive.miguvideo.com/migu/kailu/cetv4/50/20240709/index.m3u8?msisdn=2025090309003329cd481a5313461999ea66e0b5c14a1b&mdspid=&spid=699004&netType=0&sid=5910022154&pid=2028597139&timestamp=20250903090033&Channel_ID=0116_2600037000-99000-200300220100002&ProgramID=923287339&ParentNodeID=-99&assertID=5910022154&client_ip=106.13.250.83&SecurityKey=20250903090033&promotionId=&mvid=5900006640&mcid=500020&playurlVersion=WX-A1-8.8.1-RELEASE&userid=&jmhm=&videocodec=h264&bean=mgspad&tid=android&conFee=0&puData=a0dd23e241f091b5c99903fbe22f27e3&ddCalcu=3ae0v7da2dbf2a232ee2b4f13f0099919bc5&sv=10004&ct=android, From: subscribe, IPv_Type: ipv6, Location: 中国, ISP: 中国移动, Date: None, Delay: -1 ms, Speed: 0.00 M/s, Resolution: None
Name: CETV-4, URL: https://mgtv.ottiptv.cc/migu/923287339.m3u8?migutoken=e849f192f877a1fe9b94587700118e387fa7e837d58db56a5a6963e5fbe3716e10861f2527ff824549f2afae03c10f898bf76c3e5d57688795b15cf06c7999218c6cb051933ab35d774490764e, From: subscribe, IPv_Type: ipv6, Location: 美国-新泽西州-巴赛克, ISP: DigitalOcean, Date: None, Delay: -1 ms, Speed: 0.00 M/s, Resolution: None
Name: CETV-4, URL: http://[2409:8087:1e01:20::3]/PLTV/11/224/3221226069/1.m3u8, From: subscribe, IPv_Type: ipv6, Location: 中国, ISP: 中国移动, Date: None, Delay: -1 ms, Speed: 0.00 M/s, Resolution: None
Name: CETV-4, URL: http://[2409:8087:1a01:df::7005]/ottrrs.hl.chinamobile.com/PLTV/88888888/224/3221225783/index.m3u8, From: subscribe, IPv_Type: ipv6, Location: 中国, ISP: 中国移动, Date: None, Delay: -1 ms, Speed: 0.00 M/s, Resolution: None
Name: CETV-4, URL: http://[2409:8087:1:20:20::26]/otttv.bj.chinamobile.com/PLTV/88888888/224/3221226557/1.m3u8?GuardEncType=2&accountinfo=%7E%7EV2.0%7EBzZToIaOOoaa_jAUfhUQHQ%7E_eNUbgU9sJGUcVVduOMKhafLvQUgE_zlz_7pvDimJNOD9BEmVSNbqSQpqXZxnxbk%2CEND, From: subscribe, IPv_Type: ipv6, Location: 中国, ISP: 中国移动, Date: None, Delay: -1 ms, Speed: 0.00 M/s, Resolution: None
Name: CETV-4, URL: https://migu.188766.xyz/?migutoken=1b2baf128163aa0e68e5b38118b1c092&id=CETV4&type=yy, From: subscribe, IPv_Type: ipv6, Location: 美国, ISP: CloudFlare Inc., Date: None, Delay: -1 ms, Speed: 0.00 M/s, Resolution: None
Name: CETV-4, URL: http://gslbmgsplive.miguvideo.com/migu/kailu/cetv4/51/20240709/index.m3u8?msisdn=2025112510010134e5c540ce7844099762286fedfe0d4b&mdspid=&spid=699004&netType=0&sid=5910022154&pid=2028597139&timestamp=20251125100101&Channel_ID=0116_2600000900-99000-201600010010027&ProgramID=923287339&ParentNodeID=-99&assertID=5910022154&client_ip=106.13.250.88&SecurityKey=20251125100101&promotionId=&mvid=5900006640&mcid=500020&playurlVersion=WX-A1-8.11.1-RELEASE&userid=&jmhm=&videocodec=h264&bean=mgspad&tid=android&conFee=0&puData=3f0b67b4b80042df63ca14383dc66369&ddCalcu=936fe3026b3660c7db348b384010a4c23d6f, From: subscribe, IPv_Type: ipv6, Location: 中国, ISP: 中国移动, Date: None, Delay: -1 ms, Speed: 0.00 M/s, Resolution: None
Name: CETV-4, URL: http://[2409:8087:1e02:20::1a]/PLTV/11/224/3221226153/1.m3u8, From: subscribe, IPv_Type: ipv6, Location: 中国, ISP: 中国移动, Date: None, Delay: -1 ms, Speed: 0.00 M/s, Resolution: None
Name: CETV-4, URL: http://gslbmgsplive.miguvideo.com/migu/kailu/cetv4/51/20240709/index.m3u8?msisdn=20251130060210dcabd005a4dc47b1a08089e34f6c542d&mdspid=&spid=699004&netType=0&sid=5910022154&pid=2028597139&timestamp=20251130060210&Channel_ID=0116_2600000900-99000-201600010010027&ProgramID=923287339&ParentNodeID=-99&assertID=5910022154&client_ip=218.28.233.106&SecurityKey=20251130060210&promotionId=&mvid=5900006640&mcid=500020&playurlVersion=WX-A1-8.11.2-RELEASE&userid=&jmhm=&videocodec=h264&appCode=miguvideo_android&bean=mgspad&tid=android&conFee=0&puData=2301f483e1aa275b82d7748f7242d38f&ddCalcu=f283e303d132f0442873fe814a7a72d7258b, From: subscribe, IPv_Type: ipv6, Location: 中国, ISP: 中国移动, Date: None, Delay: -1 ms, Speed: 0.00 M/s, Resolution: None
Name: CETV-4, URL: http://[2409:8087:1a0b:df::4020]:80/ottrrs.hl.chinamobile.com/TVOD/88888888/224/3221225783/index.m3u8, From: subscribe, IPv_Type: ipv6, Location: 中国, ISP: 中国移动, Date: None, Delay: -1 ms, Speed: 0.00 M/s, Resolution: None
Name: CETV-4, URL: https://migu.188766.xyz/?migutoken=9b374b6b5e073ab1444c5dfe85d87440&id=CETV4&type=yy, From: subscribe, IPv_Type: ipv6, Location: 美国, ISP: CloudFlare Inc., Date: None, Delay: -1 ms, Speed: 0.00 M/s, Resolution: None
Name: CETV-4, URL: http://gslbmgsplive.miguvideo.com/migu/kailu/cetv4/51/20240709/index.m3u8?msisdn=20251201080246754e49ae85a14f5a93b1b379ecb33c4d&mdspid=&spid=699004&netType=0&sid=5910022154&pid=2028597139&timestamp=20251201080246&Channel_ID=0116_2600000900-99000-201600010010027&ProgramID=923287339&ParentNodeID=-99&assertID=5910022154&client_ip=218.28.233.106&SecurityKey=20251201080246&promotionId=&mvid=5900006640&mcid=500020&playurlVersion=WX-A1-8.11.2-RELEASE&userid=&jmhm=&videocodec=h264&appCode=miguvideo_android&bean=mgspad&tid=android&conFee=0&puData=231eeea13844ab1ee24a9048a12e7aac&ddCalcu=c2a3ea107e3ee02e1aa183480494aa4b21ee, From: subscribe, IPv_Type: ipv6, Location: 中国, ISP: 中国移动, Date: None, Delay: -1 ms, Speed: 0.00 M/s, Resolution: None
Name: CETV-4, URL: https://migu.188766.xyz/?migutoken=feecd0876190173659fcb12e078f67fc&id=CETV4&type=yy, From: subscribe, IPv_Type: ipv6, Location: 美国, ISP: CloudFlare Inc., Date: None, Delay: -1 ms, Speed: 0.00 M/s, Resolution: None
Name: CETV-4, URL: http://gslbmgsplive.miguvideo.com/migu/kailu/cetv4/51/20240709/index.m3u8?msisdn=202512020602117de05dc5633b46e3a16f9dce9096616c&mdspid=&spid=699004&netType=0&sid=5910022154&pid=2028597139&timestamp=20251202060211&Channel_ID=0116_2600000900-99000-201600010010027&ProgramID=923287339&ParentNodeID=-99&assertID=5910022154&client_ip=218.28.233.106&SecurityKey=20251202060211&promotionId=&mvid=5900006640&mcid=500020&playurlVersion=WX-A1-8.11.2-RELEASE&userid=&jmhm=&videocodec=h264&appCode=miguvideo_android&bean=mgspad&tid=android&conFee=0&puData=7ecc93197d3ca7c4b832be64c0058b83&ddCalcu=378eebc08c35900301c9476de3bc2a378cb4, From: subscribe, IPv_Type: ipv6, Location: 中国, ISP: 中国移动, Date: None, Delay: -1 ms, Speed: 0.00 M/s, Resolution: None
Name: CETV-4, URL: https://migu.188766.xyz/?migutoken=e59010603be89a351f82304a9430c52c&id=CETV4&type=yy, From: subscribe, IPv_Type: ipv6, Location: 美国, ISP: CloudFlare Inc., Date: None, Delay: -1 ms, Speed: 0.00 M/s, Resolution: None
Name: CETV-4, URL: http://gslbmgsplive.miguvideo.com/migu/kailu/cetv4/51/20240709/index.m3u8?msisdn=20251203080246b0e18afd88e3464ab0c6107ad5357efa&mdspid=&spid=699004&netType=0&sid=5910022154&pid=2028597139&timestamp=20251203080246&Channel_ID=0116_2600000900-99000-201600010010027&ProgramID=923287339&ParentNodeID=-99&assertID=5910022154&client_ip=218.28.233.106&SecurityKey=20251203080246&promotionId=&mvid=5900006640&mcid=500020&playurlVersion=ZQ-A1-8.11.2-RELEASE&userid=&jmhm=&videocodec=h264&appCode=miguvideo_android&bean=mgspad&tid=android&conFee=0&puData=963a925808b585153fa6edccd9d7bfd7&ddCalcu=79d6ef30ba3790d295d8c0c8dbe568a5f135, From: subscribe, IPv_Type: ipv6, Location: 中国, ISP: 中国移动, Date: None, Delay: -1 ms, Speed: 0.00 M/s, Resolution: None
Name: CETV-4, URL: https://migu.188766.xyz/?migutoken=6bbcf3bfb000f1a29e5c8a99f64f80a1&id=CETV4&type=yy, From: subscribe, IPv_Type: ipv6, Location: 美国, ISP: CloudFlare Inc., Date: None, Delay: -1 ms, Speed: 0.00 M/s, Resolution: None
Name: CETV-4, URL: https://migu.188766.xyz/?migutoken=ad1a8cdea8f6906c715ef5b0bad2042e&id=CETV4&type=yy, From: subscribe, IPv_Type: ipv6, Location: 美国, ISP: CloudFlare Inc., Date: None, Delay: -1 ms, Speed: 0.00 M/s, Resolution: None
Name: CETV-4, URL: https://migu.188766.xyz/?migutoken=07318a50bff7347035f0b71fa362d560&id=CETV4&type=yy, From: subscribe, IPv_Type: ipv6, Location: 美国, ISP: CloudFlare Inc., Date: None, Delay: -1 ms, Speed: 0.00 M/s, Resolution: None
Name: CETV-4, URL: http://gslbmgsplive.miguvideo.com/migu/kailu/cetv4/50/20240709/index.m3u8?msisdn=202512060803494a3f5e6ecba846029e55a19f7060c2c1&mdspid=&spid=699004&netType=0&sid=5910022154&pid=2028597139&timestamp=20251206080349&Channel_ID=0116_2600037000-99000-200300220100002&ProgramID=923287339&ParentNodeID=-99&assertID=5910022154&client_ip=218.28.233.106&SecurityKey=20251206080349&promotionId=&mvid=5900006640&mcid=500020&playurlVersion=WX-A1-8.11.2-RELEASE&userid=&jmhm=&videocodec=h264&appCode=miguvideo_android&bean=mgspad&tid=android&conFee=0&puData=d0aa7ea4bfd5d281cdbea9c57d45f4f9&ddCalcu=9df0v4aafab57a4eda745bcf9da5edb2d8c1&sv=10004&ct=android, From: subscribe, IPv_Type: ipv6, Location: 中国, ISP: 中国移动, Date: None, Delay: -1 ms, Speed: 0.00 M/s, Resolution: None
Name: CETV-4, URL: https://migu.188766.xyz/?migutoken=f70e9dcddffeffb73bc9f8400ad34ffe&id=CETV4&type=yy, From: subscribe, IPv_Type: ipv6, Location: 美国, ISP: CloudFlare Inc., Date: None, Delay: -1 ms, Speed: 0.00 M/s, Resolution: None
Name: CETV-4, URL: http://gslbmgsplive.miguvideo.com/migu/kailu/cetv4/50/20240709/index.m3u8?msisdn=20251207080421da1f665e94f54e00a468791b7065164d&mdspid=&spid=699004&netType=0&sid=5910022154&pid=2028597139&timestamp=20251207080421&Channel_ID=0116_2600037000-99000-200300220100002&ProgramID=923287339&ParentNodeID=-99&assertID=5910022154&client_ip=218.28.233.106&SecurityKey=20251207080421&promotionId=&mvid=5900006640&mcid=500020&playurlVersion=WX-A1-8.11.2-RELEASE&userid=&jmhm=&videocodec=h264&appCode=miguvideo_android&bean=mgspad&tid=android&conFee=0&puData=6c5b0993acebfc207f735b4ba2de1b0d&ddCalcu=d60cvb5a1bbe0ad929a3ba4cbe5b3f7cf270&sv=10004&ct=android, From: subscribe, IPv_Type: ipv6, Location: 中国, ISP: 中国移动, Date: None, Delay: -1 ms, Speed: 0.00 M/s, Resolution: None
Name: CETV-4, URL: https://migu.188766.xyz/?migutoken=f295fb8277fa04b248ac8cd3f3d54885&id=CETV4&type=yy, From: subscribe, IPv_Type: ipv6, Location: 美国, ISP: CloudFlare Inc., Date: None, Delay: -1 ms, Speed: 0.00 M/s, Resolution: None
Name: CETV-4, URL: http://gslbmgsplive.miguvideo.com/migu/kailu/cetv4/50/20240709/index.m3u8?msisdn=2025120808034492e9253aad7e48ac9b64be99e35c9b41&mdspid=&spid=699004&netType=0&sid=5910022154&pid=2028597139&timestamp=20251208080344&Channel_ID=0116_2600037000-99000-200300220100002&ProgramID=923287339&ParentNodeID=-99&assertID=5910022154&client_ip=218.28.233.106&SecurityKey=20251208080344&promotionId=&mvid=5900006640&mcid=500020&playurlVersion=WX-A1-8.11.2-RELEASE&userid=&jmhm=&videocodec=h264&appCode=miguvideo_android&bean=mgspad&tid=android&conFee=0&puData=38f790082ea80cc11fc1601ab0bb2b17&ddCalcu=7318vbfa27bb9ab000b8a21e0a6810ccfc11&sv=10004&ct=android, From: subscribe, IPv_Type: ipv6, Location: 中国, ISP: 中国移动, Date: None, Delay: -1 ms, Speed: 0.00 M/s, Resolution: None
Name: CETV-4, URL: https://migu.188766.xyz/?migutoken=cc1d8908e0a76bbd8e6154aedc220835&id=CETV4&type=yy, From: subscribe, IPv_Type: ipv6, Location: 美国, ISP: CloudFlare Inc., Date: None, Delay: -1 ms, Speed: 0.00 M/s, Resolution: None
Name: CETV-4, URL: http://gslbmgsplive.miguvideo.com/migu/kailu/cetv4/50/20240709/index.m3u8?msisdn=202512090804212182c0c0709445f99c5ebffd30f3b812&mdspid=&spid=699004&netType=0&sid=5910022154&pid=2028597139&timestamp=20251209080421&Channel_ID=0116_2600037000-99000-200300220100002&ProgramID=923287339&ParentNodeID=-99&assertID=5910022154&client_ip=218.28.233.106&SecurityKey=20251209080421&promotionId=&mvid=5900006640&mcid=500020&playurlVersion=WX-A1-8.11.2-RELEASE&userid=&jmhm=&videocodec=h264&appCode=miguvideo_android&bean=mgspad&tid=android&conFee=0&puData=7bac953029f8fc1d69a621b6f4d3a7b6&ddCalcu=67bbv7aaacb39ad543f062b91f286fac916d&sv=10004&ct=android, From: subscribe, IPv_Type: ipv6, Location: 中国, ISP: 中国移动, Date: None, Delay: -1 ms, Speed: 0.00 M/s, Resolution: None
Name: CETV-4, URL: https://migu.188766.xyz/?migutoken=c5ea442a96efe63c86db5fa300ec3b4b&id=CETV4&type=yy, From: subscribe, IPv_Type: ipv6, Location: 美国, ISP: CloudFlare Inc., Date: None, Delay: -1 ms, Speed: 0.00 M/s, Resolution: None
Name: CETV-4, URL: http://gslbmgsplive.miguvideo.com/migu/kailu/cetv4/50/20240709/index.m3u8?msisdn=20251210080350e6ae35c1ac974d569940ec575ec9f13a&mdspid=&spid=699004&netType=0&sid=5910022154&pid=2028597139&timestamp=20251210080350&Channel_ID=0116_2600037000-99000-200300220100002&ProgramID=923287339&ParentNodeID=-99&assertID=5910022154&client_ip=218.28.233.106&SecurityKey=20251210080350&promotionId=&mvid=5900006640&mcid=500020&playurlVersion=WX-A1-8.11.2-RELEASE&userid=&jmhm=&videocodec=h264&appCode=miguvideo_android&bean=mgspad&tid=android&conFee=0&puData=dbb2e1aca3ab434c633f8d0b5abfaa4a&ddCalcu=ad4bvabaa2bfeab1aa5cba03da8bf433346c&sv=10004&ct=android, From: subscribe, IPv_Type: ipv6, Location: 中国, ISP: 中国移动, Date: None, Delay: -1 ms, Speed: 0.00 M/s, Resolution: None
Name: CETV-4, URL: https://migu.188766.xyz/?migutoken=3e51fd1ce5854ac39f6abc9b18841555&id=CETV4&type=yy, From: subscribe, IPv_Type: ipv6, Location: 美国, ISP: CloudFlare Inc., Date: None, Delay: -1 ms, Speed: 0.00 M/s, Resolution: None
Name: CETV-4, URL: http://gslbmgsplive.miguvideo.com/migu/kailu/cetv4/50/20240709/index.m3u8?msisdn=20251210180348cffd583835af423c9ba35a97a30c6c23&mdspid=&spid=699004&netType=0&sid=5910022154&pid=2028597139&timestamp=20251210180348&Channel_ID=0116_2600037000-99000-200300220100002&ProgramID=923287339&ParentNodeID=-99&assertID=5910022154&client_ip=218.28.233.106&SecurityKey=20251210180348&promotionId=&mvid=5900006640&mcid=500020&playurlVersion=WX-A1-8.11.2-RELEASE&userid=&jmhm=&videocodec=h264&appCode=miguvideo_android&bean=mgspad&tid=android&conFee=0&puData=cb0441d940295168608f22e9e0756431&ddCalcu=1c3bv40a64b54a710de994e02229f5810668&sv=10004&ct=android, From: subscribe, IPv_Type: ipv6, Location: 中国, ISP: 中国移动, Date: None, Delay: -1 ms, Speed: 0.00 M/s, Resolution: None
Name: CETV-4, URL: https://zby.130519.xyz/PLTV/11/224/3221226153/index.m3u8, From: subscribe, IPv_Type: ipv6, Location: 美国, ISP: CloudFlare Inc., Date: None, Delay: -1 ms, Speed: 0.00 M/s, Resolution: None
Name: CETV-4, URL: https://zby.130519.xyz/PLTV/11/224/3221226069/index.m3u8, From: subscribe, IPv_Type: ipv6, Location: 美国, ISP: CloudFlare Inc., Date: None, Delay: -1 ms, Speed: 0.00 M/s, Resolution: None
Name: CETV-4, URL: http://gslbmgsplive.miguvideo.com/migu/kailu/cetv4/50/20240709/index.m3u8?msisdn=20251211080425a902255de425400285694c71365b8765&mdspid=&spid=699004&netType=0&sid=5910022154&pid=2028597139&timestamp=20251211080425&Channel_ID=0116_2600037000-99000-200300220100002&ProgramID=923287339&ParentNodeID=-99&assertID=5910022154&client_ip=218.28.233.106&SecurityKey=20251211080425&promotionId=&mvid=5900006640&mcid=500020&playurlVersion=WX-A1-8.11.2-RELEASE&userid=&jmhm=&videocodec=h264&appCode=miguvideo_android&bean=mgspad&tid=android&conFee=0&puData=c6f70930d898e7b4d4cb58ea83d71ae3&ddCalcu=3ce6vafa17b70ad93380ade88958bec74bd4&sv=10004&ct=android, From: subscribe, IPv_Type: ipv6, Location: 中国, ISP: 中国移动, Date: None, Delay: -1 ms, Speed: 0.00 M/s, Resolution: None
Name: CETV-4, URL: https://migu.188766.xyz/?migutoken=f8a242067c1592391281a9542b894678&id=CETV4&type=yy, From: subscribe, IPv_Type: ipv6, Location: 美国, ISP: CloudFlare Inc., Date: None, Delay: -1 ms, Speed: 0.00 M/s, Resolution: None
Name: CETV-4, URL: http://gslbmgsplive.miguvideo.com/migu/kailu/cetv4/50/20240709/index.m3u8?msisdn=20251212080348224adc1c29d74c1b8b1eafbc8fb18b76&mdspid=&spid=699004&netType=0&sid=5910022154&pid=2028597139&timestamp=20251212080348&Channel_ID=0116_2600037000-99000-200300220100002&ProgramID=923287339&ParentNodeID=-99&assertID=5910022154&client_ip=218.28.233.106&SecurityKey=20251212080348&promotionId=&mvid=5900006640&mcid=500020&playurlVersion=ZQ-A1-8.12.1-RELEASE&userid=&jmhm=&videocodec=h264&appCode=miguvideo_android&bean=mgspad&tid=android&conFee=0&puData=8ddf1a20bb3fdd8c232ecbbcf1eae032&ddCalcu=283dv0daefba1aea12f0cbbbb3cfed2d382c&sv=10004&ct=android, From: subscribe, IPv_Type: ipv6, Location: 中国, ISP: 中国移动, Date: None, Delay: -1 ms, Speed: 0.00 M/s, Resolution: None
Name: CETV-4, URL: https://migu.188766.xyz/?migutoken=d0dd3023a5d3bf2fc6bb28eb63e41216&id=CETV4&type=yy, From: subscribe, IPv_Type: ipv6, Location: 美国, ISP: CloudFlare Inc., Date: None, Delay: -1 ms, Speed: 0.00 M/s, Resolution: None
Name: CETV-4, URL: https://migu.188766.xyz/?migutoken=9a37f8fd55d9a939aa1c3a85e0e4a080&id=CETV4&type=yy, From: subscribe, IPv_Type: ipv6, Location: 美国, ISP: CloudFlare Inc., Date: None, Delay: -1 ms, Speed: 0.00 M/s, Resolution: None
Name: CETV-4, URL: http://[2409:8087:1e01:23::10]:8112/000000001000/5000000006000012123/1.m3u8?channel-id=bestzb&Contentid=5000000006000012123&livemode=1&stbId=m, From: subscribe, IPv_Type: ipv6, Location: 中国, ISP: 中国移动, Date: None, Delay: -1 ms, Speed: 0.00 M/s, Resolution: None
Name: CETV-4, URL: http://[2409:8087:1e01:23::10]:8112/000000001000/5000000011000031126/1.m3u8?channel-id=bestzb&Contentid=5000000011000031126&livemode=1&stbId=m, From: subscribe, IPv_Type: ipv6, Location: 中国, ISP: 中国移动, Date: None, Delay: -1 ms, Speed: 0.00 M/s, Resolution: None
Name: CETV-4, URL: https://migu.188766.xyz/?migutoken=e940089b42fe99811be32f0e3ba92483&id=CETV4&type=yy, From: subscribe, IPv_Type: ipv6, Location: 美国, ISP: CloudFlare Inc., Date: None, Delay: -1 ms, Speed: 0.00 M/s, Resolution: None
Name: CETV-4, URL: https://migu.188766.xyz/?migutoken=fd476b98e90ad8e01097820c0432bb18&id=CETV4&type=yy, From: subscribe, IPv_Type: ipv6, Location: 美国, ISP: CloudFlare Inc., Date: None, Delay: -1 ms, Speed: 0.00 M/s, Resolution: None
Name: CETV-4, URL: https://migu.188766.xyz/?migutoken=2f92e1e32ba0a7e90476a749db7f5448&id=CETV4&type=yy, From: subscribe, IPv_Type: ipv6, Location: 美国, ISP: CloudFlare Inc., Date: None, Delay: -1 ms, Speed: 0.00 M/s, Resolution: None
Name: CETV-4, URL: https://migu.188766.xyz/?migutoken=d4050012ce68b866cef7c38992a081a8&id=CETV4&type=yy, From: subscribe, IPv_Type: ipv6, Location: 美国, ISP: CloudFlare Inc., Date: None, Delay: -1 ms, Speed: 0.00 M/s, Resolution: None
Name: CETV-4, URL: https://migu.188766.xyz/?migutoken=db73a387b54647d114f87302b7f129f2&id=CETV4&type=yy, From: subscribe, IPv_Type: ipv6, Location: 美国, ISP: CloudFlare Inc., Date: None, Delay: -1 ms, Speed: 0.00 M/s, Resolution: None
Name: CETV-4, URL: https://migu.188766.xyz/?migutoken=a364a5fffede0a2fbeaac496ff548fac&id=CETV4&type=yy, From: subscribe, IPv_Type: ipv6, Location: 美国, ISP: CloudFlare Inc., Date: None, Delay: -1 ms, Speed: 0.00 M/s, Resolution: None
Name: CETV-4, URL: https://migu.188766.xyz/?migutoken=302803158a65f8709c87ba8fb17ff0d0&id=CETV4&type=yy, From: subscribe, IPv_Type: ipv6, Location: 美国, ISP: CloudFlare Inc., Date: None, Delay: -1 ms, Speed: 0.00 M/s, Resolution: None
Name: CETV-4, URL: https://migu.188766.xyz/?migutoken=05ea7e08261f5d58a37761e80913b62e&id=CETV4&type=yy, From: subscribe, IPv_Type: ipv6, Location: 美国, ISP: CloudFlare Inc., Date: None, Delay: -1 ms, Speed: 0.00 M/s, Resolution: None
Name: CETV-4, URL: https://migu.188766.xyz/?migutoken=8a4a9051f0776ce6fdcf5b40a40de5db&id=CETV4&type=yy, From: subscribe, IPv_Type: ipv6, Location: 美国, ISP: CloudFlare Inc., Date: None, Delay: -1 ms, Speed: 0.00 M/s, Resolution: None
Name: CETV-4, URL: https://migu.188766.xyz/?migutoken=531dddb3e335974b4f4f849f78677564&id=CETV4&type=yy, From: subscribe, IPv_Type: ipv6, Location: 美国, ISP: CloudFlare Inc., Date: None, Delay: -1 ms, Speed: 0.00 M/s, Resolution: None
Name: CETV-4, URL: https://migu.188766.xyz/?migutoken=077dd6fc91cc1b73e1d19c575ea96c97&id=CETV4&type=yy, From: subscribe, IPv_Type: ipv6, Location: 美国, ISP: CloudFlare Inc., Date: None, Delay: -1 ms, Speed: 0.00 M/s, Resolution: None
Name: CETV-4, URL: https://migu.188766.xyz/?migutoken=c3d42d60fe66e0a10fbba2c2611f0c71&id=CETV4&type=yy, From: subscribe, IPv_Type: ipv6, Location: 美国, ISP: CloudFlare Inc., Date: None, Delay: -1 ms, Speed: 0.00 M/s, Resolution: None
Name: CETV-4, URL: https://migu.188766.xyz/?migutoken=9a02f9729235a8816511ba5c2028ffab&id=CETV4&type=yy, From: subscribe, IPv_Type: ipv6, Location: 美国, ISP: CloudFlare Inc., Date: None, Delay: -1 ms, Speed: 0.00 M/s, Resolution: None
Name: CETV-4, URL: https://migu.188766.xyz/?migutoken=4163300c949846b747e842240c1b5fdb&id=CETV4&type=yy, From: subscribe, IPv_Type: ipv6, Location: 美国, ISP: CloudFlare Inc., Date: None, Delay: -1 ms, Speed: 0.00 M/s, Resolution: None
Name: CETV-4, URL: https://migu.188766.xyz/?migutoken=bf826efa5428f32a0e8a55c1e8f70d3f&id=CETV4&type=yy, From: subscribe, IPv_Type: ipv6, Location: 美国, ISP: CloudFlare Inc., Date: None, Delay: -1 ms, Speed: 0.00 M/s, Resolution: None
Name: CETV-4, URL: https://migu.188766.xyz/?migutoken=295dc662d2b6490bb6ce0d801b8ade8e&id=CETV4&type=yy, From: subscribe, IPv_Type: ipv6, Location: 美国, ISP: CloudFlare Inc., Date: None, Delay: -1 ms, Speed: 0.00 M/s, Resolution: None
Name: CETV-4, URL: https://migu.188766.xyz/?migutoken=a6e8d741d6193df7a9362543db53b04a&id=CETV4&type=yy, From: subscribe, IPv_Type: ipv6, Location: 美国, ISP: CloudFlare Inc., Date: None, Delay: -1 ms, Speed: 0.00 M/s, Resolution: None
Name: CETV-4, URL: https://migu.188766.xyz/?migutoken=6534ec846777fafcdfa55404fe436219&id=CETV4&type=yy, From: subscribe, IPv_Type: ipv6, Location: 美国, ISP: CloudFlare Inc., Date: None, Delay: -1 ms, Speed: 0.00 M/s, Resolution: None
Name: CETV-4, URL: https://migu.188766.xyz/?migutoken=82cdda14ca4df9495925ac73161b35a0&id=CETV4&type=yy, From: subscribe, IPv_Type: ipv6, Location: 美国, ISP: CloudFlare Inc., Date: None, Delay: -1 ms, Speed: 0.00 M/s, Resolution: None
Name: CETV-4, URL: https://migu.188766.xyz/?migutoken=a3f00aea95880baab15e9f5133889fbf&id=CETV4&type=yy, From: subscribe, IPv_Type: ipv6, Location: 美国, ISP: CloudFlare Inc., Date: None, Delay: -1 ms, Speed: 0.00 M/s, Resolution: None
Name: CETV-4, URL: https://migu.188766.xyz/?migutoken=8485453c3d6ed32e197e336c28ca3789&id=CETV4&type=yy, From: subscribe, IPv_Type: ipv6, Location: 美国, ISP: CloudFlare Inc., Date: None, Delay: -1 ms, Speed: 0.00 M/s, Resolution: None
Name: CETV-4, URL: https://migu.188766.xyz/?migutoken=48b763d8df91a38b8a397b5255ea7759&id=CETV4&type=yy, From: subscribe, IPv_Type: ipv6, Location: 美国, ISP: CloudFlare Inc., Date: None, Delay: -1 ms, Speed: 0.00 M/s, Resolution: None
Name: CETV-4, URL: https://migu.188766.xyz/?migutoken=1cf855cccd55317059350e907934b291&id=CETV4&type=yy, From: subscribe, IPv_Type: ipv6, Location: 美国, ISP: CloudFlare Inc., Date: None, Delay: -1 ms, Speed: 0.00 M/s, Resolution: None
Name: CETV-4, URL: https://migu.188766.xyz/?migutoken=49f8d03f2926a516dc2870ad312356bf&id=CETV4&type=yy, From: subscribe, IPv_Type: ipv6, Location: 美国, ISP: CloudFlare Inc., Date: None, Delay: -1 ms, Speed: 0.00 M/s, Resolution: None
Name: CETV-4, URL: https://migu.188766.xyz/?migutoken=65606a22b5774a56cc8b50c5e237d254&id=CETV4&type=yy, From: subscribe, IPv_Type: ipv6, Location: 美国, ISP: CloudFlare Inc., Date: None, Delay: -1 ms, Speed: 0.00 M/s, Resolution: None
Name: CETV-4, URL: https://migu.188766.xyz/?migutoken=1f5a75404d40f2b7c23992a8ab8cc331&id=CETV4&type=yy, From: subscribe, IPv_Type: ipv6, Location: 美国, ISP: CloudFlare Inc., Date: None, Delay: -1 ms, Speed: 0.00 M/s, Resolution: None
Name: CETV-4, URL: https://migu.188766.xyz/?migutoken=ea9312e82d05e7d5bacaf37f56c5ece1&id=CETV4&type=yy, From: subscribe, IPv_Type: ipv6, Location: 美国, ISP: CloudFlare Inc., Date: None, Delay: -1 ms, Speed: 0.00 M/s, Resolution: None
Name: CETV-4, URL: https://migu.188766.xyz/?migutoken=15d317a52d0200a933e93bf4e7a1ed10&id=CETV4&type=yy, From: subscribe, IPv_Type: ipv6, Location: 美国, ISP: CloudFlare Inc., Date: None, Delay: -1 ms, Speed: 0.00 M/s, Resolution: None
Name: CETV-4, URL: https://migu.188766.xyz/?migutoken=e8f089113a890cfb3a1edbfeaf0433e9&id=CETV4&type=yy, From: subscribe, IPv_Type: ipv6, Location: 美国, ISP: CloudFlare Inc., Date: None, Delay: -1 ms, Speed: 0.00 M/s, Resolution: None
Name: CETV-4, URL: https://migu.188766.xyz/?migutoken=17de21f76bdb2f1755bd3e2870a23653&id=CETV4&type=yy, From: subscribe, IPv_Type: ipv6, Location: 美国, ISP: CloudFlare Inc., Date: None, Delay: -1 ms, Speed: 0.00 M/s, Resolution: None
Name: CETV-4, URL: https://migu.188766.xyz/?migutoken=8d4526a960b7bdd7a85faa29d1cc9e03&id=CETV4&type=yy, From: subscribe, IPv_Type: ipv6, Location: 美国, ISP: CloudFlare Inc., Date: None, Delay: -1 ms, Speed: 0.00 M/s, Resolution: None
Name: CETV-4, URL: https://migu.188766.xyz/?migutoken=b13d53d8aaf3b0080b8a0fd357235584&id=CETV4&type=yy, From: subscribe, IPv_Type: ipv6, Location: 美国, ISP: CloudFlare Inc., Date: None, Delay: -1 ms, Speed: 0.00 M/s, Resolution: None
Name: CETV-4, URL: https://migu.188766.xyz/?migutoken=c1d5c21cdc5028a4f7b8afcaad4d5176&id=CETV4&type=yy, From: subscribe, IPv_Type: ipv6, Location: 美国, ISP: CloudFlare Inc., Date: None, Delay: -1 ms, Speed: 0.00 M/s, Resolution: None
Name: CETV-4, URL: https://migu.188766.xyz/?migutoken=85b4e79728e9d72f5ca240d2dffabeff&id=CETV4&type=yy, From: subscribe, IPv_Type: ipv6, Location: 美国, ISP: CloudFlare Inc., Date: None, Delay: -1 ms, Speed: 0.00 M/s, Resolution: None
Name: CETV-4, URL: https://migu.188766.xyz/?migutoken=8691de70bad3b2f3cd801b0a75246160&id=CETV4&type=yy, From: subscribe, IPv_Type: ipv6, Location: 美国, ISP: CloudFlare Inc., Date: None, Delay: -1 ms, Speed: 0.00 M/s, Resolution: None
Name: CETV-4, URL: https://migu.188766.xyz/?migutoken=a81629d5fea47bde910c8f98cb6c9b5d&id=CETV4&type=yy, From: subscribe, IPv_Type: ipv6, Location: 美国, ISP: CloudFlare Inc., Date: None, Delay: -1 ms, Speed: 0.00 M/s, Resolution: None
Name: CETV-4, URL: https://migu.188766.xyz/?migutoken=c601816a2a235762cbfc043f883867db&id=CETV4&type=yy, From: subscribe, IPv_Type: ipv6, Location: 美国, ISP: CloudFlare Inc., Date: None, Delay: -1 ms, Speed: 0.00 M/s, Resolution: None
Name: CETV-4, URL: https://migu.188766.xyz/?migutoken=b3f5cf0b3981bb6403e7a23e951c78f0&id=CETV4&type=yy, From: subscribe, IPv_Type: ipv6, Location: 美国, ISP: CloudFlare Inc., Date: None, Delay: -1 ms, Speed: 0.00 M/s, Resolution: None
Name: CETV-4, URL: https://migu.188766.xyz/?migutoken=24163db9db210fd8010ada1ad27ff526&id=CETV4&type=yy, From: subscribe, IPv_Type: ipv6, Location: 美国, ISP: CloudFlare Inc., Date: None, Delay: -1 ms, Speed: 0.00 M/s, Resolution: None
Name: CETV-4, URL: https://migu.188766.xyz/?migutoken=5c8ba41dfa4ffee0c48e0bfe6926afd4&id=CETV4&type=yy, From: subscribe, IPv_Type: ipv6, Location: 美国, ISP: CloudFlare Inc., Date: None, Delay: -1 ms, Speed: 0.00 M/s, Resolution: None
Name: CETV-4, URL: https://migu.188766.xyz/?migutoken=37d2643839c6dab69155c1b2d8194f3c&id=CETV4&type=yy, From: subscribe, IPv_Type: ipv6, Location: 美国, ISP: CloudFlare Inc., Date: None, Delay: -1 ms, Speed: 0.00 M/s, Resolution: None
Name: CETV-4, URL: https://migu.188766.xyz/?migutoken=dc45439be55f170e7b1e37adca8e2b7f&id=CETV4&type=yy, From: subscribe, IPv_Type: ipv6, Location: 美国, ISP: CloudFlare Inc., Date: None, Delay: -1 ms, Speed: 0.00 M/s, Resolution: None
Name: CETV-4, URL: https://migu.188766.xyz/?migutoken=9011e7f7d02967526c13618ea9ad5c22&id=CETV4&type=yy, From: subscribe, IPv_Type: ipv6, Location: 美国, ISP: CloudFlare Inc., Date: None, Delay: -1 ms, Speed: 0.00 M/s, Resolution: None
Name: CETV-4, URL: https://migu.188766.xyz/?migutoken=2549ccd34502f74bb6cdf1e9bdcd09a8&id=CETV4&type=yy, From: subscribe, IPv_Type: ipv6, Location: 美国, ISP: CloudFlare Inc., Date: None, Delay: -1 ms, Speed: 0.00 M/s, Resolution: None
Name: CETV-4, URL: https://migu.188766.xyz/?migutoken=0dc08bbbe9c79f35d60171478e6e5169&id=CETV4&type=yy, From: subscribe, IPv_Type: ipv6, Location: 美国, ISP: CloudFlare Inc., Date: None, Delay: -1 ms, Speed: 0.00 M/s, Resolution: None
Name: CETV-4, URL: https://migu.188766.xyz/?migutoken=e9616f7a4491b108e96f5e4c21114a35&id=CETV4&type=yy, From: subscribe, IPv_Type: ipv6, Location: 美国, ISP: CloudFlare Inc., Date: None, Delay: -1 ms, Speed: 0.00 M/s, Resolution: None
Name: CETV-4, URL: https://migu.188766.xyz/?migutoken=d4a871f9dc0aa9a3784233cdaed6820f&id=CETV4&type=yy, From: subscribe, IPv_Type: ipv6, Location: 美国, ISP: CloudFlare Inc., Date: None, Delay: -1 ms, Speed: 0.00 M/s, Resolution: None
Name: CETV-4, URL: https://migu.188766.xyz/?migutoken=adc1ffb7acc32522cea827a09cd7314d&id=CETV4&type=yy, From: subscribe, IPv_Type: ipv6, Location: 美国, ISP: CloudFlare Inc., Date: None, Delay: -1 ms, Speed: 0.00 M/s, Resolution: None
Name: CETV-4, URL: https://migu.188766.xyz/?migutoken=f22b9fe703bc9fb7da8857695e09ed51&id=CETV4&type=yy, From: subscribe, IPv_Type: ipv6, Location: 美国, ISP: CloudFlare Inc., Date: None, Delay: -1 ms, Speed: 0.00 M/s, Resolution: None
Name: CETV-4, URL: https://migu.188766.xyz/?migutoken=c04179e6b4e37836f4baf0e50cc98cf0&id=CETV4&type=yy, From: subscribe, IPv_Type: ipv6, Location: 美国, ISP: CloudFlare Inc., Date: None, Delay: -1 ms, Speed: 0.00 M/s, Resolution: None
Name: CETV-4, URL: https://migu.188766.xyz/?migutoken=6d9f3d06b845c9fd9487a5a32958aef6&id=CETV4&type=yy, From: subscribe, IPv_Type: ipv6, Location: 美国, ISP: CloudFlare Inc., Date: None, Delay: -1 ms, Speed: 0.00 M/s, Resolution: None
Name: CETV-4, URL: https://migu.188766.xyz/?migutoken=9dca81008678d42995a8407fa8fc1302&id=CETV4&type=yy, From: subscribe, IPv_Type: ipv6, Location: 美国, ISP: CloudFlare Inc., Date: None, Delay: -1 ms, Speed: 0.00 M/s, Resolution: None
Name: CETV-4, URL: https://migu.188766.xyz/?migutoken=dd3ce2ef6361986652ea3a216f437cf6&id=CETV4&type=yy, From: subscribe, IPv_Type: ipv6, Location: 美国, ISP: CloudFlare Inc., Date: None, Delay: -1 ms, Speed: 0.00 M/s, Resolution: None
Name: CETV-4, URL: https://migu.188766.xyz/?migutoken=a57ef784e1f58e7817f181ff72b4098f&id=CETV4&type=yy, From: subscribe, IPv_Type: ipv6, Location: 美国, ISP: CloudFlare Inc., Date: None, Delay: -1 ms, Speed: 0.00 M/s, Resolution: None
Name: CETV-4, URL: https://migu.188766.xyz/?migutoken=c60091ce05469bf437b6f0fb7e0105e6&id=CETV4&type=yy, From: subscribe, IPv_Type: ipv6, Location: 美国, ISP: CloudFlare Inc., Date: None, Delay: -1 ms, Speed: 0.00 M/s, Resolution: None
Name: CETV-4, URL: https://migu.188766.xyz/?migutoken=dda9bfaf7e56c75d38da82f62c1bd19c&id=CETV4&type=yy, From: subscribe, IPv_Type: ipv6, Location: 美国, ISP: CloudFlare Inc., Date: None, Delay: -1 ms, Speed: 0.00 M/s, Resolution: None
Name: CETV-4, URL: https://migu.188766.xyz/?migutoken=ddb06ac434ba01eec8c08e2dd7ad59f7&id=CETV4&type=yy, From: subscribe, IPv_Type: ipv6, Location: 美国, ISP: CloudFlare Inc., Date: None, Delay: -1 ms, Speed: 0.00 M/s, Resolution: None
Name: CETV-4, URL: https://migu.188766.xyz/?migutoken=727a17206149c3661308621d0e4af4b3&id=CETV4&type=yy, From: subscribe, IPv_Type: ipv6, Location: 美国, ISP: CloudFlare Inc., Date: None, Delay: -1 ms, Speed: 0.00 M/s, Resolution: None
Name: CETV-4, URL: https://migu.188766.xyz/?migutoken=601a89fb3153d9b57dba285df9852f63&id=CETV4&type=yy, From: subscribe, IPv_Type: ipv6, Location: 美国, ISP: CloudFlare Inc., Date: None, Delay: -1 ms, Speed: 0.00 M/s, Resolution: None
Name: CETV-4, URL: https://migu.188766.xyz/?migutoken=3a6ec1f46229c11a46f7e3142295c44e&id=CETV4&type=yy, From: subscribe, IPv_Type: ipv6, Location: 美国, ISP: CloudFlare Inc., Date: None, Delay: -1 ms, Speed: 0.00 M/s, Resolution: None
Name: CETV-4, URL: https://migu.188766.xyz/?migutoken=affec25a78502a9b5af3f75f9f6b03c5&id=CETV4&type=yy, From: subscribe, IPv_Type: ipv6, Location: 美国, ISP: CloudFlare Inc., Date: None, Delay: -1 ms, Speed: 0.00 M/s, Resolution: None
Name: CETV-4, URL: https://migu.188766.xyz/?migutoken=e02c05521b78a1b699f8464fd9a6f50d&id=CETV4&type=yy, From: subscribe, IPv_Type: ipv6, Location: 美国, ISP: CloudFlare Inc., Date: None, Delay: -1 ms, Speed: 0.00 M/s, Resolution: None
Name: CETV-4, URL: https://migu.188766.xyz/?migutoken=8dd6dbe9b88504491364064576a71ba2&id=CETV4&type=yy, From: subscribe, IPv_Type: ipv6, Location: 美国, ISP: CloudFlare Inc., Date: None, Delay: -1 ms, Speed: 0.00 M/s, Resolution: None
Name: CETV-4, URL: https://migu.188766.xyz/?migutoken=6871e36e1acb567a14761c3fdf052f08&id=CETV4&type=yy, From: subscribe, IPv_Type: ipv6, Location: 美国, ISP: CloudFlare Inc., Date: None, Delay: -1 ms, Speed: 0.00 M/s, Resolution: None
Name: CETV-4, URL: http://mgsp-hs2.live.miguvideo.com:8088/migu/kailu/cetv4/51/20240709/index.m3u8?msisdn=e55e9ee71b42d2d7008a152c069625e3&mdspid=&spid=699004&netType=0&sid=5910022154&pid=2028597139&timestamp=20260216080233&Channel_ID=0116_2600034600-99000-201600010010028&ProgramID=923287339&ParentNodeID=-99&assertID=5910022154&client_ip=218.28.233.106&SecurityKey=20260216080233&promotionId=&mvid=5900006640&mcid=500020&playurlVersion=WX-A1-9.2.1-RELEASE&userid=&jmhm=&videocodec=h264&appCode=miguvideo_android&bean=mgspad&tid=android&conFee=0&encrypt=4380d1b7c3d1203a6efa8d16c02df669&sv=10004&ct=android, From: subscribe, IPv_Type: ipv6, Location: 中国, ISP: 中国移动, Date: None, Delay: -1 ms, Speed: 0.00 M/s, Resolution: None
Name: CETV-4, URL: https://migu.188766.xyz/?migutoken=0a5a6790393c91fd3bc2ee10e5a9c82f&id=CETV4&type=yy, From: subscribe, IPv_Type: ipv6, Location: 美国, ISP: CloudFlare Inc., Date: None, Delay: -1 ms, Speed: 0.00 M/s, Resolution: None
Name: CETV-4, URL: http://mgsp-zy2.live.miguvideo.com:8088/migu/kailu/cetv4/51/20240709/index.m3u8?msisdn=e55e9ee71b42d2d7008a152c069625e3&mdspid=&spid=699004&netType=0&sid=5910022154&pid=2028597139&timestamp=20260217084026&Channel_ID=0116_2600034600-99000-201600010010028&ProgramID=923287339&ParentNodeID=-99&assertID=5910022154&client_ip=218.28.233.106&SecurityKey=20260217084026&promotionId=&mvid=5900006640&mcid=500020&playurlVersion=WX-A1-9.2.1-RELEASE&userid=&jmhm=&videocodec=h264&appCode=miguvideo_android&bean=mgspad&tid=android&conFee=0&encrypt=56f311ed096b52fd7e7b4b5fbda5b234&sv=10004&ct=android, From: subscribe, IPv_Type: ipv6, Location: 中国, ISP: 中国电信, Date: None, Delay: -1 ms, Speed: 0.00 M/s, Resolution: None
Name: CETV-4, URL: https://migu.188766.xyz/?migutoken=cae985a0a8c86ae1cbe791a674689026&id=CETV4&type=yy, From: subscribe, IPv_Type: ipv6, Location: 美国, ISP: CloudFlare Inc., Date: None, Delay: -1 ms, Speed: 0.00 M/s, Resolution: None
Name: CETV-4, URL: http://171.83.103.119:9999/rtp/239.69.2.29:11328, From: subscribe, IPv_Type: ipv4, Location: 中国-湖北-武汉, ISP: 电信, Date: None, Delay: 489 ms, Speed: 0.14 M/s, Resolution: 1920x1080
Name: 文化精品, URL: https://hls-gateway.vpstv.net/streams/708832.m3u8, From: subscribe, IPv_Type: ipv6, Location: 美国, ISP: CloudFlare Inc., Date: None, Delay: -1 ms, Speed: 0.00 M/s, Resolution: None
Name: 文化精品, URL: http://iptv.666230.xyz/iptv/jsyd.php/G_CCTV-WENHUA-CQ, From: subscribe, IPv_Type: ipv6, Location: 美国, ISP: CloudFlare Inc., Date: None, Delay: -1 ms, Speed: 0.00 M/s, Resolution: None
Name: 文化精品, URL: http://www.qfly9236.cn:8888/rtp/239.253.92.25:6104, From: subscribe, IPv_Type: ipv6, Location: 中国, ISP: 中国联通, Date: None, Delay: -1 ms, Speed: 0.00 M/s, Resolution: None
Name: 央视台球, URL: http://[2409:8087:7001:20:2::3]/dbiptv.sn.chinamobile.com/PLTV/88888893/224/3221226956/index.m3u8, From: subscribe, IPv_Type: ipv6, Location: 中国, ISP: 中国移动, Date: None, Delay: 0.1 ms, Speed: inf M/s, Resolution: 1920x1080
Name: 央视台球, URL: https://hls-gateway.vpstv.net/streams/708855.m3u8, From: subscribe, IPv_Type: ipv6, Location: 美国, ISP: CloudFlare Inc., Date: None, Delay: -1 ms, Speed: 0.00 M/s, Resolution: None
Name: 央视台球, URL: https://epg.pw/stream/25677ac2e8c1f7c3dd6359c43eb5f0f54efb3f5c11f9dda18d01b3e0308ed017.m3u8, From: subscribe, IPv_Type: ipv6, Location: 美国, ISP: CloudFlare Inc., Date: None, Delay: -1 ms, Speed: 0.00 M/s, Resolution: None
Name: 央视台球, URL: https://epg.pw/stream/ca9c1cd4b97fb824cedd7fedfd0c7a950afdd7f00751cfbb7c2d89831d7746a5.m3u8, From: subscribe, IPv_Type: ipv6, Location: 美国, ISP: CloudFlare Inc., Date: None, Delay: -1 ms, Speed: 0.00 M/s, Resolution: None
Name: 央视台球, URL: http://www.qfly9236.cn:8888/rtp/239.253.93.231:6409, From: subscribe, IPv_Type: ipv6, Location: 中国, ISP: 中国联通, Date: None, Delay: -1 ms, Speed: 0.00 M/s, Resolution: None
Name: 风云音乐, URL: https://hls-gateway.vpstv.net/streams/708858.m3u8, From: subscribe, IPv_Type: ipv6, Location: 美国, ISP: CloudFlare Inc., Date: None, Delay: -1 ms, Speed: 0.00 M/s, Resolution: None
Name: 风云音乐, URL: http://iptv.666230.xyz/iptv/jsyd.php/G_FENGYUNYY-CQ, From: subscribe, IPv_Type: ipv6, Location: 美国, ISP: CloudFlare Inc., Date: None, Delay: -1 ms, Speed: 0.00 M/s, Resolution: None
Name: 风云音乐, URL: http://www.qfly9236.cn:8888/rtp/239.253.92.111:8060, From: subscribe, IPv_Type: ipv6, Location: 中国, ISP: 中国联通, Date: None, Delay: -1 ms, Speed: 0.00 M/s, Resolution: None
Name: 第一剧场, URL: https://epg.pw/stream/6d7bf281e3d739806a73f5373acaa6e01988ec9739f5ac1355ce54b47a928472.m3u8, From: subscribe, IPv_Type: ipv6, Location: 美国, ISP: CloudFlare Inc., Date: None, Delay: -1 ms, Speed: 0.00 M/s, Resolution: None
Name: 第一剧场, URL: https://hls-gateway.vpstv.net/streams/708862.m3u8, From: subscribe, IPv_Type: ipv6, Location: 美国, ISP: CloudFlare Inc., Date: None, Delay: -1 ms, Speed: 0.00 M/s, Resolution: None
Name: 第一剧场, URL: http://tl.061833.xyz/tl/null-6, From: subscribe, IPv_Type: ipv6, Location: 美国, ISP: CloudFlare Inc., Date: None, Delay: -1 ms, Speed: 0.00 M/s, Resolution: None
Name: 第一剧场, URL: https://100.061833.xyz/stream/mytv/null-6/stream.m3u8?uid=2190244325&u=hahayy&p=29624e2e4c4ccee26ed8f3e0ca1012ea57a8f2191be6149f632250f7036119cc, From: subscribe, IPv_Type: ipv6, Location: 美国, ISP: CloudFlare Inc., Date: None, Delay: -1 ms, Speed: 0.00 M/s, Resolution: None
Name: 第一剧场, URL: http://iptv.666230.xyz/iptv/jsyd.php/G_DIYIJC-CQ, From: subscribe, IPv_Type: ipv6, Location: 美国, ISP: CloudFlare Inc., Date: None, Delay: -1 ms, Speed: 0.00 M/s, Resolution: None
Name: 第一剧场, URL: https://t.freetv.fun/live/cctvdi-yi-ju-chang.m3u8, From: subscribe, IPv_Type: ipv6, Location: 美国, ISP: CloudFlare Inc., Date: None, Delay: -1 ms, Speed: 0.00 M/s, Resolution: None
Name: 第一剧场, URL: http://www.qfly9236.cn:8888/rtp/239.253.92.18:6079, From: subscribe, IPv_Type: ipv6, Location: 中国, ISP: 中国联通, Date: None, Delay: -1 ms, Speed: 0.00 M/s, Resolution: None
Name: 风云剧场, URL: https://hls-gateway.vpstv.net/streams/708861.m3u8, From: subscribe, IPv_Type: ipv6, Location: 美国, ISP: CloudFlare Inc., Date: None, Delay: -1 ms, Speed: 0.00 M/s, Resolution: None
Name: 风云剧场, URL: https://mursor.ottiptv.cc/mcp/fyjc.m3u8, From: subscribe, IPv_Type: ipv6, Location: 美国, ISP: Oracle Corporation, Date: None, Delay: -1 ms, Speed: 0.00 M/s, Resolution: None
Name: 风云剧场, URL: http://iptv.666230.xyz/iptv/jsyd.php/G_FENGYUNJC-CQ, From: subscribe, IPv_Type: ipv6, Location: 美国, ISP: CloudFlare Inc., Date: None, Delay: -1 ms, Speed: 0.00 M/s, Resolution: None
Name: 风云剧场, URL: http://www.qfly9236.cn:8888/rtp/239.253.92.22:6073, From: subscribe, IPv_Type: ipv6, Location: 中国, ISP: 中国联通, Date: None, Delay: -1 ms, Speed: 0.00 M/s, Resolution: None
Name: 怀旧剧场, URL: https://cc06.tv12.xyz/52.m3u8, From: subscribe, IPv_Type: ipv6, Location: 美国, ISP: CloudFlare Inc., Date: None, Delay: -1 ms, Speed: 0.00 M/s, Resolution: None
Name: 怀旧剧场, URL: https://hls-gateway.vpstv.net/streams/708853.m3u8, From: subscribe, IPv_Type: ipv6, Location: 美国, ISP: CloudFlare Inc., Date: None, Delay: -1 ms, Speed: 0.00 M/s, Resolution: None
Name: 怀旧剧场, URL: https://mursor.ottiptv.cc/mcp/hjjc.m3u8, From: subscribe, IPv_Type: ipv6, Location: 美国, ISP: Oracle Corporation, Date: None, Delay: -1 ms, Speed: 0.00 M/s, Resolution: None
Name: 怀旧剧场, URL: http://iptv.666230.xyz/iptv/jsyd.php/G_HUAIJIUJC-CQ, From: subscribe, IPv_Type: ipv6, Location: 美国, ISP: CloudFlare Inc., Date: None, Delay: -1 ms, Speed: 0.00 M/s, Resolution: None
Name: 怀旧剧场, URL: http://www.qfly9236.cn:8888/rtp/239.253.92.98:6120, From: subscribe, IPv_Type: ipv6, Location: 中国, ISP: 中国联通, Date: None, Delay: -1 ms, Speed: 0.00 M/s, Resolution: None
Name: 怀旧剧场, URL: http://171.83.103.119:9999/rtp/239.69.1.89:10174, From: subscribe, IPv_Type: ipv4, Location: 中国-湖北-武汉, ISP: 电信, Date: None, Delay: 507 ms, Speed: 0.01 M/s, Resolution: 1920x1080
Name: 女性时尚, URL: https://cc06.tv12.xyz/95.m3u8, From: subscribe, IPv_Type: ipv6, Location: 美国, ISP: CloudFlare Inc., Date: None, Delay: -1 ms, Speed: 0.00 M/s, Resolution: None
Name: 女性时尚, URL: http://iptv.666230.xyz/iptv/jsyd.php/G_NVXINGSS-CQ, From: subscribe, IPv_Type: ipv6, Location: 美国, ISP: CloudFlare Inc., Date: None, Delay: -1 ms, Speed: 0.00 M/s, Resolution: None
Name: 女性时尚, URL: http://www.qfly9236.cn:8888/rtp/239.253.92.249:6103, From: subscribe, IPv_Type: ipv6, Location: 中国, ISP: 中国联通, Date: None, Delay: -1 ms, Speed: 0.00 M/s, Resolution: None
Name: 高尔夫网球, URL: https://hls-gateway.vpstv.net/streams/708857.m3u8, From: subscribe, IPv_Type: ipv6, Location: 美国, ISP: CloudFlare Inc., Date: None, Delay: -1 ms, Speed: 0.00 M/s, Resolution: None
Name: 高尔夫网球, URL: http://iptv.666230.xyz/iptv/jsyd.php/G_CCTV-GOLF-CQ, From: subscribe, IPv_Type: ipv6, Location: 美国, ISP: CloudFlare Inc., Date: None, Delay: -1 ms, Speed: 0.00 M/s, Resolution: None
Name: 高尔夫网球, URL: http://www.qfly9236.cn:8888/rtp/239.253.92.117:8062, From: subscribe, IPv_Type: ipv6, Location: 中国, ISP: 中国联通, Date: None, Delay: -1 ms, Speed: 0.00 M/s, Resolution: None
Name: 风云足球, URL: https://epg.pw/stream/6d7bf281e3d739806a73f5373acaa6e01988ec9739f5ac1355ce54b47a928472.m3u8, From: subscribe, IPv_Type: ipv6, Location: 美国, ISP: CloudFlare Inc., Date: None, Delay: 0.1 ms, Speed: inf M/s, Resolution: 1920x1080
Name: 风云足球, URL: https://epg.pw/stream/ac8062ec9484078061d3bef507c15a423ac57ae4144e3fcc4b0a198dd420f911.m3u8, From: subscribe, IPv_Type: ipv6, Location: 美国, ISP: CloudFlare Inc., Date: None, Delay: 0.1 ms, Speed: inf M/s, Resolution: 1920x1080
Name: 风云足球, URL: http://[2409:8087:7001:20:2::3]/dbiptv.sn.chinamobile.com/PLTV/88888893/224/3221226984/index.m3u8, From: subscribe, IPv_Type: ipv6, Location: 中国, ISP: 中国移动, Date: None, Delay: 0.1 ms, Speed: inf M/s, Resolution: 1920x1080
Name: 风云足球, URL: https://live.goodiptv.club/api/yqgd.php?id=fyzq, From: subscribe, IPv_Type: ipv6, Location: 美国, ISP: CloudFlare Inc., Date: None, Delay: 0.1 ms, Speed: inf M/s, Resolution: 1920x1080
Name: 风云足球, URL: https://hls-gateway.vpstv.net/streams/708859.m3u8, From: subscribe, IPv_Type: ipv6, Location: 美国, ISP: CloudFlare Inc., Date: None, Delay: -1 ms, Speed: 0.00 M/s, Resolution: None
Name: 风云足球, URL: https://cc06.tv12.xyz/41.m3u8, From: subscribe, IPv_Type: ipv6, Location: 美国, ISP: CloudFlare Inc., Date: None, Delay: -1 ms, Speed: 0.00 M/s, Resolution: None
Name: 风云足球, URL: http://www.qfly9236.cn:8888/rtp/239.253.92.110:8061, From: subscribe, IPv_Type: ipv6, Location: 中国, ISP: 中国联通, Date: None, Delay: -1 ms, Speed: 0.00 M/s, Resolution: None
Name: 电视指南, URL: https://cc06.tv12.xyz/39.m3u8, From: subscribe, IPv_Type: ipv6, Location: 美国, ISP: CloudFlare Inc., Date: None, Delay: -1 ms, Speed: 0.00 M/s, Resolution: None
Name: 电视指南, URL: http://iptv.666230.xyz/iptv/jsyd.php/G_DIANSHIZN-CQ, From: subscribe, IPv_Type: ipv6, Location: 美国, ISP: CloudFlare Inc., Date: None, Delay: -1 ms, Speed: 0.00 M/s, Resolution: None
Name: 电视指南, URL: http://171.83.103.119:9999/rtp/239.69.1.87:10162, From: subscribe, IPv_Type: ipv4, Location: 中国-湖北-武汉, ISP: 电信, Date: None, Delay: 506 ms, Speed: 0.07 M/s, Resolution: 1920x1080
Name: 世界地理, URL: http://[2409:8087:7001:20:2::3]/dbiptv.sn.chinamobile.com/PLTV/88888893/224/3221226947/index.m3u8, From: subscribe, IPv_Type: ipv6, Location: 中国, ISP: 中国移动, Date: None, Delay: 0.1 ms, Speed: inf M/s, Resolution: 1920x1080
Name: 世界地理, URL: https://cc06.tv12.xyz/104.m3u8, From: subscribe, IPv_Type: ipv6, Location: 美国, ISP: CloudFlare Inc., Date: None, Delay: -1 ms, Speed: 0.00 M/s, Resolution: None
Name: 世界地理, URL: http://www.qfly9236.cn:8888/rtp/239.253.92.113:8066, From: subscribe, IPv_Type: ipv6, Location: 中国, ISP: 中国联通, Date: None, Delay: -1 ms, Speed: 0.00 M/s, Resolution: None
Name: 兵器科技, URL: https://hls-gateway.vpstv.net/streams/708856.m3u8, From: subscribe, IPv_Type: ipv6, Location: 美国, ISP: CloudFlare Inc., Date: None, Delay: -1 ms, Speed: 0.00 M/s, Resolution: None
Name: 兵器科技, URL: http://iptv.666230.xyz/iptv/jsyd.php/G_BINGQIKJ-CQ, From: subscribe, IPv_Type: ipv6, Location: 美国, ISP: CloudFlare Inc., Date: None, Delay: -1 ms, Speed: 0.00 M/s, Resolution: None
